session_id,type,technique_id,technique_name,atomic_test_numbers,window_start,window_end,ruleset_phase,operator_context,defender_realtime_off,notes
20260806-041611-attack,attack,T1087.001,Local Account Discovery,8;9;10,2026-08-06 04:16:11,2026-08-06 04:16:31,custom,atomic-red-team,unverified,"SUPERSEDED - DO NOT USE. Blue's clock was ~4h09m behind true UTC (chrony detected 14960s error and never stepped it), so alerts carry unusable timestamps. Tail also contaminated by unbracketed benign commands at approx 04:16:35."
20260806-042006-benign,benign,T1087.001,Local Account Discovery,,2026-08-06 04:20:06,2026-08-06 04:20:17,custom,interactive-admin,unverified,SUPERSEDED - DO NOT USE. Same Blue clock fault as the 04:16:11 attack run. Window itself was correctly bracketed and gapped.
20260806-043326-attack,attack,T1087.001,Local Account Discovery,8;9;10,2026-08-06 04:33:26,2026-08-06 04:33:52,custom,atomic-red-team,unverified,"SUPERSEDED by the 09:51-10:11 pair. Reasons: the attack class had only 1 window against the benign class's 5, so counts were not comparable; and the benign windows were captured with Defender real-time protection ON (class-correlated confound) using the round-1 mirror, which invoked `& cmd.exe /c` and so recorded the resolved full path rather than ART's bare-name form. Retained as the record of those faults, not for analysis."
20260806-043827-benign,benign,T1087.001,Local Account Discovery,,2026-08-06 04:38:27,2026-08-06 04:38:34,custom,interactive-admin,unverified,"SUPERSEDED - MIRROR LACKED cmd.exe LINEAGE. Ran the mirror commands directly from powershell.exe, while ART executes command_prompt tests as cmd.exe /c. Rules 92032 and 92052 both key on cmd.exe lineage (92032: parentImage=cmd.EXE + parentCommandLine containing ' /C '; 92052: originalFileName=cmd.EXE with non-explorer/cmd parent), so the classes were separable on the harness wrapper alone rather than on behaviour. Measured effect: T1082 146 attack alerts vs 1 benign, and that one was rule 60702 VSS idle timeout, unrelated. Attack parents were 75 cmd.exe / 70 powershell.exe; benign had zero cmd.exe. Mirrors fixed to route native CLI through cmd.exe /c; re-run supersedes this."
20260806-055148-benign-r1,benign,T1082,System Information Discovery,,2026-08-06 05:51:48,2026-08-06 05:51:57,baseline,interactive-admin,TRUE,"SUPERSEDED - NO TELEMETRY BEHIND THIS WINDOW. The endpoint agent lost its key during the 05:01 snapshot/reboot cycle and sat in an enrollment loop until 06:38 (wazuh-authd repeatedly rejecting 'Duplicate name win-endpoint, Agent cannot be replaced since it is not disconnected'). alerts.log and alerts.json both stop dead at 05:01, so no events exist for this window. agent_control reported 'Active' throughout because that reflects keepalives only, not event delivery. Recovery briefly re-enrolled the agent as DESKTOP-2VJPE09 rather than win-endpoint, which would have failed the labelling rule silently. Pipeline proven end to end at 06:39:54 (rule 100200, agent win-endpoint, agent ID now 005). Re-detonated after that."
20260806-055649-attack-r1,attack,T1082,System Information Discovery,1;7;9;11;27;28;29;30;34;35;36;37;38;39;40,2026-08-06 05:56:49,2026-08-06 05:59:03,baseline,atomic-red-team,TRUE,"SUPERSEDED - NO TELEMETRY BEHIND THIS WINDOW. The endpoint agent lost its key during the 05:01 snapshot/reboot cycle and sat in an enrollment loop until 06:38 (wazuh-authd repeatedly rejecting 'Duplicate name win-endpoint, Agent cannot be replaced since it is not disconnected'). alerts.log and alerts.json both stop dead at 05:01, so no events exist for this window. agent_control reported 'Active' throughout because that reflects keepalives only, not event delivery. Recovery briefly re-enrolled the agent as DESKTOP-2VJPE09 rather than win-endpoint, which would have failed the labelling rule silently. Pipeline proven end to end at 06:39:54 (rule 100200, agent win-endpoint, agent ID now 005). Re-detonated after that."
20260806-060600-attack-r1,attack,T1082,System Information Discovery,1;7;9;11;27;29;30;34;35;36;37;38;39;40,2026-08-06 06:06:00,2026-08-06 06:06:35,baseline,atomic-red-team,TRUE,"SUPERSEDED - NO TELEMETRY BEHIND THIS WINDOW. The endpoint agent lost its key during the 05:01 snapshot/reboot cycle and sat in an enrollment loop until 06:38 (wazuh-authd repeatedly rejecting 'Duplicate name win-endpoint, Agent cannot be replaced since it is not disconnected'). alerts.log and alerts.json both stop dead at 05:01, so no events exist for this window. agent_control reported 'Active' throughout because that reflects keepalives only, not event delivery. Recovery briefly re-enrolled the agent as DESKTOP-2VJPE09 rather than win-endpoint, which would have failed the labelling rule silently. Pipeline proven end to end at 06:39:54 (rule 100200, agent win-endpoint, agent ID now 005). Re-detonated after that."
20260806-060722-attack-r2,attack,T1082,System Information Discovery,1;7;9;11;27;29;30;34;35;36;37;38;39;40,2026-08-06 06:07:22,2026-08-06 06:07:42,baseline,atomic-red-team,TRUE,"SUPERSEDED - NO TELEMETRY BEHIND THIS WINDOW. The endpoint agent lost its key during the 05:01 snapshot/reboot cycle and sat in an enrollment loop until 06:38 (wazuh-authd repeatedly rejecting 'Duplicate name win-endpoint, Agent cannot be replaced since it is not disconnected'). alerts.log and alerts.json both stop dead at 05:01, so no events exist for this window. agent_control reported 'Active' throughout because that reflects keepalives only, not event delivery. Recovery briefly re-enrolled the agent as DESKTOP-2VJPE09 rather than win-endpoint, which would have failed the labelling rule silently. Pipeline proven end to end at 06:39:54 (rule 100200, agent win-endpoint, agent ID now 005). Re-detonated after that."
20260806-061020-attack-r3,attack,T1082,System Information Discovery,1;7;9;11;27;29;30;34;35;36;37;38;39;40,2026-08-06 06:10:20,2026-08-06 06:10:38,baseline,atomic-red-team,TRUE,"SUPERSEDED - NO TELEMETRY BEHIND THIS WINDOW. The endpoint agent lost its key during the 05:01 snapshot/reboot cycle and sat in an enrollment loop until 06:38 (wazuh-authd repeatedly rejecting 'Duplicate name win-endpoint, Agent cannot be replaced since it is not disconnected'). alerts.log and alerts.json both stop dead at 05:01, so no events exist for this window. agent_control reported 'Active' throughout because that reflects keepalives only, not event delivery. Recovery briefly re-enrolled the agent as DESKTOP-2VJPE09 rather than win-endpoint, which would have failed the labelling rule silently. Pipeline proven end to end at 06:39:54 (rule 100200, agent win-endpoint, agent ID now 005). Re-detonated after that."
20260806-061143-attack-r4,attack,T1082,System Information Discovery,1;7;9;11;27;29;30;34;35;36;37;38;39;40,2026-08-06 06:11:43,2026-08-06 06:11:54,baseline,atomic-red-team,TRUE,"SUPERSEDED - NO TELEMETRY BEHIND THIS WINDOW. The endpoint agent lost its key during the 05:01 snapshot/reboot cycle and sat in an enrollment loop until 06:38 (wazuh-authd repeatedly rejecting 'Duplicate name win-endpoint, Agent cannot be replaced since it is not disconnected'). alerts.log and alerts.json both stop dead at 05:01, so no events exist for this window. agent_control reported 'Active' throughout because that reflects keepalives only, not event delivery. Recovery briefly re-enrolled the agent as DESKTOP-2VJPE09 rather than win-endpoint, which would have failed the labelling rule silently. Pipeline proven end to end at 06:39:54 (rule 100200, agent win-endpoint, agent ID now 005). Re-detonated after that."
20260806-061240-attack-r5,attack,T1082,System Information Discovery,1;7;9;11;27;29;30;34;35;36;37;38;39;40,2026-08-06 06:12:40,2026-08-06 06:12:50,baseline,atomic-red-team,TRUE,"SUPERSEDED - NO TELEMETRY BEHIND THIS WINDOW. The endpoint agent lost its key during the 05:01 snapshot/reboot cycle and sat in an enrollment loop until 06:38 (wazuh-authd repeatedly rejecting 'Duplicate name win-endpoint, Agent cannot be replaced since it is not disconnected'). alerts.log and alerts.json both stop dead at 05:01, so no events exist for this window. agent_control reported 'Active' throughout because that reflects keepalives only, not event delivery. Recovery briefly re-enrolled the agent as DESKTOP-2VJPE09 rather than win-endpoint, which would have failed the labelling rule silently. Pipeline proven end to end at 06:39:54 (rule 100200, agent win-endpoint, agent ID now 005). Re-detonated after that."
20260806-061818-benign-r1,benign,T1082,System Information Discovery,,2026-08-06 06:18:18,2026-08-06 06:18:39,baseline,interactive-admin,TRUE,"SUPERSEDED - NO TELEMETRY BEHIND THIS WINDOW. The endpoint agent lost its key during the 05:01 snapshot/reboot cycle and sat in an enrollment loop until 06:38 (wazuh-authd repeatedly rejecting 'Duplicate name win-endpoint, Agent cannot be replaced since it is not disconnected'). alerts.log and alerts.json both stop dead at 05:01, so no events exist for this window. agent_control reported 'Active' throughout because that reflects keepalives only, not event delivery. Recovery briefly re-enrolled the agent as DESKTOP-2VJPE09 rather than win-endpoint, which would have failed the labelling rule silently. Pipeline proven end to end at 06:39:54 (rule 100200, agent win-endpoint, agent ID now 005). Re-detonated after that."
20260806-061959-benign-r2,benign,T1082,System Information Discovery,,2026-08-06 06:19:59,2026-08-06 06:20:23,baseline,interactive-admin,TRUE,"SUPERSEDED - NO TELEMETRY BEHIND THIS WINDOW. The endpoint agent lost its key during the 05:01 snapshot/reboot cycle and sat in an enrollment loop until 06:38 (wazuh-authd repeatedly rejecting 'Duplicate name win-endpoint, Agent cannot be replaced since it is not disconnected'). alerts.log and alerts.json both stop dead at 05:01, so no events exist for this window. agent_control reported 'Active' throughout because that reflects keepalives only, not event delivery. Recovery briefly re-enrolled the agent as DESKTOP-2VJPE09 rather than win-endpoint, which would have failed the labelling rule silently. Pipeline proven end to end at 06:39:54 (rule 100200, agent win-endpoint, agent ID now 005). Re-detonated after that."
20260806-062155-benign-r3,benign,T1082,System Information Discovery,,2026-08-06 06:21:55,2026-08-06 06:22:06,baseline,interactive-admin,TRUE,"SUPERSEDED - NO TELEMETRY BEHIND THIS WINDOW. The endpoint agent lost its key during the 05:01 snapshot/reboot cycle and sat in an enrollment loop until 06:38 (wazuh-authd repeatedly rejecting 'Duplicate name win-endpoint, Agent cannot be replaced since it is not disconnected'). alerts.log and alerts.json both stop dead at 05:01, so no events exist for this window. agent_control reported 'Active' throughout because that reflects keepalives only, not event delivery. Recovery briefly re-enrolled the agent as DESKTOP-2VJPE09 rather than win-endpoint, which would have failed the labelling rule silently. Pipeline proven end to end at 06:39:54 (rule 100200, agent win-endpoint, agent ID now 005). Re-detonated after that."
20260806-062254-benign-r4,benign,T1082,System Information Discovery,,2026-08-06 06:22:54,2026-08-06 06:23:03,baseline,interactive-admin,TRUE,"SUPERSEDED - NO TELEMETRY BEHIND THIS WINDOW. The endpoint agent lost its key during the 05:01 snapshot/reboot cycle and sat in an enrollment loop until 06:38 (wazuh-authd repeatedly rejecting 'Duplicate name win-endpoint, Agent cannot be replaced since it is not disconnected'). alerts.log and alerts.json both stop dead at 05:01, so no events exist for this window. agent_control reported 'Active' throughout because that reflects keepalives only, not event delivery. Recovery briefly re-enrolled the agent as DESKTOP-2VJPE09 rather than win-endpoint, which would have failed the labelling rule silently. Pipeline proven end to end at 06:39:54 (rule 100200, agent win-endpoint, agent ID now 005). Re-detonated after that."
20260806-062423-benign-r5,benign,T1082,System Information Discovery,,2026-08-06 06:24:23,2026-08-06 06:24:47,baseline,interactive-admin,TRUE,"SUPERSEDED - NO TELEMETRY BEHIND THIS WINDOW. The endpoint agent lost its key during the 05:01 snapshot/reboot cycle and sat in an enrollment loop until 06:38 (wazuh-authd repeatedly rejecting 'Duplicate name win-endpoint, Agent cannot be replaced since it is not disconnected'). alerts.log and alerts.json both stop dead at 05:01, so no events exist for this window. agent_control reported 'Active' throughout because that reflects keepalives only, not event delivery. Recovery briefly re-enrolled the agent as DESKTOP-2VJPE09 rather than win-endpoint, which would have failed the labelling rule silently. Pipeline proven end to end at 06:39:54 (rule 100200, agent win-endpoint, agent ID now 005). Re-detonated after that."
20260806-064344-attack-r1,attack,T1082,System Information Discovery,1;7;9;11;27;29;30;34;35;36;37;38;39;40,2026-08-06 06:43:44,2026-08-06 06:45:58,baseline,atomic-red-team,TRUE,"CLEAN - first fully valid T1082 attack window. Clock synced both hosts, agent 005 win-endpoint Active, pipeline proven end to end at 06:39:54. Test 28 excluded. Duration 2m14s here vs 10-63s for r2-r5: WMI latency under host memory pressure (endpoint has 3GB RAM, ~1GB free), NOT a hung test - record as a limitation on window-duration variance."
20260806-064706-attack-r2,attack,T1082,System Information Discovery,1;7;9;11;27;29;30;34;35;36;37;38;39;40,2026-08-06 06:47:06,2026-08-06 06:47:16,baseline,atomic-red-team,TRUE,CLEAN.
20260806-064816-attack-r3,attack,T1082,System Information Discovery,1;7;9;11;27;29;30;34;35;36;37;38;39;40,2026-08-06 06:48:16,2026-08-06 06:49:19,baseline,atomic-red-team,TRUE,CLEAN. 63s - WMI latency again.
20260806-065039-attack-r4,attack,T1082,System Information Discovery,1;7;9;11;27;29;30;34;35;36;37;38;39;40,2026-08-06 06:50:39,2026-08-06 06:50:50,baseline,atomic-red-team,TRUE,CLEAN.
20260806-065244-attack-r5,attack,T1082,System Information Discovery,1;7;9;11;27;29;30;34;35;36;37;38;39;40,2026-08-06 06:52:44,2026-08-06 06:52:58,baseline,atomic-red-team,TRUE,CLEAN.
20260806-065514-benign-r1,benign,T1082,System Information Discovery,,2026-08-06 06:55:14,2026-08-06 06:55:39,baseline,interactive-admin,TRUE,"SUPERSEDED - MIRROR LACKED cmd.exe LINEAGE. Ran the mirror commands directly from powershell.exe, while ART executes command_prompt tests as cmd.exe /c. Rules 92032 and 92052 both key on cmd.exe lineage (92032: parentImage=cmd.EXE + parentCommandLine containing ' /C '; 92052: originalFileName=cmd.EXE with non-explorer/cmd parent), so the classes were separable on the harness wrapper alone rather than on behaviour. Measured effect: T1082 146 attack alerts vs 1 benign, and that one was rule 60702 VSS idle timeout, unrelated. Attack parents were 75 cmd.exe / 70 powershell.exe; benign had zero cmd.exe. Mirrors fixed to route native CLI through cmd.exe /c; re-run supersedes this."
20260806-065653-benign-r2,benign,T1082,System Information Discovery,,2026-08-06 06:56:53,2026-08-06 06:57:04,baseline,interactive-admin,TRUE,"SUPERSEDED - MIRROR LACKED cmd.exe LINEAGE. Ran the mirror commands directly from powershell.exe, while ART executes command_prompt tests as cmd.exe /c. Rules 92032 and 92052 both key on cmd.exe lineage (92032: parentImage=cmd.EXE + parentCommandLine containing ' /C '; 92052: originalFileName=cmd.EXE with non-explorer/cmd parent), so the classes were separable on the harness wrapper alone rather than on behaviour. Measured effect: T1082 146 attack alerts vs 1 benign, and that one was rule 60702 VSS idle timeout, unrelated. Attack parents were 75 cmd.exe / 70 powershell.exe; benign had zero cmd.exe. Mirrors fixed to route native CLI through cmd.exe /c; re-run supersedes this."
20260806-065838-benign-r3,benign,T1082,System Information Discovery,,2026-08-06 06:58:38,2026-08-06 06:58:57,baseline,interactive-admin,TRUE,"SUPERSEDED - MIRROR LACKED cmd.exe LINEAGE. Ran the mirror commands directly from powershell.exe, while ART executes command_prompt tests as cmd.exe /c. Rules 92032 and 92052 both key on cmd.exe lineage (92032: parentImage=cmd.EXE + parentCommandLine containing ' /C '; 92052: originalFileName=cmd.EXE with non-explorer/cmd parent), so the classes were separable on the harness wrapper alone rather than on behaviour. Measured effect: T1082 146 attack alerts vs 1 benign, and that one was rule 60702 VSS idle timeout, unrelated. Attack parents were 75 cmd.exe / 70 powershell.exe; benign had zero cmd.exe. Mirrors fixed to route native CLI through cmd.exe /c; re-run supersedes this."
20260806-070017-benign-r4,benign,T1082,System Information Discovery,,2026-08-06 07:00:17,2026-08-06 07:00:39,baseline,interactive-admin,TRUE,"SUPERSEDED - MIRROR LACKED cmd.exe LINEAGE. Ran the mirror commands directly from powershell.exe, while ART executes command_prompt tests as cmd.exe /c. Rules 92032 and 92052 both key on cmd.exe lineage (92032: parentImage=cmd.EXE + parentCommandLine containing ' /C '; 92052: originalFileName=cmd.EXE with non-explorer/cmd parent), so the classes were separable on the harness wrapper alone rather than on behaviour. Measured effect: T1082 146 attack alerts vs 1 benign, and that one was rule 60702 VSS idle timeout, unrelated. Attack parents were 75 cmd.exe / 70 powershell.exe; benign had zero cmd.exe. Mirrors fixed to route native CLI through cmd.exe /c; re-run supersedes this."
20260806-070146-benign-r5,benign,T1082,System Information Discovery,,2026-08-06 07:12:24,2026-08-06 07:12:48,baseline,interactive-admin,TRUE,"SUPERSEDED - MIRROR LACKED cmd.exe LINEAGE. Ran the mirror commands directly from powershell.exe, while ART executes command_prompt tests as cmd.exe /c. Rules 92032 and 92052 both key on cmd.exe lineage (92032: parentImage=cmd.EXE + parentCommandLine containing ' /C '; 92052: originalFileName=cmd.EXE with non-explorer/cmd parent), so the classes were separable on the harness wrapper alone rather than on behaviour. Measured effect: T1082 146 attack alerts vs 1 benign, and that one was rule 60702 VSS idle timeout, unrelated. Attack parents were 75 cmd.exe / 70 powershell.exe; benign had zero cmd.exe. Mirrors fixed to route native CLI through cmd.exe /c; re-run supersedes this."
20260806-074607-benign-r1,benign,T1082,System Information Discovery,,2026-08-06 07:46:07,2026-08-06 07:46:35,baseline,interactive-admin,False,"SUPERSEDED - TWO CONFOUNDS. (1) defender_realtime_off=False: Defender re-enabled itself on the VM reboot, so the environment differed from the paired attack windows which had it off. (2) Mirror used `& cmd.exe /c` which resolves the full path, recording ""C:\Windows\system32\cmd.exe"" /c ... and firing rule 92004, while ART records ""cmd.exe"" /c ... and fires 92052 - 25 vs 67 with zero overlap, so rule ID alone still separated the classes. Superseded by the 08:17-08:24 run using Start-Process with a bare FilePath and & -chained commands."
20260806-074818-benign-r2,benign,T1082,System Information Discovery,,2026-08-06 07:48:18,2026-08-06 07:49:01,baseline,interactive-admin,False,"SUPERSEDED - TWO CONFOUNDS. (1) defender_realtime_off=False: Defender re-enabled itself on the VM reboot, so the environment differed from the paired attack windows which had it off. (2) Mirror used `& cmd.exe /c` which resolves the full path, recording ""C:\Windows\system32\cmd.exe"" /c ... and firing rule 92004, while ART records ""cmd.exe"" /c ... and fires 92052 - 25 vs 67 with zero overlap, so rule ID alone still separated the classes. Superseded by the 08:17-08:24 run using Start-Process with a bare FilePath and & -chained commands."
20260806-075036-benign-r3,benign,T1082,System Information Discovery,,2026-08-06 07:50:36,2026-08-06 07:51:01,baseline,interactive-admin,False,"SUPERSEDED - TWO CONFOUNDS. (1) defender_realtime_off=False: Defender re-enabled itself on the VM reboot, so the environment differed from the paired attack windows which had it off. (2) Mirror used `& cmd.exe /c` which resolves the full path, recording ""C:\Windows\system32\cmd.exe"" /c ... and firing rule 92004, while ART records ""cmd.exe"" /c ... and fires 92052 - 25 vs 67 with zero overlap, so rule ID alone still separated the classes. Superseded by the 08:17-08:24 run using Start-Process with a bare FilePath and & -chained commands."
20260806-075322-benign-r4,benign,T1082,System Information Discovery,,2026-08-06 07:53:22,2026-08-06 07:54:10,baseline,interactive-admin,False,"SUPERSEDED - TWO CONFOUNDS. (1) defender_realtime_off=False: Defender re-enabled itself on the VM reboot, so the environment differed from the paired attack windows which had it off. (2) Mirror used `& cmd.exe /c` which resolves the full path, recording ""C:\Windows\system32\cmd.exe"" /c ... and firing rule 92004, while ART records ""cmd.exe"" /c ... and fires 92052 - 25 vs 67 with zero overlap, so rule ID alone still separated the classes. Superseded by the 08:17-08:24 run using Start-Process with a bare FilePath and & -chained commands."
20260806-075709-benign-r5,benign,T1082,System Information Discovery,,2026-08-06 07:57:10,2026-08-06 07:58:34,baseline,interactive-admin,False,"SUPERSEDED - TWO CONFOUNDS. (1) defender_realtime_off=False: Defender re-enabled itself on the VM reboot, so the environment differed from the paired attack windows which had it off. (2) Mirror used `& cmd.exe /c` which resolves the full path, recording ""C:\Windows\system32\cmd.exe"" /c ... and firing rule 92004, while ART records ""cmd.exe"" /c ... and fires 92052 - 25 vs 67 with zero overlap, so rule ID alone still separated the classes. Superseded by the 08:17-08:24 run using Start-Process with a bare FilePath and & -chained commands."
20260806-080048-benign-r1,benign,T1087.001,Local Account Discovery,,2026-08-06 08:00:48,2026-08-06 08:00:59,custom,interactive-admin,False,"SUPERSEDED by the 09:51-10:11 pair. Reasons: the attack class had only 1 window against the benign class's 5, so counts were not comparable; and the benign windows were captured with Defender real-time protection ON (class-correlated confound) using the round-1 mirror, which invoked `& cmd.exe /c` and so recorded the resolved full path rather than ART's bare-name form. Retained as the record of those faults, not for analysis."
20260806-080359-benign-r2,benign,T1087.001,Local Account Discovery,,2026-08-06 08:03:59,2026-08-06 08:04:10,custom,interactive-admin,False,"SUPERSEDED by the 09:51-10:11 pair. Reasons: the attack class had only 1 window against the benign class's 5, so counts were not comparable; and the benign windows were captured with Defender real-time protection ON (class-correlated confound) using the round-1 mirror, which invoked `& cmd.exe /c` and so recorded the resolved full path rather than ART's bare-name form. Retained as the record of those faults, not for analysis."
20260806-080614-benign-r3,benign,T1087.001,Local Account Discovery,,2026-08-06 08:06:14,2026-08-06 08:06:25,custom,interactive-admin,False,"SUPERSEDED by the 09:51-10:11 pair. Reasons: the attack class had only 1 window against the benign class's 5, so counts were not comparable; and the benign windows were captured with Defender real-time protection ON (class-correlated confound) using the round-1 mirror, which invoked `& cmd.exe /c` and so recorded the resolved full path rather than ART's bare-name form. Retained as the record of those faults, not for analysis."
20260806-080802-benign-r4,benign,T1087.001,Local Account Discovery,,2026-08-06 08:08:02,2026-08-06 08:08:08,custom,interactive-admin,False,"SUPERSEDED by the 09:51-10:11 pair. Reasons: the attack class had only 1 window against the benign class's 5, so counts were not comparable; and the benign windows were captured with Defender real-time protection ON (class-correlated confound) using the round-1 mirror, which invoked `& cmd.exe /c` and so recorded the resolved full path rather than ART's bare-name form. Retained as the record of those faults, not for analysis."
20260806-080944-benign-r5,benign,T1087.001,Local Account Discovery,,2026-08-06 08:09:44,2026-08-06 08:09:54,custom,interactive-admin,False,"SUPERSEDED by the 09:51-10:11 pair. Reasons: the attack class had only 1 window against the benign class's 5, so counts were not comparable; and the benign windows were captured with Defender real-time protection ON (class-correlated confound) using the round-1 mirror, which invoked `& cmd.exe /c` and so recorded the resolved full path rather than ART's bare-name form. Retained as the record of those faults, not for analysis."
20260806-081744-benign-r1,benign,T1082,System Information Discovery,,2026-08-06 08:17:44,2026-08-06 08:18:07,baseline,interactive-admin,True,"Round 2 of the harness-fingerprint fix: Invoke-ViaCmd now uses Start-Process -FilePath 'cmd.exe' (bare name, reproducing ART's ""cmd.exe"" /c ... command-line form) with commands chained by & inside one cmd.exe, matching how the atomics are written. Defender confirmed OFF (defender_realtime_off=True), so the environment now matches the paired attack windows. VERIFY: benign should fire 92052 rather than 92004, and recorded commandLine strings should share the attack class's path form."
20260806-081908-benign-r2,benign,T1082,System Information Discovery,,2026-08-06 08:19:08,2026-08-06 08:19:16,baseline,interactive-admin,True,"Round 2 of the harness-fingerprint fix: Invoke-ViaCmd now uses Start-Process -FilePath 'cmd.exe' (bare name, reproducing ART's ""cmd.exe"" /c ... command-line form) with commands chained by & inside one cmd.exe, matching how the atomics are written. Defender confirmed OFF (defender_realtime_off=True), so the environment now matches the paired attack windows. VERIFY: benign should fire 92052 rather than 92004, and recorded commandLine strings should share the attack class's path form."
20260806-082104-benign-r3,benign,T1082,System Information Discovery,,2026-08-06 08:21:04,2026-08-06 08:21:27,baseline,interactive-admin,True,"Round 2 of the harness-fingerprint fix: Invoke-ViaCmd now uses Start-Process -FilePath 'cmd.exe' (bare name, reproducing ART's ""cmd.exe"" /c ... command-line form) with commands chained by & inside one cmd.exe, matching how the atomics are written. Defender confirmed OFF (defender_realtime_off=True), so the environment now matches the paired attack windows. VERIFY: benign should fire 92052 rather than 92004, and recorded commandLine strings should share the attack class's path form."
20260806-082254-benign-r4,benign,T1082,System Information Discovery,,2026-08-06 08:22:54,2026-08-06 08:23:09,baseline,interactive-admin,True,"Round 2 of the harness-fingerprint fix: Invoke-ViaCmd now uses Start-Process -FilePath 'cmd.exe' (bare name, reproducing ART's ""cmd.exe"" /c ... command-line form) with commands chained by & inside one cmd.exe, matching how the atomics are written. Defender confirmed OFF (defender_realtime_off=True), so the environment now matches the paired attack windows. VERIFY: benign should fire 92052 rather than 92004, and recorded commandLine strings should share the attack class's path form."
20260806-082433-benign-r5,benign,T1082,System Information Discovery,,2026-08-06 08:24:33,2026-08-06 08:24:41,baseline,interactive-admin,True,"Round 2 of the harness-fingerprint fix: Invoke-ViaCmd now uses Start-Process -FilePath 'cmd.exe' (bare name, reproducing ART's ""cmd.exe"" /c ... command-line form) with commands chained by & inside one cmd.exe, matching how the atomics are written. Defender confirmed OFF (defender_realtime_off=True), so the environment now matches the paired attack windows. VERIFY: benign should fire 92052 rather than 92004, and recorded commandLine strings should share the attack class's path form."
20260806-091713-attack-r1,attack,T1082,System Information Discovery,1;7;9;11;27;29;30;34;35;36;37;38;39;40,2026-08-06 09:17:13,2026-08-06 09:18:15,custom,atomic-red-team,True,"Captured AFTER custom rules 100230-100233 were deployed and verified firing (all four confirmed by smoke test, wazuh-analysisd -t clean). Defender OFF. Mirror uses cmd.exe /c with &-chained commands plus a child powershell.exe for cmdlets, matching ART's process lineage. This is the 'detected after' measurement; the 06:43-08:24 windows are the default-only baseline."
20260806-091909-attack-r2,attack,T1082,System Information Discovery,1;7;9;11;27;29;30;34;35;36;37;38;39;40,2026-08-06 09:19:09,2026-08-06 09:20:09,custom,atomic-red-team,True,"Captured AFTER custom rules 100230-100233 were deployed and verified firing (all four confirmed by smoke test, wazuh-analysisd -t clean). Defender OFF. Mirror uses cmd.exe /c with &-chained commands plus a child powershell.exe for cmdlets, matching ART's process lineage. This is the 'detected after' measurement; the 06:43-08:24 windows are the default-only baseline."
20260806-092238-attack-r3,attack,T1082,System Information Discovery,1;7;9;11;27;29;30;34;35;36;37;38;39;40,2026-08-06 09:22:38,2026-08-06 09:23:29,custom,atomic-red-team,True,"Captured AFTER custom rules 100230-100233 were deployed and verified firing (all four confirmed by smoke test, wazuh-analysisd -t clean). Defender OFF. Mirror uses cmd.exe /c with &-chained commands plus a child powershell.exe for cmdlets, matching ART's process lineage. This is the 'detected after' measurement; the 06:43-08:24 windows are the default-only baseline."
20260806-092426-attack-r4,attack,T1082,System Information Discovery,1;7;9;11;27;29;30;34;35;36;37;38;39;40,2026-08-06 09:24:26,2026-08-06 09:28:15,custom,atomic-red-team,True,"Captured AFTER custom rules 100230-100233 were deployed and verified firing (all four confirmed by smoke test, wazuh-analysisd -t clean). Defender OFF. Mirror uses cmd.exe /c with &-chained commands plus a child powershell.exe for cmdlets, matching ART's process lineage. This is the 'detected after' measurement; the 06:43-08:24 windows are the default-only baseline."
20260806-092955-attack-r5,attack,T1082,System Information Discovery,1;7;9;11;27;29;30;34;35;36;37;38;39;40,2026-08-06 09:29:55,2026-08-06 09:30:13,custom,atomic-red-team,True,"Captured AFTER custom rules 100230-100233 were deployed and verified firing (all four confirmed by smoke test, wazuh-analysisd -t clean). Defender OFF. Mirror uses cmd.exe /c with &-chained commands plus a child powershell.exe for cmdlets, matching ART's process lineage. This is the 'detected after' measurement; the 06:43-08:24 windows are the default-only baseline."
20260806-093158-benign-r1,benign,T1082,System Information Discovery,,2026-08-06 09:31:58,2026-08-06 09:32:17,custom,interactive-admin,True,"Captured AFTER custom rules 100230-100233 were deployed and verified firing (all four confirmed by smoke test, wazuh-analysisd -t clean). Defender OFF. Mirror uses cmd.exe /c with &-chained commands plus a child powershell.exe for cmdlets, matching ART's process lineage. This is the 'detected after' measurement; the 06:43-08:24 windows are the default-only baseline."
20260806-093349-benign-r2,benign,T1082,System Information Discovery,,2026-08-06 09:33:49,2026-08-06 09:34:02,custom,interactive-admin,True,"Captured AFTER custom rules 100230-100233 were deployed and verified firing (all four confirmed by smoke test, wazuh-analysisd -t clean). Defender OFF. Mirror uses cmd.exe /c with &-chained commands plus a child powershell.exe for cmdlets, matching ART's process lineage. This is the 'detected after' measurement; the 06:43-08:24 windows are the default-only baseline."
20260806-093559-benign-r3,benign,T1082,System Information Discovery,,2026-08-06 09:35:59,2026-08-06 09:36:13,custom,interactive-admin,True,"Captured AFTER custom rules 100230-100233 were deployed and verified firing (all four confirmed by smoke test, wazuh-analysisd -t clean). Defender OFF. Mirror uses cmd.exe /c with &-chained commands plus a child powershell.exe for cmdlets, matching ART's process lineage. This is the 'detected after' measurement; the 06:43-08:24 windows are the default-only baseline."
20260806-093712-benign-r4,benign,T1082,System Information Discovery,,2026-08-06 09:37:12,2026-08-06 09:37:21,custom,interactive-admin,True,"Captured AFTER custom rules 100230-100233 were deployed and verified firing (all four confirmed by smoke test, wazuh-analysisd -t clean). Defender OFF. Mirror uses cmd.exe /c with &-chained commands plus a child powershell.exe for cmdlets, matching ART's process lineage. This is the 'detected after' measurement; the 06:43-08:24 windows are the default-only baseline."
20260806-093918-benign-r5,benign,T1082,System Information Discovery,,2026-08-06 09:39:18,2026-08-06 09:39:39,custom,interactive-admin,True,"Captured AFTER custom rules 100230-100233 were deployed and verified firing (all four confirmed by smoke test, wazuh-analysisd -t clean). Defender OFF. Mirror uses cmd.exe /c with &-chained commands plus a child powershell.exe for cmdlets, matching ART's process lineage. This is the 'detected after' measurement; the 06:43-08:24 windows are the default-only baseline."
20260806-095114-attack-r1,attack,T1087.001,Local Account Discovery,8;9;10,2026-08-06 09:51:14,2026-08-06 09:51:19,custom,atomic-red-team,True,"CLEAN - 5 attack + 5 benign, Defender OFF on both sides, current mirror (Start-Process with bare 'cmd.exe' FilePath, &-chained commands, child powershell.exe for cmdlets) matching ART's process lineage. Rule 100200 was already deployed, so phase = custom throughout; T1087.001's default-detection figure (92031 / L3 / T1087, parent-only) was measured on 2026-08-05 before this lab session."
20260806-095302-attack-r2,attack,T1087.001,Local Account Discovery,8;9;10,2026-08-06 09:53:02,2026-08-06 09:54:41,custom,atomic-red-team,True,"CLEAN - 5 attack + 5 benign, Defender OFF on both sides, current mirror (Start-Process with bare 'cmd.exe' FilePath, &-chained commands, child powershell.exe for cmdlets) matching ART's process lineage. Rule 100200 was already deployed, so phase = custom throughout; T1087.001's default-detection figure (92031 / L3 / T1087, parent-only) was measured on 2026-08-05 before this lab session."
20260806-095612-attack-r3,attack,T1087.001,Local Account Discovery,8;9;10,2026-08-06 09:56:12,2026-08-06 09:56:15,custom,atomic-red-team,True,"CLEAN - 5 attack + 5 benign, Defender OFF on both sides, current mirror (Start-Process with bare 'cmd.exe' FilePath, &-chained commands, child powershell.exe for cmdlets) matching ART's process lineage. Rule 100200 was already deployed, so phase = custom throughout; T1087.001's default-detection figure (92031 / L3 / T1087, parent-only) was measured on 2026-08-05 before this lab session."
20260806-095726-attack-r4,attack,T1087.001,Local Account Discovery,8;9;10,2026-08-06 09:57:26,2026-08-06 09:57:33,custom,atomic-red-team,True,"CLEAN - 5 attack + 5 benign, Defender OFF on both sides, current mirror (Start-Process with bare 'cmd.exe' FilePath, &-chained commands, child powershell.exe for cmdlets) matching ART's process lineage. Rule 100200 was already deployed, so phase = custom throughout; T1087.001's default-detection figure (92031 / L3 / T1087, parent-only) was measured on 2026-08-05 before this lab session."
20260806-095947-attack-r5,attack,T1087.001,Local Account Discovery,8;9;10,2026-08-06 09:59:47,2026-08-06 09:59:51,custom,atomic-red-team,True,"CLEAN - 5 attack + 5 benign, Defender OFF on both sides, current mirror (Start-Process with bare 'cmd.exe' FilePath, &-chained commands, child powershell.exe for cmdlets) matching ART's process lineage. Rule 100200 was already deployed, so phase = custom throughout; T1087.001's default-detection figure (92031 / L3 / T1087, parent-only) was measured on 2026-08-05 before this lab session."
20260806-100344-benign-r1,benign,T1087.001,Local Account Discovery,,2026-08-06 10:03:44,2026-08-06 10:03:49,custom,interactive-admin,True,"CLEAN - 5 attack + 5 benign, Defender OFF on both sides, current mirror (Start-Process with bare 'cmd.exe' FilePath, &-chained commands, child powershell.exe for cmdlets) matching ART's process lineage. Rule 100200 was already deployed, so phase = custom throughout; T1087.001's default-detection figure (92031 / L3 / T1087, parent-only) was measured on 2026-08-05 before this lab session."
20260806-100453-benign-r2,benign,T1087.001,Local Account Discovery,,2026-08-06 10:04:53,2026-08-06 10:04:57,custom,interactive-admin,True,"CLEAN - 5 attack + 5 benign, Defender OFF on both sides, current mirror (Start-Process with bare 'cmd.exe' FilePath, &-chained commands, child powershell.exe for cmdlets) matching ART's process lineage. Rule 100200 was already deployed, so phase = custom throughout; T1087.001's default-detection figure (92031 / L3 / T1087, parent-only) was measured on 2026-08-05 before this lab session."
20260806-100656-benign-r3,benign,T1087.001,Local Account Discovery,,2026-08-06 10:06:56,2026-08-06 10:07:01,custom,interactive-admin,True,"CLEAN - 5 attack + 5 benign, Defender OFF on both sides, current mirror (Start-Process with bare 'cmd.exe' FilePath, &-chained commands, child powershell.exe for cmdlets) matching ART's process lineage. Rule 100200 was already deployed, so phase = custom throughout; T1087.001's default-detection figure (92031 / L3 / T1087, parent-only) was measured on 2026-08-05 before this lab session."
20260806-100957-benign-r4,benign,T1087.001,Local Account Discovery,,2026-08-06 10:09:57,2026-08-06 10:10:00,custom,interactive-admin,True,"CLEAN - 5 attack + 5 benign, Defender OFF on both sides, current mirror (Start-Process with bare 'cmd.exe' FilePath, &-chained commands, child powershell.exe for cmdlets) matching ART's process lineage. Rule 100200 was already deployed, so phase = custom throughout; T1087.001's default-detection figure (92031 / L3 / T1087, parent-only) was measured on 2026-08-05 before this lab session."
20260806-101141-benign-r5,benign,T1087.001,Local Account Discovery,,2026-08-06 10:11:41,2026-08-06 10:11:44,custom,interactive-admin,True,"CLEAN - 5 attack + 5 benign, Defender OFF on both sides, current mirror (Start-Process with bare 'cmd.exe' FilePath, &-chained commands, child powershell.exe for cmdlets) matching ART's process lineage. Rule 100200 was already deployed, so phase = custom throughout; T1087.001's default-detection figure (92031 / L3 / T1087, parent-only) was measured on 2026-08-05 before this lab session."
20260807-185934-attack-r1,attack,T1033,System Owner/User Discovery,1;4;5;6;7,2026-08-07 18:59:34,2026-08-07 19:01:42,baseline,atomic-red-team,True,"T1033 BASELINE phase - technique's own rules (block 100240-100249) not yet written, so this measures default detection. Tests 1,4,5,6,7. Test 3 excluded: PowerView downloads from GitHub at runtime (non-reproducible) and Find-DomainUserLocation needs a domain controller, which this WORKGROUP-only lab does not have. Defender OFF, endpoint now at 4GB RAM, clocks verified in agreement (93s forwarding lag measured pre-run). NOTE: rules 100200 and 100230-100233 from earlier techniques ARE live during this phase, so 'baseline' means default-plus-prior-custom, not pristine default - exclude any 1002xx alerts from the default-detection assessment for THIS technique."
20260807-190455-attack-r2,attack,T1033,System Owner/User Discovery,1;4;5;6;7,2026-08-07 19:04:55,2026-08-07 19:06:20,baseline,atomic-red-team,True,"T1033 BASELINE phase - technique's own rules (block 100240-100249) not yet written, so this measures default detection. Tests 1,4,5,6,7. Test 3 excluded: PowerView downloads from GitHub at runtime (non-reproducible) and Find-DomainUserLocation needs a domain controller, which this WORKGROUP-only lab does not have. Defender OFF, endpoint now at 4GB RAM, clocks verified in agreement (93s forwarding lag measured pre-run). NOTE: rules 100200 and 100230-100233 from earlier techniques ARE live during this phase, so 'baseline' means default-plus-prior-custom, not pristine default - exclude any 1002xx alerts from the default-detection assessment for THIS technique."
20260807-191155-attack-r3,attack,T1033,System Owner/User Discovery,1;4;5;6;7,2026-08-07 19:14:03,2026-08-07 19:14:36,baseline,atomic-red-team,True,"T1033 BASELINE phase - technique's own rules (block 100240-100249) not yet written, so this measures default detection. Tests 1,4,5,6,7. Test 3 excluded: PowerView downloads from GitHub at runtime (non-reproducible) and Find-DomainUserLocation needs a domain controller, which this WORKGROUP-only lab does not have. Defender OFF, endpoint now at 4GB RAM, clocks verified in agreement (93s forwarding lag measured pre-run). NOTE: rules 100200 and 100230-100233 from earlier techniques ARE live during this phase, so 'baseline' means default-plus-prior-custom, not pristine default - exclude any 1002xx alerts from the default-detection assessment for THIS technique."
20260807-191836-attack-r4,attack,T1033,System Owner/User Discovery,1;4;5;6;7,2026-08-07 19:18:36,2026-08-07 19:18:52,baseline,atomic-red-team,True,"T1033 BASELINE phase - technique's own rules (block 100240-100249) not yet written, so this measures default detection. Tests 1,4,5,6,7. Test 3 excluded: PowerView downloads from GitHub at runtime (non-reproducible) and Find-DomainUserLocation needs a domain controller, which this WORKGROUP-only lab does not have. Defender OFF, endpoint now at 4GB RAM, clocks verified in agreement (93s forwarding lag measured pre-run). NOTE: rules 100200 and 100230-100233 from earlier techniques ARE live during this phase, so 'baseline' means default-plus-prior-custom, not pristine default - exclude any 1002xx alerts from the default-detection assessment for THIS technique."
20260807-192225-attack-r5,attack,T1033,System Owner/User Discovery,1;4;5;6;7,2026-08-07 19:22:26,2026-08-07 19:22:49,baseline,atomic-red-team,True,"T1033 BASELINE phase - technique's own rules (block 100240-100249) not yet written, so this measures default detection. Tests 1,4,5,6,7. Test 3 excluded: PowerView downloads from GitHub at runtime (non-reproducible) and Find-DomainUserLocation needs a domain controller, which this WORKGROUP-only lab does not have. Defender OFF, endpoint now at 4GB RAM, clocks verified in agreement (93s forwarding lag measured pre-run). NOTE: rules 100200 and 100230-100233 from earlier techniques ARE live during this phase, so 'baseline' means default-plus-prior-custom, not pristine default - exclude any 1002xx alerts from the default-detection assessment for THIS technique."
20260807-192556-benign-r1,benign,T1033,System Owner/User Discovery,,2026-08-07 19:25:56,2026-08-07 19:26:22,baseline,interactive-admin,True,"T1033 BASELINE phase - technique's own rules (block 100240-100249) not yet written, so this measures default detection. Tests 1,4,5,6,7. Test 3 excluded: PowerView downloads from GitHub at runtime (non-reproducible) and Find-DomainUserLocation needs a domain controller, which this WORKGROUP-only lab does not have. Defender OFF, endpoint now at 4GB RAM, clocks verified in agreement (93s forwarding lag measured pre-run). NOTE: rules 100200 and 100230-100233 from earlier techniques ARE live during this phase, so 'baseline' means default-plus-prior-custom, not pristine default - exclude any 1002xx alerts from the default-detection assessment for THIS technique."
20260807-193125-benign-r2,benign,T1033,System Owner/User Discovery,,2026-08-07 19:31:25,2026-08-07 19:32:09,baseline,interactive-admin,True,"T1033 BASELINE phase - technique's own rules (block 100240-100249) not yet written, so this measures default detection. Tests 1,4,5,6,7. Test 3 excluded: PowerView downloads from GitHub at runtime (non-reproducible) and Find-DomainUserLocation needs a domain controller, which this WORKGROUP-only lab does not have. Defender OFF, endpoint now at 4GB RAM, clocks verified in agreement (93s forwarding lag measured pre-run). NOTE: rules 100200 and 100230-100233 from earlier techniques ARE live during this phase, so 'baseline' means default-plus-prior-custom, not pristine default - exclude any 1002xx alerts from the default-detection assessment for THIS technique."
20260807-193624-benign-r3,benign,T1033,System Owner/User Discovery,,2026-08-07 19:36:24,2026-08-07 19:37:29,baseline,interactive-admin,True,"T1033 BASELINE phase - technique's own rules (block 100240-100249) not yet written, so this measures default detection. Tests 1,4,5,6,7. Test 3 excluded: PowerView downloads from GitHub at runtime (non-reproducible) and Find-DomainUserLocation needs a domain controller, which this WORKGROUP-only lab does not have. Defender OFF, endpoint now at 4GB RAM, clocks verified in agreement (93s forwarding lag measured pre-run). NOTE: rules 100200 and 100230-100233 from earlier techniques ARE live during this phase, so 'baseline' means default-plus-prior-custom, not pristine default - exclude any 1002xx alerts from the default-detection assessment for THIS technique."
20260807-194140-benign-r4,benign,T1033,System Owner/User Discovery,,2026-08-07 19:41:40,2026-08-07 19:41:46,baseline,interactive-admin,True,"T1033 BASELINE phase - technique's own rules (block 100240-100249) not yet written, so this measures default detection. Tests 1,4,5,6,7. Test 3 excluded: PowerView downloads from GitHub at runtime (non-reproducible) and Find-DomainUserLocation needs a domain controller, which this WORKGROUP-only lab does not have. Defender OFF, endpoint now at 4GB RAM, clocks verified in agreement (93s forwarding lag measured pre-run). NOTE: rules 100200 and 100230-100233 from earlier techniques ARE live during this phase, so 'baseline' means default-plus-prior-custom, not pristine default - exclude any 1002xx alerts from the default-detection assessment for THIS technique."
20260807-194704-benign-r5,benign,T1033,System Owner/User Discovery,,2026-08-07 19:47:04,2026-08-07 19:47:08,baseline,interactive-admin,True,"T1033 BASELINE phase - technique's own rules (block 100240-100249) not yet written, so this measures default detection. Tests 1,4,5,6,7. Test 3 excluded: PowerView downloads from GitHub at runtime (non-reproducible) and Find-DomainUserLocation needs a domain controller, which this WORKGROUP-only lab does not have. Defender OFF, endpoint now at 4GB RAM, clocks verified in agreement (93s forwarding lag measured pre-run). NOTE: rules 100200 and 100230-100233 from earlier techniques ARE live during this phase, so 'baseline' means default-plus-prior-custom, not pristine default - exclude any 1002xx alerts from the default-detection assessment for THIS technique."
20260807-200237-attack-r1,attack,T1033,System Owner/User Discovery,1;4;5;6;7,2026-08-07 20:02:37,2026-08-07 20:03:05,custom,atomic-red-team,True,"T1033 CUSTOM phase - rules 100240 and 100241 deployed and smoke-tested firing before this run (wazuh-analysisd -t clean). Defender OFF, gaps 180-300s to match the baseline phase so the two are comparable. Atomic exit codes: T1033-1 returns 1 from a trailing qwinsta call hitting 'Error 1707 network address is invalid' in the isolated lab - everything before it ran and produced telemetry, so environmental not a detection failure. T1033-7 returns 1 with NO console output - verify it produced process-creation telemetry before counting it; if not, exclude with a documented reason. Cosmetic: session_id is stamped at loop start and can sit minutes before window_start (UNC share latency) - do not read session_id as a timestamp; window_start/window_end bracket the commands."
20260807-200634-attack-r2,attack,T1033,System Owner/User Discovery,1;4;5;6;7,2026-08-07 20:10:25,2026-08-07 20:10:43,custom,atomic-red-team,True,"T1033 CUSTOM phase - rules 100240 and 100241 deployed and smoke-tested firing before this run (wazuh-analysisd -t clean). Defender OFF, gaps 180-300s to match the baseline phase so the two are comparable. Atomic exit codes: T1033-1 returns 1 from a trailing qwinsta call hitting 'Error 1707 network address is invalid' in the isolated lab - everything before it ran and produced telemetry, so environmental not a detection failure. T1033-7 returns 1 with NO console output - verify it produced process-creation telemetry before counting it; if not, exclude with a documented reason. Cosmetic: session_id is stamped at loop start and can sit minutes before window_start (UNC share latency) - do not read session_id as a timestamp; window_start/window_end bracket the commands."
20260807-201509-attack-r3,attack,T1033,System Owner/User Discovery,1;4;5;6;7,2026-08-07 20:15:09,2026-08-07 20:15:56,custom,atomic-red-team,True,"T1033 CUSTOM phase - rules 100240 and 100241 deployed and smoke-tested firing before this run (wazuh-analysisd -t clean). Defender OFF, gaps 180-300s to match the baseline phase so the two are comparable. Atomic exit codes: T1033-1 returns 1 from a trailing qwinsta call hitting 'Error 1707 network address is invalid' in the isolated lab - everything before it ran and produced telemetry, so environmental not a detection failure. T1033-7 returns 1 with NO console output - verify it produced process-creation telemetry before counting it; if not, exclude with a documented reason. Cosmetic: session_id is stamped at loop start and can sit minutes before window_start (UNC share latency) - do not read session_id as a timestamp; window_start/window_end bracket the commands."
20260807-202000-attack-r4,attack,T1033,System Owner/User Discovery,1;4;5;6;7,2026-08-07 20:20:00,2026-08-07 20:20:16,custom,atomic-red-team,True,"T1033 CUSTOM phase - rules 100240 and 100241 deployed and smoke-tested firing before this run (wazuh-analysisd -t clean). Defender OFF, gaps 180-300s to match the baseline phase so the two are comparable. Atomic exit codes: T1033-1 returns 1 from a trailing qwinsta call hitting 'Error 1707 network address is invalid' in the isolated lab - everything before it ran and produced telemetry, so environmental not a detection failure. T1033-7 returns 1 with NO console output - verify it produced process-creation telemetry before counting it; if not, exclude with a documented reason. Cosmetic: session_id is stamped at loop start and can sit minutes before window_start (UNC share latency) - do not read session_id as a timestamp; window_start/window_end bracket the commands."
20260807-202511-attack-r5,attack,T1033,System Owner/User Discovery,1;4;5;6;7,2026-08-07 20:25:11,2026-08-07 20:25:21,custom,atomic-red-team,True,"T1033 CUSTOM phase - rules 100240 and 100241 deployed and smoke-tested firing before this run (wazuh-analysisd -t clean). Defender OFF, gaps 180-300s to match the baseline phase so the two are comparable. Atomic exit codes: T1033-1 returns 1 from a trailing qwinsta call hitting 'Error 1707 network address is invalid' in the isolated lab - everything before it ran and produced telemetry, so environmental not a detection failure. T1033-7 returns 1 with NO console output - verify it produced process-creation telemetry before counting it; if not, exclude with a documented reason. Cosmetic: session_id is stamped at loop start and can sit minutes before window_start (UNC share latency) - do not read session_id as a timestamp; window_start/window_end bracket the commands."
20260807-202716-benign-r1,benign,T1033,System Owner/User Discovery,,2026-08-07 20:27:16,2026-08-07 20:27:22,custom,interactive-admin,True,"T1033 CUSTOM phase - rules 100240 and 100241 deployed and smoke-tested firing before this run (wazuh-analysisd -t clean). Defender OFF, gaps 180-300s to match the baseline phase so the two are comparable. Atomic exit codes: T1033-1 returns 1 from a trailing qwinsta call hitting 'Error 1707 network address is invalid' in the isolated lab - everything before it ran and produced telemetry, so environmental not a detection failure. T1033-7 returns 1 with NO console output - verify it produced process-creation telemetry before counting it; if not, exclude with a documented reason. Cosmetic: session_id is stamped at loop start and can sit minutes before window_start (UNC share latency) - do not read session_id as a timestamp; window_start/window_end bracket the commands."
20260807-203151-benign-r2,benign,T1033,System Owner/User Discovery,,2026-08-07 20:31:51,2026-08-07 20:31:54,custom,interactive-admin,True,"T1033 CUSTOM phase - rules 100240 and 100241 deployed and smoke-tested firing before this run (wazuh-analysisd -t clean). Defender OFF, gaps 180-300s to match the baseline phase so the two are comparable. Atomic exit codes: T1033-1 returns 1 from a trailing qwinsta call hitting 'Error 1707 network address is invalid' in the isolated lab - everything before it ran and produced telemetry, so environmental not a detection failure. T1033-7 returns 1 with NO console output - verify it produced process-creation telemetry before counting it; if not, exclude with a documented reason. Cosmetic: session_id is stamped at loop start and can sit minutes before window_start (UNC share latency) - do not read session_id as a timestamp; window_start/window_end bracket the commands."
20260807-203530-benign-r3,benign,T1033,System Owner/User Discovery,,2026-08-07 20:35:30,2026-08-07 20:35:33,custom,interactive-admin,True,"T1033 CUSTOM phase - rules 100240 and 100241 deployed and smoke-tested firing before this run (wazuh-analysisd -t clean). Defender OFF, gaps 180-300s to match the baseline phase so the two are comparable. Atomic exit codes: T1033-1 returns 1 from a trailing qwinsta call hitting 'Error 1707 network address is invalid' in the isolated lab - everything before it ran and produced telemetry, so environmental not a detection failure. T1033-7 returns 1 with NO console output - verify it produced process-creation telemetry before counting it; if not, exclude with a documented reason. Cosmetic: session_id is stamped at loop start and can sit minutes before window_start (UNC share latency) - do not read session_id as a timestamp; window_start/window_end bracket the commands."
20260807-204027-benign-r4,benign,T1033,System Owner/User Discovery,,2026-08-07 20:40:27,2026-08-07 20:40:32,custom,interactive-admin,True,"T1033 CUSTOM phase - rules 100240 and 100241 deployed and smoke-tested firing before this run (wazuh-analysisd -t clean). Defender OFF, gaps 180-300s to match the baseline phase so the two are comparable. Atomic exit codes: T1033-1 returns 1 from a trailing qwinsta call hitting 'Error 1707 network address is invalid' in the isolated lab - everything before it ran and produced telemetry, so environmental not a detection failure. T1033-7 returns 1 with NO console output - verify it produced process-creation telemetry before counting it; if not, exclude with a documented reason. Cosmetic: session_id is stamped at loop start and can sit minutes before window_start (UNC share latency) - do not read session_id as a timestamp; window_start/window_end bracket the commands."
20260807-204446-benign-r5,benign,T1033,System Owner/User Discovery,,2026-08-07 20:44:46,2026-08-07 20:44:50,custom,interactive-admin,True,"T1033 CUSTOM phase - rules 100240 and 100241 deployed and smoke-tested firing before this run (wazuh-analysisd -t clean). Defender OFF, gaps 180-300s to match the baseline phase so the two are comparable. Atomic exit codes: T1033-1 returns 1 from a trailing qwinsta call hitting 'Error 1707 network address is invalid' in the isolated lab - everything before it ran and produced telemetry, so environmental not a detection failure. T1033-7 returns 1 with NO console output - verify it produced process-creation telemetry before counting it; if not, exclude with a documented reason. Cosmetic: session_id is stamped at loop start and can sit minutes before window_start (UNC share latency) - do not read session_id as a timestamp; window_start/window_end bracket the commands."
20260807-205718-attack-r1,attack,T1016,System Network Configuration Discovery,1;2;4;7;9,2026-08-07 20:57:18,2026-08-07 20:58:14,baseline,atomic-red-team,True,"SUPERSEDED - MULTI-TECHNIQUE ATOMICS INVALIDATE SINGLE-TECHNIQUE ATTRIBUTION. Tests 4 (TrickBot Style) and 7 (Qakbot Recon) are realistic recon SEQUENCES, not single-technique tests. Measured images in these windows: net.exe x30 (T1087/T1135 by subcommand), whoami.exe x5 (T1033), nltest.exe x5 (T1482 Domain Trust Discovery), alongside 55 genuine T1016 commands. Window labelling assigns every alert in a window to ONE technique, so those windows cannot support a T1016 precision claim. Custom rules 100200 and 100240 fired CORRECTLY on net user and whoami inside a T1016-labelled window, and default rules 92034/92035 mapped net view to T1135 correctly - none of that is a detection failure. Re-run with tests 1, 2, 9 only, which exercise T1016 alone. Tests 4 and 7 are retained as candidates for a separate chained-attack evaluation where multi-technique attribution is the point. See LABELLING_SCHEME.md 3a."
20260807-205937-attack-r2,attack,T1016,System Network Configuration Discovery,1;2;4;7;9,2026-08-07 20:59:37,2026-08-07 21:01:49,baseline,atomic-red-team,True,"SUPERSEDED - MULTI-TECHNIQUE ATOMICS INVALIDATE SINGLE-TECHNIQUE ATTRIBUTION. Tests 4 (TrickBot Style) and 7 (Qakbot Recon) are realistic recon SEQUENCES, not single-technique tests. Measured images in these windows: net.exe x30 (T1087/T1135 by subcommand), whoami.exe x5 (T1033), nltest.exe x5 (T1482 Domain Trust Discovery), alongside 55 genuine T1016 commands. Window labelling assigns every alert in a window to ONE technique, so those windows cannot support a T1016 precision claim. Custom rules 100200 and 100240 fired CORRECTLY on net user and whoami inside a T1016-labelled window, and default rules 92034/92035 mapped net view to T1135 correctly - none of that is a detection failure. Re-run with tests 1, 2, 9 only, which exercise T1016 alone. Tests 4 and 7 are retained as candidates for a separate chained-attack evaluation where multi-technique attribution is the point. See LABELLING_SCHEME.md 3a."
20260807-210253-attack-r3,attack,T1016,System Network Configuration Discovery,1;2;4;7;9,2026-08-07 21:02:53,2026-08-07 21:03:40,baseline,atomic-red-team,True,"SUPERSEDED - MULTI-TECHNIQUE ATOMICS INVALIDATE SINGLE-TECHNIQUE ATTRIBUTION. Tests 4 (TrickBot Style) and 7 (Qakbot Recon) are realistic recon SEQUENCES, not single-technique tests. Measured images in these windows: net.exe x30 (T1087/T1135 by subcommand), whoami.exe x5 (T1033), nltest.exe x5 (T1482 Domain Trust Discovery), alongside 55 genuine T1016 commands. Window labelling assigns every alert in a window to ONE technique, so those windows cannot support a T1016 precision claim. Custom rules 100200 and 100240 fired CORRECTLY on net user and whoami inside a T1016-labelled window, and default rules 92034/92035 mapped net view to T1135 correctly - none of that is a detection failure. Re-run with tests 1, 2, 9 only, which exercise T1016 alone. Tests 4 and 7 are retained as candidates for a separate chained-attack evaluation where multi-technique attribution is the point. See LABELLING_SCHEME.md 3a."
20260807-210507-attack-r4,attack,T1016,System Network Configuration Discovery,1;2;4;7;9,2026-08-07 21:05:07,2026-08-07 21:05:59,baseline,atomic-red-team,True,"SUPERSEDED - MULTI-TECHNIQUE ATOMICS INVALIDATE SINGLE-TECHNIQUE ATTRIBUTION. Tests 4 (TrickBot Style) and 7 (Qakbot Recon) are realistic recon SEQUENCES, not single-technique tests. Measured images in these windows: net.exe x30 (T1087/T1135 by subcommand), whoami.exe x5 (T1033), nltest.exe x5 (T1482 Domain Trust Discovery), alongside 55 genuine T1016 commands. Window labelling assigns every alert in a window to ONE technique, so those windows cannot support a T1016 precision claim. Custom rules 100200 and 100240 fired CORRECTLY on net user and whoami inside a T1016-labelled window, and default rules 92034/92035 mapped net view to T1135 correctly - none of that is a detection failure. Re-run with tests 1, 2, 9 only, which exercise T1016 alone. Tests 4 and 7 are retained as candidates for a separate chained-attack evaluation where multi-technique attribution is the point. See LABELLING_SCHEME.md 3a."
20260807-210720-attack-r5,attack,T1016,System Network Configuration Discovery,1;2;4;7;9,2026-08-07 21:07:20,2026-08-07 21:08:06,baseline,atomic-red-team,True,"SUPERSEDED - MULTI-TECHNIQUE ATOMICS INVALIDATE SINGLE-TECHNIQUE ATTRIBUTION. Tests 4 (TrickBot Style) and 7 (Qakbot Recon) are realistic recon SEQUENCES, not single-technique tests. Measured images in these windows: net.exe x30 (T1087/T1135 by subcommand), whoami.exe x5 (T1033), nltest.exe x5 (T1482 Domain Trust Discovery), alongside 55 genuine T1016 commands. Window labelling assigns every alert in a window to ONE technique, so those windows cannot support a T1016 precision claim. Custom rules 100200 and 100240 fired CORRECTLY on net user and whoami inside a T1016-labelled window, and default rules 92034/92035 mapped net view to T1135 correctly - none of that is a detection failure. Re-run with tests 1, 2, 9 only, which exercise T1016 alone. Tests 4 and 7 are retained as candidates for a separate chained-attack evaluation where multi-technique attribution is the point. See LABELLING_SCHEME.md 3a."
20260807-210957-benign-r1,benign,T1016,System Network Configuration Discovery,,2026-08-07 21:09:57,2026-08-07 21:10:02,baseline,interactive-admin,True,"SUPERSEDED - MULTI-TECHNIQUE ATOMICS INVALIDATE SINGLE-TECHNIQUE ATTRIBUTION. Tests 4 (TrickBot Style) and 7 (Qakbot Recon) are realistic recon SEQUENCES, not single-technique tests. Measured images in these windows: net.exe x30 (T1087/T1135 by subcommand), whoami.exe x5 (T1033), nltest.exe x5 (T1482 Domain Trust Discovery), alongside 55 genuine T1016 commands. Window labelling assigns every alert in a window to ONE technique, so those windows cannot support a T1016 precision claim. Custom rules 100200 and 100240 fired CORRECTLY on net user and whoami inside a T1016-labelled window, and default rules 92034/92035 mapped net view to T1135 correctly - none of that is a detection failure. Re-run with tests 1, 2, 9 only, which exercise T1016 alone. Tests 4 and 7 are retained as candidates for a separate chained-attack evaluation where multi-technique attribution is the point. See LABELLING_SCHEME.md 3a."
20260807-211115-benign-r2,benign,T1016,System Network Configuration Discovery,,2026-08-07 21:11:15,2026-08-07 21:11:18,baseline,interactive-admin,True,"SUPERSEDED - MULTI-TECHNIQUE ATOMICS INVALIDATE SINGLE-TECHNIQUE ATTRIBUTION. Tests 4 (TrickBot Style) and 7 (Qakbot Recon) are realistic recon SEQUENCES, not single-technique tests. Measured images in these windows: net.exe x30 (T1087/T1135 by subcommand), whoami.exe x5 (T1033), nltest.exe x5 (T1482 Domain Trust Discovery), alongside 55 genuine T1016 commands. Window labelling assigns every alert in a window to ONE technique, so those windows cannot support a T1016 precision claim. Custom rules 100200 and 100240 fired CORRECTLY on net user and whoami inside a T1016-labelled window, and default rules 92034/92035 mapped net view to T1135 correctly - none of that is a detection failure. Re-run with tests 1, 2, 9 only, which exercise T1016 alone. Tests 4 and 7 are retained as candidates for a separate chained-attack evaluation where multi-technique attribution is the point. See LABELLING_SCHEME.md 3a."
20260807-211241-benign-r3,benign,T1016,System Network Configuration Discovery,,2026-08-07 21:12:41,2026-08-07 21:12:45,baseline,interactive-admin,True,"SUPERSEDED - MULTI-TECHNIQUE ATOMICS INVALIDATE SINGLE-TECHNIQUE ATTRIBUTION. Tests 4 (TrickBot Style) and 7 (Qakbot Recon) are realistic recon SEQUENCES, not single-technique tests. Measured images in these windows: net.exe x30 (T1087/T1135 by subcommand), whoami.exe x5 (T1033), nltest.exe x5 (T1482 Domain Trust Discovery), alongside 55 genuine T1016 commands. Window labelling assigns every alert in a window to ONE technique, so those windows cannot support a T1016 precision claim. Custom rules 100200 and 100240 fired CORRECTLY on net user and whoami inside a T1016-labelled window, and default rules 92034/92035 mapped net view to T1135 correctly - none of that is a detection failure. Re-run with tests 1, 2, 9 only, which exercise T1016 alone. Tests 4 and 7 are retained as candidates for a separate chained-attack evaluation where multi-technique attribution is the point. See LABELLING_SCHEME.md 3a."
20260807-211340-benign-r4,benign,T1016,System Network Configuration Discovery,,2026-08-07 21:13:40,2026-08-07 21:13:44,baseline,interactive-admin,True,"SUPERSEDED - MULTI-TECHNIQUE ATOMICS INVALIDATE SINGLE-TECHNIQUE ATTRIBUTION. Tests 4 (TrickBot Style) and 7 (Qakbot Recon) are realistic recon SEQUENCES, not single-technique tests. Measured images in these windows: net.exe x30 (T1087/T1135 by subcommand), whoami.exe x5 (T1033), nltest.exe x5 (T1482 Domain Trust Discovery), alongside 55 genuine T1016 commands. Window labelling assigns every alert in a window to ONE technique, so those windows cannot support a T1016 precision claim. Custom rules 100200 and 100240 fired CORRECTLY on net user and whoami inside a T1016-labelled window, and default rules 92034/92035 mapped net view to T1135 correctly - none of that is a detection failure. Re-run with tests 1, 2, 9 only, which exercise T1016 alone. Tests 4 and 7 are retained as candidates for a separate chained-attack evaluation where multi-technique attribution is the point. See LABELLING_SCHEME.md 3a."
20260807-211512-benign-r5,benign,T1016,System Network Configuration Discovery,,2026-08-07 21:15:12,2026-08-07 21:15:16,baseline,interactive-admin,True,"SUPERSEDED - MULTI-TECHNIQUE ATOMICS INVALIDATE SINGLE-TECHNIQUE ATTRIBUTION. Tests 4 (TrickBot Style) and 7 (Qakbot Recon) are realistic recon SEQUENCES, not single-technique tests. Measured images in these windows: net.exe x30 (T1087/T1135 by subcommand), whoami.exe x5 (T1033), nltest.exe x5 (T1482 Domain Trust Discovery), alongside 55 genuine T1016 commands. Window labelling assigns every alert in a window to ONE technique, so those windows cannot support a T1016 precision claim. Custom rules 100200 and 100240 fired CORRECTLY on net user and whoami inside a T1016-labelled window, and default rules 92034/92035 mapped net view to T1135 correctly - none of that is a detection failure. Re-run with tests 1, 2, 9 only, which exercise T1016 alone. Tests 4 and 7 are retained as candidates for a separate chained-attack evaluation where multi-technique attribution is the point. See LABELLING_SCHEME.md 3a."
20260807-212047-attack-r1,attack,T1016,System Network Configuration Discovery,1;2;9,2026-08-07 21:20:47,2026-08-07 21:20:58,baseline,atomic-red-team,True,"T1016 BASELINE phase, RE-RUN with single-technique atomics only (tests 1, 2, 9): ipconfig/arp/route/netstat/nbtstat, netsh firewall rules, nslookup. Supersedes the earlier 20:57-21:11 baseline, which included tests 4 (TrickBot) and 7 (Qakbot) - multi-technique recon sequences that also ran net, whoami and nltest, making single-technique attribution invalid. Excluded test 5 (external egress test, not reproducible) and test 6 (AdFind: third-party download plus Active Directory, absent here). Defender OFF, gaps 45-90s in both phases. See LABELLING_SCHEME.md 3a."
20260807-212216-attack-r2,attack,T1016,System Network Configuration Discovery,1;2;9,2026-08-07 21:22:16,2026-08-07 21:22:39,baseline,atomic-red-team,True,"T1016 BASELINE phase, RE-RUN with single-technique atomics only (tests 1, 2, 9): ipconfig/arp/route/netstat/nbtstat, netsh firewall rules, nslookup. Supersedes the earlier 20:57-21:11 baseline, which included tests 4 (TrickBot) and 7 (Qakbot) - multi-technique recon sequences that also ran net, whoami and nltest, making single-technique attribution invalid. Excluded test 5 (external egress test, not reproducible) and test 6 (AdFind: third-party download plus Active Directory, absent here). Defender OFF, gaps 45-90s in both phases. See LABELLING_SCHEME.md 3a."
20260807-212329-attack-r3,attack,T1016,System Network Configuration Discovery,1;2;9,2026-08-07 21:23:29,2026-08-07 21:23:42,baseline,atomic-red-team,True,"T1016 BASELINE phase, RE-RUN with single-technique atomics only (tests 1, 2, 9): ipconfig/arp/route/netstat/nbtstat, netsh firewall rules, nslookup. Supersedes the earlier 20:57-21:11 baseline, which included tests 4 (TrickBot) and 7 (Qakbot) - multi-technique recon sequences that also ran net, whoami and nltest, making single-technique attribution invalid. Excluded test 5 (external egress test, not reproducible) and test 6 (AdFind: third-party download plus Active Directory, absent here). Defender OFF, gaps 45-90s in both phases. See LABELLING_SCHEME.md 3a."
20260807-212500-attack-r4,attack,T1016,System Network Configuration Discovery,1;2;9,2026-08-07 21:25:00,2026-08-07 21:25:12,baseline,atomic-red-team,True,"T1016 BASELINE phase, RE-RUN with single-technique atomics only (tests 1, 2, 9): ipconfig/arp/route/netstat/nbtstat, netsh firewall rules, nslookup. Supersedes the earlier 20:57-21:11 baseline, which included tests 4 (TrickBot) and 7 (Qakbot) - multi-technique recon sequences that also ran net, whoami and nltest, making single-technique attribution invalid. Excluded test 5 (external egress test, not reproducible) and test 6 (AdFind: third-party download plus Active Directory, absent here). Defender OFF, gaps 45-90s in both phases. See LABELLING_SCHEME.md 3a."
20260807-212620-attack-r5,attack,T1016,System Network Configuration Discovery,1;2;9,2026-08-07 21:26:20,2026-08-07 21:26:27,baseline,atomic-red-team,True,"T1016 BASELINE phase, RE-RUN with single-technique atomics only (tests 1, 2, 9): ipconfig/arp/route/netstat/nbtstat, netsh firewall rules, nslookup. Supersedes the earlier 20:57-21:11 baseline, which included tests 4 (TrickBot) and 7 (Qakbot) - multi-technique recon sequences that also ran net, whoami and nltest, making single-technique attribution invalid. Excluded test 5 (external egress test, not reproducible) and test 6 (AdFind: third-party download plus Active Directory, absent here). Defender OFF, gaps 45-90s in both phases. See LABELLING_SCHEME.md 3a."
20260807-212735-benign-r1,benign,T1016,System Network Configuration Discovery,,2026-08-07 21:27:35,2026-08-07 21:27:39,baseline,interactive-admin,True,"T1016 BASELINE phase, RE-RUN with single-technique atomics only (tests 1, 2, 9): ipconfig/arp/route/netstat/nbtstat, netsh firewall rules, nslookup. Supersedes the earlier 20:57-21:11 baseline, which included tests 4 (TrickBot) and 7 (Qakbot) - multi-technique recon sequences that also ran net, whoami and nltest, making single-technique attribution invalid. Excluded test 5 (external egress test, not reproducible) and test 6 (AdFind: third-party download plus Active Directory, absent here). Defender OFF, gaps 45-90s in both phases. See LABELLING_SCHEME.md 3a."
20260807-212840-benign-r2,benign,T1016,System Network Configuration Discovery,,2026-08-07 21:28:40,2026-08-07 21:28:45,baseline,interactive-admin,True,"T1016 BASELINE phase, RE-RUN with single-technique atomics only (tests 1, 2, 9): ipconfig/arp/route/netstat/nbtstat, netsh firewall rules, nslookup. Supersedes the earlier 20:57-21:11 baseline, which included tests 4 (TrickBot) and 7 (Qakbot) - multi-technique recon sequences that also ran net, whoami and nltest, making single-technique attribution invalid. Excluded test 5 (external egress test, not reproducible) and test 6 (AdFind: third-party download plus Active Directory, absent here). Defender OFF, gaps 45-90s in both phases. See LABELLING_SCHEME.md 3a."
20260807-212959-benign-r3,benign,T1016,System Network Configuration Discovery,,2026-08-07 21:29:59,2026-08-07 21:30:03,baseline,interactive-admin,True,"T1016 BASELINE phase, RE-RUN with single-technique atomics only (tests 1, 2, 9): ipconfig/arp/route/netstat/nbtstat, netsh firewall rules, nslookup. Supersedes the earlier 20:57-21:11 baseline, which included tests 4 (TrickBot) and 7 (Qakbot) - multi-technique recon sequences that also ran net, whoami and nltest, making single-technique attribution invalid. Excluded test 5 (external egress test, not reproducible) and test 6 (AdFind: third-party download plus Active Directory, absent here). Defender OFF, gaps 45-90s in both phases. See LABELLING_SCHEME.md 3a."
20260807-213119-benign-r4,benign,T1016,System Network Configuration Discovery,,2026-08-07 21:31:19,2026-08-07 21:31:23,baseline,interactive-admin,True,"T1016 BASELINE phase, RE-RUN with single-technique atomics only (tests 1, 2, 9): ipconfig/arp/route/netstat/nbtstat, netsh firewall rules, nslookup. Supersedes the earlier 20:57-21:11 baseline, which included tests 4 (TrickBot) and 7 (Qakbot) - multi-technique recon sequences that also ran net, whoami and nltest, making single-technique attribution invalid. Excluded test 5 (external egress test, not reproducible) and test 6 (AdFind: third-party download plus Active Directory, absent here). Defender OFF, gaps 45-90s in both phases. See LABELLING_SCHEME.md 3a."
20260807-213227-benign-r5,benign,T1016,System Network Configuration Discovery,,2026-08-07 21:32:27,2026-08-07 21:32:30,baseline,interactive-admin,True,"T1016 BASELINE phase, RE-RUN with single-technique atomics only (tests 1, 2, 9): ipconfig/arp/route/netstat/nbtstat, netsh firewall rules, nslookup. Supersedes the earlier 20:57-21:11 baseline, which included tests 4 (TrickBot) and 7 (Qakbot) - multi-technique recon sequences that also ran net, whoami and nltest, making single-technique attribution invalid. Excluded test 5 (external egress test, not reproducible) and test 6 (AdFind: third-party download plus Active Directory, absent here). Defender OFF, gaps 45-90s in both phases. See LABELLING_SCHEME.md 3a."
20260807-214322-attack-r1,attack,T1016,System Network Configuration Discovery,1;2;9,2026-08-07 21:43:22,2026-08-07 21:43:31,custom,atomic-red-team,True,"T1016 CUSTOM phase - rules 100250, 100251, 100252 deployed and all three smoke-tested firing (wazuh-analysisd -t clean). Single-technique atomics 1/2/9 only. Defender OFF, gaps 45-90s matching the baseline phase. Note 100252 fires twice per `net config` invocation because net.exe spawns net1.exe with identical arguments - deduplicated at export, same as rule 100200."
20260807-214420-attack-r2,attack,T1016,System Network Configuration Discovery,1;2;9,2026-08-07 21:44:20,2026-08-07 21:45:05,custom,atomic-red-team,True,"T1016 CUSTOM phase - rules 100250, 100251, 100252 deployed and all three smoke-tested firing (wazuh-analysisd -t clean). Single-technique atomics 1/2/9 only. Defender OFF, gaps 45-90s matching the baseline phase. Note 100252 fires twice per `net config` invocation because net.exe spawns net1.exe with identical arguments - deduplicated at export, same as rule 100200."
20260807-214549-attack-r3,attack,T1016,System Network Configuration Discovery,1;2;9,2026-08-07 21:45:49,2026-08-07 21:45:54,custom,atomic-red-team,True,"T1016 CUSTOM phase - rules 100250, 100251, 100252 deployed and all three smoke-tested firing (wazuh-analysisd -t clean). Single-technique atomics 1/2/9 only. Defender OFF, gaps 45-90s matching the baseline phase. Note 100252 fires twice per `net config` invocation because net.exe spawns net1.exe with identical arguments - deduplicated at export, same as rule 100200."
20260807-214640-attack-r4,attack,T1016,System Network Configuration Discovery,1;2;9,2026-08-07 21:46:40,2026-08-07 21:46:49,custom,atomic-red-team,True,"T1016 CUSTOM phase - rules 100250, 100251, 100252 deployed and all three smoke-tested firing (wazuh-analysisd -t clean). Single-technique atomics 1/2/9 only. Defender OFF, gaps 45-90s matching the baseline phase. Note 100252 fires twice per `net config` invocation because net.exe spawns net1.exe with identical arguments - deduplicated at export, same as rule 100200."
20260807-214845-attack-r5,attack,T1016,System Network Configuration Discovery,1;2;9,2026-08-07 21:48:45,2026-08-07 21:48:54,custom,atomic-red-team,True,"T1016 CUSTOM phase - rules 100250, 100251, 100252 deployed and all three smoke-tested firing (wazuh-analysisd -t clean). Single-technique atomics 1/2/9 only. Defender OFF, gaps 45-90s matching the baseline phase. Note 100252 fires twice per `net config` invocation because net.exe spawns net1.exe with identical arguments - deduplicated at export, same as rule 100200."
20260807-215011-benign-r1,benign,T1016,System Network Configuration Discovery,,2026-08-07 21:50:11,2026-08-07 21:50:16,custom,interactive-admin,True,"T1016 CUSTOM phase - rules 100250, 100251, 100252 deployed and all three smoke-tested firing (wazuh-analysisd -t clean). Single-technique atomics 1/2/9 only. Defender OFF, gaps 45-90s matching the baseline phase. Note 100252 fires twice per `net config` invocation because net.exe spawns net1.exe with identical arguments - deduplicated at export, same as rule 100200."
20260807-215144-benign-r2,benign,T1016,System Network Configuration Discovery,,2026-08-07 21:51:44,2026-08-07 21:51:47,custom,interactive-admin,True,"T1016 CUSTOM phase - rules 100250, 100251, 100252 deployed and all three smoke-tested firing (wazuh-analysisd -t clean). Single-technique atomics 1/2/9 only. Defender OFF, gaps 45-90s matching the baseline phase. Note 100252 fires twice per `net config` invocation because net.exe spawns net1.exe with identical arguments - deduplicated at export, same as rule 100200."
20260807-215226-benign-r3,benign,T1016,System Network Configuration Discovery,,2026-08-07 21:52:26,2026-08-07 21:52:28,custom,interactive-admin,True,"T1016 CUSTOM phase - rules 100250, 100251, 100252 deployed and all three smoke-tested firing (wazuh-analysisd -t clean). Single-technique atomics 1/2/9 only. Defender OFF, gaps 45-90s matching the baseline phase. Note 100252 fires twice per `net config` invocation because net.exe spawns net1.exe with identical arguments - deduplicated at export, same as rule 100200."
20260807-215303-benign-r4,benign,T1016,System Network Configuration Discovery,,2026-08-07 21:53:03,2026-08-07 21:53:06,custom,interactive-admin,True,"T1016 CUSTOM phase - rules 100250, 100251, 100252 deployed and all three smoke-tested firing (wazuh-analysisd -t clean). Single-technique atomics 1/2/9 only. Defender OFF, gaps 45-90s matching the baseline phase. Note 100252 fires twice per `net config` invocation because net.exe spawns net1.exe with identical arguments - deduplicated at export, same as rule 100200."
20260807-215355-benign-r5,benign,T1016,System Network Configuration Discovery,,2026-08-07 21:53:55,2026-08-07 21:54:00,custom,interactive-admin,True,"T1016 CUSTOM phase - rules 100250, 100251, 100252 deployed and all three smoke-tested firing (wazuh-analysisd -t clean). Single-technique atomics 1/2/9 only. Defender OFF, gaps 45-90s matching the baseline phase. Note 100252 fires twice per `net config` invocation because net.exe spawns net1.exe with identical arguments - deduplicated at export, same as rule 100200."
20260807-221636-attack-r1,attack,T1059.001,PowerShell,6;7;13;14;15;16;17,2026-08-07 22:16:36,2026-08-07 22:17:10,baseline,atomic-red-team,True,"T1059.001 BASELINE phase - block 100210-100219 not yet written. Tests 6,7,13,14,15,16,17. **TEST 7 IS BROKEN UPSTREAM** - exit code 255 on all 5 runs with a mismatched-quote error in the atomic's own command string ('powershell.exe"" -exec bypass -noprofile ""$Xml' is not recognized); it never executes, so it is a defective test not a detection miss. Excluded from the custom phase. TEST 6 has an EXTERNAL DEPENDENCY - it is a download cradle using MsXml2.XMLHTTP and made real outbound requests ('Download Cradle test success!'); worked 5/5 but a future failure is environmental. Tests 13-16 required the AtomicTestHarnesses module, installed via -GetPrereqs (logged in BUILD_LOG); before that they failed with 'not recognized as the name of a cmdlet', which is indistinguishable from a technique going undetected. Tests 14/15/16 generate base64 -EncodedCommand / -EncodedArguments command lines - the primary real-world evasion and the main target for the custom rule. EXCLUDED at selection: 1,4 (Mimikatz), 2,3 (BloodHound), 19 (PowerUp), 21,22 (SOAPHound), 18 (known malicious cmdlets) - all download offensive frameworks at runtime and are really other techniques launched via PowerShell; 8 (mshta, actually T1218.005) and 20 (nslookup DNS abuse, actually T1071) as multi-technique; 5 (Invoke-AppPathBypass - a UAC bypass, T1548.002, plus a registry write T1112, and it opens a GUI window each run); 10,11,12 (fileless, ADS, remoting) need their own detection logic and are candidates for a second T1059.001 pass. Defender OFF, gaps 45-90s both phases."
20260807-221858-attack-r2,attack,T1059.001,PowerShell,6;7;13;14;15;16;17,2026-08-07 22:18:58,2026-08-07 22:19:06,baseline,atomic-red-team,True,"T1059.001 BASELINE phase - block 100210-100219 not yet written. Tests 6,7,13,14,15,16,17. **TEST 7 IS BROKEN UPSTREAM** - exit code 255 on all 5 runs with a mismatched-quote error in the atomic's own command string ('powershell.exe"" -exec bypass -noprofile ""$Xml' is not recognized); it never executes, so it is a defective test not a detection miss. Excluded from the custom phase. TEST 6 has an EXTERNAL DEPENDENCY - it is a download cradle using MsXml2.XMLHTTP and made real outbound requests ('Download Cradle test success!'); worked 5/5 but a future failure is environmental. Tests 13-16 required the AtomicTestHarnesses module, installed via -GetPrereqs (logged in BUILD_LOG); before that they failed with 'not recognized as the name of a cmdlet', which is indistinguishable from a technique going undetected. Tests 14/15/16 generate base64 -EncodedCommand / -EncodedArguments command lines - the primary real-world evasion and the main target for the custom rule. EXCLUDED at selection: 1,4 (Mimikatz), 2,3 (BloodHound), 19 (PowerUp), 21,22 (SOAPHound), 18 (known malicious cmdlets) - all download offensive frameworks at runtime and are really other techniques launched via PowerShell; 8 (mshta, actually T1218.005) and 20 (nslookup DNS abuse, actually T1071) as multi-technique; 5 (Invoke-AppPathBypass - a UAC bypass, T1548.002, plus a registry write T1112, and it opens a GUI window each run); 10,11,12 (fileless, ADS, remoting) need their own detection logic and are candidates for a second T1059.001 pass. Defender OFF, gaps 45-90s both phases."
20260807-221950-attack-r3,attack,T1059.001,PowerShell,6;7;13;14;15;16;17,2026-08-07 22:19:50,2026-08-07 22:20:04,baseline,atomic-red-team,True,"T1059.001 BASELINE phase - block 100210-100219 not yet written. Tests 6,7,13,14,15,16,17. **TEST 7 IS BROKEN UPSTREAM** - exit code 255 on all 5 runs with a mismatched-quote error in the atomic's own command string ('powershell.exe"" -exec bypass -noprofile ""$Xml' is not recognized); it never executes, so it is a defective test not a detection miss. Excluded from the custom phase. TEST 6 has an EXTERNAL DEPENDENCY - it is a download cradle using MsXml2.XMLHTTP and made real outbound requests ('Download Cradle test success!'); worked 5/5 but a future failure is environmental. Tests 13-16 required the AtomicTestHarnesses module, installed via -GetPrereqs (logged in BUILD_LOG); before that they failed with 'not recognized as the name of a cmdlet', which is indistinguishable from a technique going undetected. Tests 14/15/16 generate base64 -EncodedCommand / -EncodedArguments command lines - the primary real-world evasion and the main target for the custom rule. EXCLUDED at selection: 1,4 (Mimikatz), 2,3 (BloodHound), 19 (PowerUp), 21,22 (SOAPHound), 18 (known malicious cmdlets) - all download offensive frameworks at runtime and are really other techniques launched via PowerShell; 8 (mshta, actually T1218.005) and 20 (nslookup DNS abuse, actually T1071) as multi-technique; 5 (Invoke-AppPathBypass - a UAC bypass, T1548.002, plus a registry write T1112, and it opens a GUI window each run); 10,11,12 (fileless, ADS, remoting) need their own detection logic and are candidates for a second T1059.001 pass. Defender OFF, gaps 45-90s both phases."
20260807-222127-attack-r4,attack,T1059.001,PowerShell,6;7;13;14;15;16;17,2026-08-07 22:21:27,2026-08-07 22:21:39,baseline,atomic-red-team,True,"T1059.001 BASELINE phase - block 100210-100219 not yet written. Tests 6,7,13,14,15,16,17. **TEST 7 IS BROKEN UPSTREAM** - exit code 255 on all 5 runs with a mismatched-quote error in the atomic's own command string ('powershell.exe"" -exec bypass -noprofile ""$Xml' is not recognized); it never executes, so it is a defective test not a detection miss. Excluded from the custom phase. TEST 6 has an EXTERNAL DEPENDENCY - it is a download cradle using MsXml2.XMLHTTP and made real outbound requests ('Download Cradle test success!'); worked 5/5 but a future failure is environmental. Tests 13-16 required the AtomicTestHarnesses module, installed via -GetPrereqs (logged in BUILD_LOG); before that they failed with 'not recognized as the name of a cmdlet', which is indistinguishable from a technique going undetected. Tests 14/15/16 generate base64 -EncodedCommand / -EncodedArguments command lines - the primary real-world evasion and the main target for the custom rule. EXCLUDED at selection: 1,4 (Mimikatz), 2,3 (BloodHound), 19 (PowerUp), 21,22 (SOAPHound), 18 (known malicious cmdlets) - all download offensive frameworks at runtime and are really other techniques launched via PowerShell; 8 (mshta, actually T1218.005) and 20 (nslookup DNS abuse, actually T1071) as multi-technique; 5 (Invoke-AppPathBypass - a UAC bypass, T1548.002, plus a registry write T1112, and it opens a GUI window each run); 10,11,12 (fileless, ADS, remoting) need their own detection logic and are candidates for a second T1059.001 pass. Defender OFF, gaps 45-90s both phases."
20260807-222232-attack-r5,attack,T1059.001,PowerShell,6;7;13;14;15;16;17,2026-08-07 22:22:32,2026-08-07 22:22:41,baseline,atomic-red-team,True,"T1059.001 BASELINE phase - block 100210-100219 not yet written. Tests 6,7,13,14,15,16,17. **TEST 7 IS BROKEN UPSTREAM** - exit code 255 on all 5 runs with a mismatched-quote error in the atomic's own command string ('powershell.exe"" -exec bypass -noprofile ""$Xml' is not recognized); it never executes, so it is a defective test not a detection miss. Excluded from the custom phase. TEST 6 has an EXTERNAL DEPENDENCY - it is a download cradle using MsXml2.XMLHTTP and made real outbound requests ('Download Cradle test success!'); worked 5/5 but a future failure is environmental. Tests 13-16 required the AtomicTestHarnesses module, installed via -GetPrereqs (logged in BUILD_LOG); before that they failed with 'not recognized as the name of a cmdlet', which is indistinguishable from a technique going undetected. Tests 14/15/16 generate base64 -EncodedCommand / -EncodedArguments command lines - the primary real-world evasion and the main target for the custom rule. EXCLUDED at selection: 1,4 (Mimikatz), 2,3 (BloodHound), 19 (PowerUp), 21,22 (SOAPHound), 18 (known malicious cmdlets) - all download offensive frameworks at runtime and are really other techniques launched via PowerShell; 8 (mshta, actually T1218.005) and 20 (nslookup DNS abuse, actually T1071) as multi-technique; 5 (Invoke-AppPathBypass - a UAC bypass, T1548.002, plus a registry write T1112, and it opens a GUI window each run); 10,11,12 (fileless, ADS, remoting) need their own detection logic and are candidates for a second T1059.001 pass. Defender OFF, gaps 45-90s both phases."
20260807-222437-benign-r1,benign,T1059.001,PowerShell,,2026-08-07 22:24:37,2026-08-07 22:24:41,baseline,interactive-admin,True,"SUPERSEDED - BENIGN MIRROR TOO NARROW. Produced only 5 alerts against 61 real attack alerts (after excluding harness compilation artefacts), and exercised neither -Command nor -EncodedCommand, the two paths the atomics use most. Mirror widened to include both, plus an -EncodedCommand invocation representing an automation script - base64 PowerShell is routine in scheduled tasks and deployment tooling, so a benign class that never encodes anything lets a model separate on base64 alone. Superseded by the re-run with the widened mirror."
20260807-222539-benign-r2,benign,T1059.001,PowerShell,,2026-08-07 22:25:39,2026-08-07 22:25:44,baseline,interactive-admin,True,"SUPERSEDED - BENIGN MIRROR TOO NARROW. Produced only 5 alerts against 61 real attack alerts (after excluding harness compilation artefacts), and exercised neither -Command nor -EncodedCommand, the two paths the atomics use most. Mirror widened to include both, plus an -EncodedCommand invocation representing an automation script - base64 PowerShell is routine in scheduled tasks and deployment tooling, so a benign class that never encodes anything lets a model separate on base64 alone. Superseded by the re-run with the widened mirror."
20260807-222710-benign-r3,benign,T1059.001,PowerShell,,2026-08-07 22:27:10,2026-08-07 22:27:19,baseline,interactive-admin,True,"SUPERSEDED - BENIGN MIRROR TOO NARROW. Produced only 5 alerts against 61 real attack alerts (after excluding harness compilation artefacts), and exercised neither -Command nor -EncodedCommand, the two paths the atomics use most. Mirror widened to include both, plus an -EncodedCommand invocation representing an automation script - base64 PowerShell is routine in scheduled tasks and deployment tooling, so a benign class that never encodes anything lets a model separate on base64 alone. Superseded by the re-run with the widened mirror."
20260807-222824-benign-r4,benign,T1059.001,PowerShell,,2026-08-07 22:28:24,2026-08-07 22:28:26,baseline,interactive-admin,True,"SUPERSEDED - BENIGN MIRROR TOO NARROW. Produced only 5 alerts against 61 real attack alerts (after excluding harness compilation artefacts), and exercised neither -Command nor -EncodedCommand, the two paths the atomics use most. Mirror widened to include both, plus an -EncodedCommand invocation representing an automation script - base64 PowerShell is routine in scheduled tasks and deployment tooling, so a benign class that never encodes anything lets a model separate on base64 alone. Superseded by the re-run with the widened mirror."
20260807-222907-benign-r5,benign,T1059.001,PowerShell,,2026-08-07 22:29:07,2026-08-07 22:29:11,baseline,interactive-admin,True,"SUPERSEDED - BENIGN MIRROR TOO NARROW. Produced only 5 alerts against 61 real attack alerts (after excluding harness compilation artefacts), and exercised neither -Command nor -EncodedCommand, the two paths the atomics use most. Mirror widened to include both, plus an -EncodedCommand invocation representing an automation script - base64 PowerShell is routine in scheduled tasks and deployment tooling, so a benign class that never encodes anything lets a model separate on base64 alone. Superseded by the re-run with the widened mirror."
20260807-223432-benign-r1,benign,T1059.001,PowerShell,,2026-08-07 22:34:32,2026-08-07 22:34:41,baseline,interactive-admin,True,"T1059.001 BASELINE benign, widened mirror: child powershell -Command (Get-ChildItem, Get-Service) plus a powershell -EncodedCommand invocation standing in for an automation script. The encoded path is deliberate - it makes the classes confusable on the strongest single indicator rather than trivially separable. Defender OFF, gaps 45-90s matching the attack phase."
20260807-223531-benign-r2,benign,T1059.001,PowerShell,,2026-08-07 22:35:31,2026-08-07 22:35:42,baseline,interactive-admin,True,"T1059.001 BASELINE benign, widened mirror: child powershell -Command (Get-ChildItem, Get-Service) plus a powershell -EncodedCommand invocation standing in for an automation script. The encoded path is deliberate - it makes the classes confusable on the strongest single indicator rather than trivially separable. Defender OFF, gaps 45-90s matching the attack phase."
20260807-223736-benign-r3,benign,T1059.001,PowerShell,,2026-08-07 22:37:36,2026-08-07 22:37:48,baseline,interactive-admin,True,"T1059.001 BASELINE benign, widened mirror: child powershell -Command (Get-ChildItem, Get-Service) plus a powershell -EncodedCommand invocation standing in for an automation script. The encoded path is deliberate - it makes the classes confusable on the strongest single indicator rather than trivially separable. Defender OFF, gaps 45-90s matching the attack phase."
20260807-223827-benign-r4,benign,T1059.001,PowerShell,,2026-08-07 22:38:27,2026-08-07 22:38:36,baseline,interactive-admin,True,"T1059.001 BASELINE benign, widened mirror: child powershell -Command (Get-ChildItem, Get-Service) plus a powershell -EncodedCommand invocation standing in for an automation script. The encoded path is deliberate - it makes the classes confusable on the strongest single indicator rather than trivially separable. Defender OFF, gaps 45-90s matching the attack phase."
20260807-224020-benign-r5,benign,T1059.001,PowerShell,,2026-08-07 22:40:20,2026-08-07 22:40:36,baseline,interactive-admin,True,"T1059.001 BASELINE benign, widened mirror: child powershell -Command (Get-ChildItem, Get-Service) plus a powershell -EncodedCommand invocation standing in for an automation script. The encoded path is deliberate - it makes the classes confusable on the strongest single indicator rather than trivially separable. Defender OFF, gaps 45-90s matching the attack phase."
20260807-225328-attack-r1,attack,T1059.003,Windows Command Shell,1;2;3;5;6,2026-08-07 22:53:28,2026-08-07 22:53:35,baseline,atomic-red-team,True,"SUPERSEDED, but the original reason was a MISDIAGNOSIS - recorded honestly. It was superseded on the belief that multi-technique atomic test 3 caused custom rule 100240 (T1033 whoami) to fire. The re-run with tests 1,2,5,6 produced IDENTICAL contamination (44 -> 45 alerts, same images calc.exe/wscript.exe/whoami.exe, same 100240 count), disproving that. The real cause is structural: T1059.003 is a container technique - a command shell must execute something, and the payload has its own ATT&CK mapping. No test selection avoids it. This run is therefore equivalent to its replacement and is superseded only because the later run is the one analysed. See LABELLING_SCHEME.md 3b."
20260807-225413-attack-r2,attack,T1059.003,Windows Command Shell,1;2;3;5;6,2026-08-07 22:54:13,2026-08-07 22:54:17,baseline,atomic-red-team,True,"SUPERSEDED, but the original reason was a MISDIAGNOSIS - recorded honestly. It was superseded on the belief that multi-technique atomic test 3 caused custom rule 100240 (T1033 whoami) to fire. The re-run with tests 1,2,5,6 produced IDENTICAL contamination (44 -> 45 alerts, same images calc.exe/wscript.exe/whoami.exe, same 100240 count), disproving that. The real cause is structural: T1059.003 is a container technique - a command shell must execute something, and the payload has its own ATT&CK mapping. No test selection avoids it. This run is therefore equivalent to its replacement and is superseded only because the later run is the one analysed. See LABELLING_SCHEME.md 3b."
20260807-225508-attack-r3,attack,T1059.003,Windows Command Shell,1;2;3;5;6,2026-08-07 22:55:08,2026-08-07 22:57:12,baseline,atomic-red-team,True,"SUPERSEDED, but the original reason was a MISDIAGNOSIS - recorded honestly. It was superseded on the belief that multi-technique atomic test 3 caused custom rule 100240 (T1033 whoami) to fire. The re-run with tests 1,2,5,6 produced IDENTICAL contamination (44 -> 45 alerts, same images calc.exe/wscript.exe/whoami.exe, same 100240 count), disproving that. The real cause is structural: T1059.003 is a container technique - a command shell must execute something, and the payload has its own ATT&CK mapping. No test selection avoids it. This run is therefore equivalent to its replacement and is superseded only because the later run is the one analysed. See LABELLING_SCHEME.md 3b."
20260807-225806-attack-r4,attack,T1059.003,Windows Command Shell,1;2;3;5;6,2026-08-07 22:58:06,2026-08-07 22:58:09,baseline,atomic-red-team,True,"SUPERSEDED, but the original reason was a MISDIAGNOSIS - recorded honestly. It was superseded on the belief that multi-technique atomic test 3 caused custom rule 100240 (T1033 whoami) to fire. The re-run with tests 1,2,5,6 produced IDENTICAL contamination (44 -> 45 alerts, same images calc.exe/wscript.exe/whoami.exe, same 100240 count), disproving that. The real cause is structural: T1059.003 is a container technique - a command shell must execute something, and the payload has its own ATT&CK mapping. No test selection avoids it. This run is therefore equivalent to its replacement and is superseded only because the later run is the one analysed. See LABELLING_SCHEME.md 3b."
20260807-225920-attack-r5,attack,T1059.003,Windows Command Shell,1;2;3;5;6,2026-08-07 22:59:20,2026-08-07 22:59:28,baseline,atomic-red-team,True,"SUPERSEDED, but the original reason was a MISDIAGNOSIS - recorded honestly. It was superseded on the belief that multi-technique atomic test 3 caused custom rule 100240 (T1033 whoami) to fire. The re-run with tests 1,2,5,6 produced IDENTICAL contamination (44 -> 45 alerts, same images calc.exe/wscript.exe/whoami.exe, same 100240 count), disproving that. The real cause is structural: T1059.003 is a container technique - a command shell must execute something, and the payload has its own ATT&CK mapping. No test selection avoids it. This run is therefore equivalent to its replacement and is superseded only because the later run is the one analysed. See LABELLING_SCHEME.md 3b."
20260807-230127-benign-r1,benign,T1059.003,Windows Command Shell,,2026-08-07 23:01:27,2026-08-07 23:01:42,baseline,interactive-admin,True,"SUPERSEDED, but the original reason was a MISDIAGNOSIS - recorded honestly. It was superseded on the belief that multi-technique atomic test 3 caused custom rule 100240 (T1033 whoami) to fire. The re-run with tests 1,2,5,6 produced IDENTICAL contamination (44 -> 45 alerts, same images calc.exe/wscript.exe/whoami.exe, same 100240 count), disproving that. The real cause is structural: T1059.003 is a container technique - a command shell must execute something, and the payload has its own ATT&CK mapping. No test selection avoids it. This run is therefore equivalent to its replacement and is superseded only because the later run is the one analysed. See LABELLING_SCHEME.md 3b."
20260807-230245-benign-r2,benign,T1059.003,Windows Command Shell,,2026-08-07 23:02:45,2026-08-07 23:02:54,baseline,interactive-admin,True,"SUPERSEDED, but the original reason was a MISDIAGNOSIS - recorded honestly. It was superseded on the belief that multi-technique atomic test 3 caused custom rule 100240 (T1033 whoami) to fire. The re-run with tests 1,2,5,6 produced IDENTICAL contamination (44 -> 45 alerts, same images calc.exe/wscript.exe/whoami.exe, same 100240 count), disproving that. The real cause is structural: T1059.003 is a container technique - a command shell must execute something, and the payload has its own ATT&CK mapping. No test selection avoids it. This run is therefore equivalent to its replacement and is superseded only because the later run is the one analysed. See LABELLING_SCHEME.md 3b."
20260807-230349-benign-r3,benign,T1059.003,Windows Command Shell,,2026-08-07 23:03:49,2026-08-07 23:03:56,baseline,interactive-admin,True,"SUPERSEDED, but the original reason was a MISDIAGNOSIS - recorded honestly. It was superseded on the belief that multi-technique atomic test 3 caused custom rule 100240 (T1033 whoami) to fire. The re-run with tests 1,2,5,6 produced IDENTICAL contamination (44 -> 45 alerts, same images calc.exe/wscript.exe/whoami.exe, same 100240 count), disproving that. The real cause is structural: T1059.003 is a container technique - a command shell must execute something, and the payload has its own ATT&CK mapping. No test selection avoids it. This run is therefore equivalent to its replacement and is superseded only because the later run is the one analysed. See LABELLING_SCHEME.md 3b."
20260807-230509-benign-r4,benign,T1059.003,Windows Command Shell,,2026-08-07 23:05:09,2026-08-07 23:05:20,baseline,interactive-admin,True,"SUPERSEDED, but the original reason was a MISDIAGNOSIS - recorded honestly. It was superseded on the belief that multi-technique atomic test 3 caused custom rule 100240 (T1033 whoami) to fire. The re-run with tests 1,2,5,6 produced IDENTICAL contamination (44 -> 45 alerts, same images calc.exe/wscript.exe/whoami.exe, same 100240 count), disproving that. The real cause is structural: T1059.003 is a container technique - a command shell must execute something, and the payload has its own ATT&CK mapping. No test selection avoids it. This run is therefore equivalent to its replacement and is superseded only because the later run is the one analysed. See LABELLING_SCHEME.md 3b."
20260807-230615-benign-r5,benign,T1059.003,Windows Command Shell,,2026-08-07 23:06:15,2026-08-07 23:06:21,baseline,interactive-admin,True,"SUPERSEDED, but the original reason was a MISDIAGNOSIS - recorded honestly. It was superseded on the belief that multi-technique atomic test 3 caused custom rule 100240 (T1033 whoami) to fire. The re-run with tests 1,2,5,6 produced IDENTICAL contamination (44 -> 45 alerts, same images calc.exe/wscript.exe/whoami.exe, same 100240 count), disproving that. The real cause is structural: T1059.003 is a container technique - a command shell must execute something, and the payload has its own ATT&CK mapping. No test selection avoids it. This run is therefore equivalent to its replacement and is superseded only because the later run is the one analysed. See LABELLING_SCHEME.md 3b."
20260807-231042-attack-r1,attack,T1059.003,Windows Command Shell,1;2;5;6,2026-08-07 23:10:42,2026-08-07 23:11:00,baseline,atomic-red-team,True,"T1059.003 BASELINE, RE-RUN with single-technique atomics 1,2,5,6 only. Supersedes the 22:53-23:05 baseline, which included multi-technique test 3. Excluded test 4 (BlackByte print bombing - resource exhaustion, T1499 territory, and would swamp the class from one atomic). Defender OFF, gaps 45-90s. NOTE: rule 92213 firing on the .vbs/.bat writes is a GENUINE detection of the file drop misattributed to T1105, NOT a harness artefact - not excluded. The Add-Type/csc filter correctly did not over-match, since Temp\AtomicTest.vbs is single-level rather than the compiler's two-level scratch path."
20260807-231208-attack-r2,attack,T1059.003,Windows Command Shell,1;2;5;6,2026-08-07 23:12:08,2026-08-07 23:12:16,baseline,atomic-red-team,True,"T1059.003 BASELINE, RE-RUN with single-technique atomics 1,2,5,6 only. Supersedes the 22:53-23:05 baseline, which included multi-technique test 3. Excluded test 4 (BlackByte print bombing - resource exhaustion, T1499 territory, and would swamp the class from one atomic). Defender OFF, gaps 45-90s. NOTE: rule 92213 firing on the .vbs/.bat writes is a GENUINE detection of the file drop misattributed to T1105, NOT a harness artefact - not excluded. The Add-Type/csc filter correctly did not over-match, since Temp\AtomicTest.vbs is single-level rather than the compiler's two-level scratch path."
20260807-231340-attack-r3,attack,T1059.003,Windows Command Shell,1;2;5;6,2026-08-07 23:13:40,2026-08-07 23:14:03,baseline,atomic-red-team,True,"T1059.003 BASELINE, RE-RUN with single-technique atomics 1,2,5,6 only. Supersedes the 22:53-23:05 baseline, which included multi-technique test 3. Excluded test 4 (BlackByte print bombing - resource exhaustion, T1499 territory, and would swamp the class from one atomic). Defender OFF, gaps 45-90s. NOTE: rule 92213 firing on the .vbs/.bat writes is a GENUINE detection of the file drop misattributed to T1105, NOT a harness artefact - not excluded. The Add-Type/csc filter correctly did not over-match, since Temp\AtomicTest.vbs is single-level rather than the compiler's two-level scratch path."
20260807-231435-attack-r4,attack,T1059.003,Windows Command Shell,1;2;5;6,2026-08-07 23:14:35,2026-08-07 23:14:37,baseline,atomic-red-team,True,"T1059.003 BASELINE, RE-RUN with single-technique atomics 1,2,5,6 only. Supersedes the 22:53-23:05 baseline, which included multi-technique test 3. Excluded test 4 (BlackByte print bombing - resource exhaustion, T1499 territory, and would swamp the class from one atomic). Defender OFF, gaps 45-90s. NOTE: rule 92213 firing on the .vbs/.bat writes is a GENUINE detection of the file drop misattributed to T1105, NOT a harness artefact - not excluded. The Add-Type/csc filter correctly did not over-match, since Temp\AtomicTest.vbs is single-level rather than the compiler's two-level scratch path."
20260807-231534-attack-r5,attack,T1059.003,Windows Command Shell,1;2;5;6,2026-08-07 23:15:34,2026-08-07 23:15:40,baseline,atomic-red-team,True,"T1059.003 BASELINE, RE-RUN with single-technique atomics 1,2,5,6 only. Supersedes the 22:53-23:05 baseline, which included multi-technique test 3. Excluded test 4 (BlackByte print bombing - resource exhaustion, T1499 territory, and would swamp the class from one atomic). Defender OFF, gaps 45-90s. NOTE: rule 92213 firing on the .vbs/.bat writes is a GENUINE detection of the file drop misattributed to T1105, NOT a harness artefact - not excluded. The Add-Type/csc filter correctly did not over-match, since Temp\AtomicTest.vbs is single-level rather than the compiler's two-level scratch path."
20260807-231723-benign-r1,benign,T1059.003,Windows Command Shell,,2026-08-07 23:17:23,2026-08-07 23:17:33,baseline,interactive-admin,True,"T1059.003 BASELINE, RE-RUN with single-technique atomics 1,2,5,6 only. Supersedes the 22:53-23:05 baseline, which included multi-technique test 3. Excluded test 4 (BlackByte print bombing - resource exhaustion, T1499 territory, and would swamp the class from one atomic). Defender OFF, gaps 45-90s. NOTE: rule 92213 firing on the .vbs/.bat writes is a GENUINE detection of the file drop misattributed to T1105, NOT a harness artefact - not excluded. The Add-Type/csc filter correctly did not over-match, since Temp\AtomicTest.vbs is single-level rather than the compiler's two-level scratch path."
20260807-231820-benign-r2,benign,T1059.003,Windows Command Shell,,2026-08-07 23:18:20,2026-08-07 23:18:27,baseline,interactive-admin,True,"T1059.003 BASELINE, RE-RUN with single-technique atomics 1,2,5,6 only. Supersedes the 22:53-23:05 baseline, which included multi-technique test 3. Excluded test 4 (BlackByte print bombing - resource exhaustion, T1499 territory, and would swamp the class from one atomic). Defender OFF, gaps 45-90s. NOTE: rule 92213 firing on the .vbs/.bat writes is a GENUINE detection of the file drop misattributed to T1105, NOT a harness artefact - not excluded. The Add-Type/csc filter correctly did not over-match, since Temp\AtomicTest.vbs is single-level rather than the compiler's two-level scratch path."
20260807-231924-benign-r3,benign,T1059.003,Windows Command Shell,,2026-08-07 23:19:24,2026-08-07 23:19:32,baseline,interactive-admin,True,"T1059.003 BASELINE, RE-RUN with single-technique atomics 1,2,5,6 only. Supersedes the 22:53-23:05 baseline, which included multi-technique test 3. Excluded test 4 (BlackByte print bombing - resource exhaustion, T1499 territory, and would swamp the class from one atomic). Defender OFF, gaps 45-90s. NOTE: rule 92213 firing on the .vbs/.bat writes is a GENUINE detection of the file drop misattributed to T1105, NOT a harness artefact - not excluded. The Add-Type/csc filter correctly did not over-match, since Temp\AtomicTest.vbs is single-level rather than the compiler's two-level scratch path."
20260807-232039-benign-r4,benign,T1059.003,Windows Command Shell,,2026-08-07 23:20:39,2026-08-07 23:20:48,baseline,interactive-admin,True,"T1059.003 BASELINE, RE-RUN with single-technique atomics 1,2,5,6 only. Supersedes the 22:53-23:05 baseline, which included multi-technique test 3. Excluded test 4 (BlackByte print bombing - resource exhaustion, T1499 territory, and would swamp the class from one atomic). Defender OFF, gaps 45-90s. NOTE: rule 92213 firing on the .vbs/.bat writes is a GENUINE detection of the file drop misattributed to T1105, NOT a harness artefact - not excluded. The Add-Type/csc filter correctly did not over-match, since Temp\AtomicTest.vbs is single-level rather than the compiler's two-level scratch path."
20260807-232203-benign-r5,benign,T1059.003,Windows Command Shell,,2026-08-07 23:22:03,2026-08-07 23:22:09,baseline,interactive-admin,True,"T1059.003 BASELINE, RE-RUN with single-technique atomics 1,2,5,6 only. Supersedes the 22:53-23:05 baseline, which included multi-technique test 3. Excluded test 4 (BlackByte print bombing - resource exhaustion, T1499 territory, and would swamp the class from one atomic). Defender OFF, gaps 45-90s. NOTE: rule 92213 firing on the .vbs/.bat writes is a GENUINE detection of the file drop misattributed to T1105, NOT a harness artefact - not excluded. The Add-Type/csc filter correctly did not over-match, since Temp\AtomicTest.vbs is single-level rather than the compiler's two-level scratch path."
20260807-234552-attack-r1,attack,T1053.005,Scheduled Task,1;2;4;6;9,2026-08-07 23:45:52,2026-08-07 23:49:03,baseline,atomic-red-team,True,"SUPERSEDED - OUTLIER WINDOW, COLLISION NOT FULLY AVOIDED. This window ran 191s against 5-9s for runs 2-5 and produced 16 alerts against a consistent 8 - exactly double. The pre-run cleanup did not prevent a collision on the first iteration, so this window measured a mixture of successful and failed task creation rather than creation alone. Runs 2-5 are clean and consistent; this one is excluded rather than averaged in. Cleanup placement itself was validated: 40 unlabelled alerts mentioning schtasks confirm the deletions landed in dead time outside every window."
20260807-235247-attack-r2,attack,T1053.005,Scheduled Task,1;2;4;6;9,2026-08-07 23:52:47,2026-08-07 23:52:53,baseline,atomic-red-team,True,"T1053.005 BASELINE phase - first PERSISTENCE technique, block 100270-100279 not yet written. Tests 1,2,4,6,9 (schtasks create, PowerShell Register-ScheduledTask, WMI Invoke-CimMethod, task modification). Excluded 3 (needs a remote host), 5 (VBA - needs Office, really T1059.005), 7 (payload staged in registry - spans T1112), 8 (hidden attribute - T1564), 10 (Ghost Task via direct registry surgery - T1112, and awkward to clean), 11/12 (CompMgmt.msc / Eventviewer.msc hijack - T1546.001). **RAN WITH -CleanupBetweenRuns.** A first attempt without it had to be aborted: these atomics create NAMED persistent tasks, so run 1 created them and run 2 measured FAILED creation - exit code 0xC0000142, a blocking 'task already exists, replace? (Y/N)' prompt that timed out after 120s, and Register-ScheduledTask returning 'Cannot create a file when that file already exists'. Six tasks were left stranded (AtomicTask, AtomicTaskModified, spawn, T1053_005_OnLogon, T1053_005_OnStartup, T1053_005_WMI). Cleanup now runs in DEAD TIME - 130s after window_end, past the 120s label buffer, before the next window - so deletion telemetry is attributed to no window. Gaps 180-300s in both phases, forced by that timing. Benign mirror widened BEFORE the run to create AND delete a task (self-cleaning), since a query-only mirror would have made task creation a free discriminator. ⚠️ ATTACK RUN 1 took 191s against 5-9s for runs 2-5 - roughly a 120s timeout plus work, suggesting it still hit a collision despite the pre-run cleanup. Compare its alert count against runs 2-5; if it is an outlier, supersede that window rather than averaging it in."
20260807-235638-attack-r3,attack,T1053.005,Scheduled Task,1;2;4;6;9,2026-08-07 23:56:38,2026-08-07 23:56:47,baseline,atomic-red-team,True,"T1053.005 BASELINE phase - first PERSISTENCE technique, block 100270-100279 not yet written. Tests 1,2,4,6,9 (schtasks create, PowerShell Register-ScheduledTask, WMI Invoke-CimMethod, task modification). Excluded 3 (needs a remote host), 5 (VBA - needs Office, really T1059.005), 7 (payload staged in registry - spans T1112), 8 (hidden attribute - T1564), 10 (Ghost Task via direct registry surgery - T1112, and awkward to clean), 11/12 (CompMgmt.msc / Eventviewer.msc hijack - T1546.001). **RAN WITH -CleanupBetweenRuns.** A first attempt without it had to be aborted: these atomics create NAMED persistent tasks, so run 1 created them and run 2 measured FAILED creation - exit code 0xC0000142, a blocking 'task already exists, replace? (Y/N)' prompt that timed out after 120s, and Register-ScheduledTask returning 'Cannot create a file when that file already exists'. Six tasks were left stranded (AtomicTask, AtomicTaskModified, spawn, T1053_005_OnLogon, T1053_005_OnStartup, T1053_005_WMI). Cleanup now runs in DEAD TIME - 130s after window_end, past the 120s label buffer, before the next window - so deletion telemetry is attributed to no window. Gaps 180-300s in both phases, forced by that timing. Benign mirror widened BEFORE the run to create AND delete a task (self-cleaning), since a query-only mirror would have made task creation a free discriminator. ⚠️ ATTACK RUN 1 took 191s against 5-9s for runs 2-5 - roughly a 120s timeout plus work, suggesting it still hit a collision despite the pre-run cleanup. Compare its alert count against runs 2-5; if it is an outlier, supersede that window rather than averaging it in."
20260808-000046-attack-r4,attack,T1053.005,Scheduled Task,1;2;4;6;9,2026-08-08 00:00:46,2026-08-08 00:00:51,baseline,atomic-red-team,True,"T1053.005 BASELINE phase - first PERSISTENCE technique, block 100270-100279 not yet written. Tests 1,2,4,6,9 (schtasks create, PowerShell Register-ScheduledTask, WMI Invoke-CimMethod, task modification). Excluded 3 (needs a remote host), 5 (VBA - needs Office, really T1059.005), 7 (payload staged in registry - spans T1112), 8 (hidden attribute - T1564), 10 (Ghost Task via direct registry surgery - T1112, and awkward to clean), 11/12 (CompMgmt.msc / Eventviewer.msc hijack - T1546.001). **RAN WITH -CleanupBetweenRuns.** A first attempt without it had to be aborted: these atomics create NAMED persistent tasks, so run 1 created them and run 2 measured FAILED creation - exit code 0xC0000142, a blocking 'task already exists, replace? (Y/N)' prompt that timed out after 120s, and Register-ScheduledTask returning 'Cannot create a file when that file already exists'. Six tasks were left stranded (AtomicTask, AtomicTaskModified, spawn, T1053_005_OnLogon, T1053_005_OnStartup, T1053_005_WMI). Cleanup now runs in DEAD TIME - 130s after window_end, past the 120s label buffer, before the next window - so deletion telemetry is attributed to no window. Gaps 180-300s in both phases, forced by that timing. Benign mirror widened BEFORE the run to create AND delete a task (self-cleaning), since a query-only mirror would have made task creation a free discriminator. ⚠️ ATTACK RUN 1 took 191s against 5-9s for runs 2-5 - roughly a 120s timeout plus work, suggesting it still hit a collision despite the pre-run cleanup. Compare its alert count against runs 2-5; if it is an outlier, supersede that window rather than averaging it in."
20260808-000559-attack-r5,attack,T1053.005,Scheduled Task,1;2;4;6;9,2026-08-08 00:05:59,2026-08-08 00:06:05,baseline,atomic-red-team,True,"T1053.005 BASELINE phase - first PERSISTENCE technique, block 100270-100279 not yet written. Tests 1,2,4,6,9 (schtasks create, PowerShell Register-ScheduledTask, WMI Invoke-CimMethod, task modification). Excluded 3 (needs a remote host), 5 (VBA - needs Office, really T1059.005), 7 (payload staged in registry - spans T1112), 8 (hidden attribute - T1564), 10 (Ghost Task via direct registry surgery - T1112, and awkward to clean), 11/12 (CompMgmt.msc / Eventviewer.msc hijack - T1546.001). **RAN WITH -CleanupBetweenRuns.** A first attempt without it had to be aborted: these atomics create NAMED persistent tasks, so run 1 created them and run 2 measured FAILED creation - exit code 0xC0000142, a blocking 'task already exists, replace? (Y/N)' prompt that timed out after 120s, and Register-ScheduledTask returning 'Cannot create a file when that file already exists'. Six tasks were left stranded (AtomicTask, AtomicTaskModified, spawn, T1053_005_OnLogon, T1053_005_OnStartup, T1053_005_WMI). Cleanup now runs in DEAD TIME - 130s after window_end, past the 120s label buffer, before the next window - so deletion telemetry is attributed to no window. Gaps 180-300s in both phases, forced by that timing. Benign mirror widened BEFORE the run to create AND delete a task (self-cleaning), since a query-only mirror would have made task creation a free discriminator. ⚠️ ATTACK RUN 1 took 191s against 5-9s for runs 2-5 - roughly a 120s timeout plus work, suggesting it still hit a collision despite the pre-run cleanup. Compare its alert count against runs 2-5; if it is an outlier, supersede that window rather than averaging it in."
20260808-001002-benign-r1,benign,T1053.005,Scheduled Task,,2026-08-08 00:10:02,2026-08-08 00:10:22,baseline,interactive-admin,True,"T1053.005 BASELINE phase - first PERSISTENCE technique, block 100270-100279 not yet written. Tests 1,2,4,6,9 (schtasks create, PowerShell Register-ScheduledTask, WMI Invoke-CimMethod, task modification). Excluded 3 (needs a remote host), 5 (VBA - needs Office, really T1059.005), 7 (payload staged in registry - spans T1112), 8 (hidden attribute - T1564), 10 (Ghost Task via direct registry surgery - T1112, and awkward to clean), 11/12 (CompMgmt.msc / Eventviewer.msc hijack - T1546.001). **RAN WITH -CleanupBetweenRuns.** A first attempt without it had to be aborted: these atomics create NAMED persistent tasks, so run 1 created them and run 2 measured FAILED creation - exit code 0xC0000142, a blocking 'task already exists, replace? (Y/N)' prompt that timed out after 120s, and Register-ScheduledTask returning 'Cannot create a file when that file already exists'. Six tasks were left stranded (AtomicTask, AtomicTaskModified, spawn, T1053_005_OnLogon, T1053_005_OnStartup, T1053_005_WMI). Cleanup now runs in DEAD TIME - 130s after window_end, past the 120s label buffer, before the next window - so deletion telemetry is attributed to no window. Gaps 180-300s in both phases, forced by that timing. Benign mirror widened BEFORE the run to create AND delete a task (self-cleaning), since a query-only mirror would have made task creation a free discriminator. ⚠️ ATTACK RUN 1 took 191s against 5-9s for runs 2-5 - roughly a 120s timeout plus work, suggesting it still hit a collision despite the pre-run cleanup. Compare its alert count against runs 2-5; if it is an outlier, supersede that window rather than averaging it in."
20260808-001340-benign-r2,benign,T1053.005,Scheduled Task,,2026-08-08 00:13:40,2026-08-08 00:13:58,baseline,interactive-admin,True,"T1053.005 BASELINE phase - first PERSISTENCE technique, block 100270-100279 not yet written. Tests 1,2,4,6,9 (schtasks create, PowerShell Register-ScheduledTask, WMI Invoke-CimMethod, task modification). Excluded 3 (needs a remote host), 5 (VBA - needs Office, really T1059.005), 7 (payload staged in registry - spans T1112), 8 (hidden attribute - T1564), 10 (Ghost Task via direct registry surgery - T1112, and awkward to clean), 11/12 (CompMgmt.msc / Eventviewer.msc hijack - T1546.001). **RAN WITH -CleanupBetweenRuns.** A first attempt without it had to be aborted: these atomics create NAMED persistent tasks, so run 1 created them and run 2 measured FAILED creation - exit code 0xC0000142, a blocking 'task already exists, replace? (Y/N)' prompt that timed out after 120s, and Register-ScheduledTask returning 'Cannot create a file when that file already exists'. Six tasks were left stranded (AtomicTask, AtomicTaskModified, spawn, T1053_005_OnLogon, T1053_005_OnStartup, T1053_005_WMI). Cleanup now runs in DEAD TIME - 130s after window_end, past the 120s label buffer, before the next window - so deletion telemetry is attributed to no window. Gaps 180-300s in both phases, forced by that timing. Benign mirror widened BEFORE the run to create AND delete a task (self-cleaning), since a query-only mirror would have made task creation a free discriminator. ⚠️ ATTACK RUN 1 took 191s against 5-9s for runs 2-5 - roughly a 120s timeout plus work, suggesting it still hit a collision despite the pre-run cleanup. Compare its alert count against runs 2-5; if it is an outlier, supersede that window rather than averaging it in."
20260808-001827-benign-r3,benign,T1053.005,Scheduled Task,,2026-08-08 00:18:27,2026-08-08 00:18:46,baseline,interactive-admin,True,"T1053.005 BASELINE phase - first PERSISTENCE technique, block 100270-100279 not yet written. Tests 1,2,4,6,9 (schtasks create, PowerShell Register-ScheduledTask, WMI Invoke-CimMethod, task modification). Excluded 3 (needs a remote host), 5 (VBA - needs Office, really T1059.005), 7 (payload staged in registry - spans T1112), 8 (hidden attribute - T1564), 10 (Ghost Task via direct registry surgery - T1112, and awkward to clean), 11/12 (CompMgmt.msc / Eventviewer.msc hijack - T1546.001). **RAN WITH -CleanupBetweenRuns.** A first attempt without it had to be aborted: these atomics create NAMED persistent tasks, so run 1 created them and run 2 measured FAILED creation - exit code 0xC0000142, a blocking 'task already exists, replace? (Y/N)' prompt that timed out after 120s, and Register-ScheduledTask returning 'Cannot create a file when that file already exists'. Six tasks were left stranded (AtomicTask, AtomicTaskModified, spawn, T1053_005_OnLogon, T1053_005_OnStartup, T1053_005_WMI). Cleanup now runs in DEAD TIME - 130s after window_end, past the 120s label buffer, before the next window - so deletion telemetry is attributed to no window. Gaps 180-300s in both phases, forced by that timing. Benign mirror widened BEFORE the run to create AND delete a task (self-cleaning), since a query-only mirror would have made task creation a free discriminator. ⚠️ ATTACK RUN 1 took 191s against 5-9s for runs 2-5 - roughly a 120s timeout plus work, suggesting it still hit a collision despite the pre-run cleanup. Compare its alert count against runs 2-5; if it is an outlier, supersede that window rather than averaging it in."
20260808-002220-benign-r4,benign,T1053.005,Scheduled Task,,2026-08-08 00:22:20,2026-08-08 00:22:30,baseline,interactive-admin,True,"T1053.005 BASELINE phase - first PERSISTENCE technique, block 100270-100279 not yet written. Tests 1,2,4,6,9 (schtasks create, PowerShell Register-ScheduledTask, WMI Invoke-CimMethod, task modification). Excluded 3 (needs a remote host), 5 (VBA - needs Office, really T1059.005), 7 (payload staged in registry - spans T1112), 8 (hidden attribute - T1564), 10 (Ghost Task via direct registry surgery - T1112, and awkward to clean), 11/12 (CompMgmt.msc / Eventviewer.msc hijack - T1546.001). **RAN WITH -CleanupBetweenRuns.** A first attempt without it had to be aborted: these atomics create NAMED persistent tasks, so run 1 created them and run 2 measured FAILED creation - exit code 0xC0000142, a blocking 'task already exists, replace? (Y/N)' prompt that timed out after 120s, and Register-ScheduledTask returning 'Cannot create a file when that file already exists'. Six tasks were left stranded (AtomicTask, AtomicTaskModified, spawn, T1053_005_OnLogon, T1053_005_OnStartup, T1053_005_WMI). Cleanup now runs in DEAD TIME - 130s after window_end, past the 120s label buffer, before the next window - so deletion telemetry is attributed to no window. Gaps 180-300s in both phases, forced by that timing. Benign mirror widened BEFORE the run to create AND delete a task (self-cleaning), since a query-only mirror would have made task creation a free discriminator. ⚠️ ATTACK RUN 1 took 191s against 5-9s for runs 2-5 - roughly a 120s timeout plus work, suggesting it still hit a collision despite the pre-run cleanup. Compare its alert count against runs 2-5; if it is an outlier, supersede that window rather than averaging it in."
20260808-002701-benign-r5,benign,T1053.005,Scheduled Task,,2026-08-08 00:27:01,2026-08-08 00:27:18,baseline,interactive-admin,True,"T1053.005 BASELINE phase - first PERSISTENCE technique, block 100270-100279 not yet written. Tests 1,2,4,6,9 (schtasks create, PowerShell Register-ScheduledTask, WMI Invoke-CimMethod, task modification). Excluded 3 (needs a remote host), 5 (VBA - needs Office, really T1059.005), 7 (payload staged in registry - spans T1112), 8 (hidden attribute - T1564), 10 (Ghost Task via direct registry surgery - T1112, and awkward to clean), 11/12 (CompMgmt.msc / Eventviewer.msc hijack - T1546.001). **RAN WITH -CleanupBetweenRuns.** A first attempt without it had to be aborted: these atomics create NAMED persistent tasks, so run 1 created them and run 2 measured FAILED creation - exit code 0xC0000142, a blocking 'task already exists, replace? (Y/N)' prompt that timed out after 120s, and Register-ScheduledTask returning 'Cannot create a file when that file already exists'. Six tasks were left stranded (AtomicTask, AtomicTaskModified, spawn, T1053_005_OnLogon, T1053_005_OnStartup, T1053_005_WMI). Cleanup now runs in DEAD TIME - 130s after window_end, past the 120s label buffer, before the next window - so deletion telemetry is attributed to no window. Gaps 180-300s in both phases, forced by that timing. Benign mirror widened BEFORE the run to create AND delete a task (self-cleaning), since a query-only mirror would have made task creation a free discriminator. ⚠️ ATTACK RUN 1 took 191s against 5-9s for runs 2-5 - roughly a 120s timeout plus work, suggesting it still hit a collision despite the pre-run cleanup. Compare its alert count against runs 2-5; if it is an outlier, supersede that window rather than averaging it in."
20260808-003706-attack-r1,attack,T1053.005,Scheduled Task,1;2;4;6;9,2026-08-08 00:37:06,2026-08-08 00:38:20,custom,atomic-red-team,True,"T1053.005 CUSTOM phase - rules 100270 and 100271 deployed, both smoke-tested firing (wazuh-analysisd -t clean). Ran with -CleanupBetweenRuns; window durations 74/28/6/8/4s, no 191s stall this time after clearing a stranded 'spawn' task left by smoke testing. Gaps 180-300s in both phases. SMOKE-TEST LESSON: 100270 initially appeared not to fire because the test ran schtasks directly from powershell.exe. All 57 schtasks.exe events in the dataset have parent cmd.exe and match built-in rule 92032, which is what places them in sysmon_eid1_detections - the group 100270 chains from. Running schtasks without a cmd.exe parent never enters that group, so the rule had nothing to chain onto. Bad smoke test, not a bad rule; confirmed by retesting through cmd.exe /c. Also noted: atomic 2 uses uppercase /Create, so case-insensitive matching is mandatory - a rule without (?i) would silently miss a third of the atomics."
20260808-004103-attack-r2,attack,T1053.005,Scheduled Task,1;2;4;6;9,2026-08-08 00:41:03,2026-08-08 00:41:31,custom,atomic-red-team,True,"T1053.005 CUSTOM phase - rules 100270 and 100271 deployed, both smoke-tested firing (wazuh-analysisd -t clean). Ran with -CleanupBetweenRuns; window durations 74/28/6/8/4s, no 191s stall this time after clearing a stranded 'spawn' task left by smoke testing. Gaps 180-300s in both phases. SMOKE-TEST LESSON: 100270 initially appeared not to fire because the test ran schtasks directly from powershell.exe. All 57 schtasks.exe events in the dataset have parent cmd.exe and match built-in rule 92032, which is what places them in sysmon_eid1_detections - the group 100270 chains from. Running schtasks without a cmd.exe parent never enters that group, so the rule had nothing to chain onto. Bad smoke test, not a bad rule; confirmed by retesting through cmd.exe /c. Also noted: atomic 2 uses uppercase /Create, so case-insensitive matching is mandatory - a rule without (?i) would silently miss a third of the atomics."
20260808-004626-attack-r3,attack,T1053.005,Scheduled Task,1;2;4;6;9,2026-08-08 00:46:26,2026-08-08 00:46:32,custom,atomic-red-team,True,"T1053.005 CUSTOM phase - rules 100270 and 100271 deployed, both smoke-tested firing (wazuh-analysisd -t clean). Ran with -CleanupBetweenRuns; window durations 74/28/6/8/4s, no 191s stall this time after clearing a stranded 'spawn' task left by smoke testing. Gaps 180-300s in both phases. SMOKE-TEST LESSON: 100270 initially appeared not to fire because the test ran schtasks directly from powershell.exe. All 57 schtasks.exe events in the dataset have parent cmd.exe and match built-in rule 92032, which is what places them in sysmon_eid1_detections - the group 100270 chains from. Running schtasks without a cmd.exe parent never enters that group, so the rule had nothing to chain onto. Bad smoke test, not a bad rule; confirmed by retesting through cmd.exe /c. Also noted: atomic 2 uses uppercase /Create, so case-insensitive matching is mandatory - a rule without (?i) would silently miss a third of the atomics."
20260808-005102-attack-r4,attack,T1053.005,Scheduled Task,1;2;4;6;9,2026-08-08 00:51:02,2026-08-08 00:51:10,custom,atomic-red-team,True,"T1053.005 CUSTOM phase - rules 100270 and 100271 deployed, both smoke-tested firing (wazuh-analysisd -t clean). Ran with -CleanupBetweenRuns; window durations 74/28/6/8/4s, no 191s stall this time after clearing a stranded 'spawn' task left by smoke testing. Gaps 180-300s in both phases. SMOKE-TEST LESSON: 100270 initially appeared not to fire because the test ran schtasks directly from powershell.exe. All 57 schtasks.exe events in the dataset have parent cmd.exe and match built-in rule 92032, which is what places them in sysmon_eid1_detections - the group 100270 chains from. Running schtasks without a cmd.exe parent never enters that group, so the rule had nothing to chain onto. Bad smoke test, not a bad rule; confirmed by retesting through cmd.exe /c. Also noted: atomic 2 uses uppercase /Create, so case-insensitive matching is mandatory - a rule without (?i) would silently miss a third of the atomics."
20260808-005511-attack-r5,attack,T1053.005,Scheduled Task,1;2;4;6;9,2026-08-08 00:55:11,2026-08-08 00:55:15,custom,atomic-red-team,True,"T1053.005 CUSTOM phase - rules 100270 and 100271 deployed, both smoke-tested firing (wazuh-analysisd -t clean). Ran with -CleanupBetweenRuns; window durations 74/28/6/8/4s, no 191s stall this time after clearing a stranded 'spawn' task left by smoke testing. Gaps 180-300s in both phases. SMOKE-TEST LESSON: 100270 initially appeared not to fire because the test ran schtasks directly from powershell.exe. All 57 schtasks.exe events in the dataset have parent cmd.exe and match built-in rule 92032, which is what places them in sysmon_eid1_detections - the group 100270 chains from. Running schtasks without a cmd.exe parent never enters that group, so the rule had nothing to chain onto. Bad smoke test, not a bad rule; confirmed by retesting through cmd.exe /c. Also noted: atomic 2 uses uppercase /Create, so case-insensitive matching is mandatory - a rule without (?i) would silently miss a third of the atomics."
20260808-005909-benign-r1,benign,T1053.005,Scheduled Task,,2026-08-08 00:59:09,2026-08-08 00:59:22,custom,interactive-admin,True,"T1053.005 CUSTOM phase - rules 100270 and 100271 deployed, both smoke-tested firing (wazuh-analysisd -t clean). Ran with -CleanupBetweenRuns; window durations 74/28/6/8/4s, no 191s stall this time after clearing a stranded 'spawn' task left by smoke testing. Gaps 180-300s in both phases. SMOKE-TEST LESSON: 100270 initially appeared not to fire because the test ran schtasks directly from powershell.exe. All 57 schtasks.exe events in the dataset have parent cmd.exe and match built-in rule 92032, which is what places them in sysmon_eid1_detections - the group 100270 chains from. Running schtasks without a cmd.exe parent never enters that group, so the rule had nothing to chain onto. Bad smoke test, not a bad rule; confirmed by retesting through cmd.exe /c. Also noted: atomic 2 uses uppercase /Create, so case-insensitive matching is mandatory - a rule without (?i) would silently miss a third of the atomics."
20260808-011359-benign-r2,benign,T1053.005,Scheduled Task,,2026-08-08 01:13:59,2026-08-08 01:14:53,custom,interactive-admin,True,"T1053.005 CUSTOM phase - rules 100270 and 100271 deployed, both smoke-tested firing (wazuh-analysisd -t clean). Ran with -CleanupBetweenRuns; window durations 74/28/6/8/4s, no 191s stall this time after clearing a stranded 'spawn' task left by smoke testing. Gaps 180-300s in both phases. SMOKE-TEST LESSON: 100270 initially appeared not to fire because the test ran schtasks directly from powershell.exe. All 57 schtasks.exe events in the dataset have parent cmd.exe and match built-in rule 92032, which is what places them in sysmon_eid1_detections - the group 100270 chains from. Running schtasks without a cmd.exe parent never enters that group, so the rule had nothing to chain onto. Bad smoke test, not a bad rule; confirmed by retesting through cmd.exe /c. Also noted: atomic 2 uses uppercase /Create, so case-insensitive matching is mandatory - a rule without (?i) would silently miss a third of the atomics."
20260808-011721-benign-r3,benign,T1053.005,Scheduled Task,,2026-08-08 01:17:21,2026-08-08 01:17:33,custom,interactive-admin,True,"T1053.005 CUSTOM phase - rules 100270 and 100271 deployed, both smoke-tested firing (wazuh-analysisd -t clean). Ran with -CleanupBetweenRuns; window durations 74/28/6/8/4s, no 191s stall this time after clearing a stranded 'spawn' task left by smoke testing. Gaps 180-300s in both phases. SMOKE-TEST LESSON: 100270 initially appeared not to fire because the test ran schtasks directly from powershell.exe. All 57 schtasks.exe events in the dataset have parent cmd.exe and match built-in rule 92032, which is what places them in sysmon_eid1_detections - the group 100270 chains from. Running schtasks without a cmd.exe parent never enters that group, so the rule had nothing to chain onto. Bad smoke test, not a bad rule; confirmed by retesting through cmd.exe /c. Also noted: atomic 2 uses uppercase /Create, so case-insensitive matching is mandatory - a rule without (?i) would silently miss a third of the atomics."
20260808-012046-benign-r4,benign,T1053.005,Scheduled Task,,2026-08-08 01:20:46,2026-08-08 01:21:01,custom,interactive-admin,True,"T1053.005 CUSTOM phase - rules 100270 and 100271 deployed, both smoke-tested firing (wazuh-analysisd -t clean). Ran with -CleanupBetweenRuns; window durations 74/28/6/8/4s, no 191s stall this time after clearing a stranded 'spawn' task left by smoke testing. Gaps 180-300s in both phases. SMOKE-TEST LESSON: 100270 initially appeared not to fire because the test ran schtasks directly from powershell.exe. All 57 schtasks.exe events in the dataset have parent cmd.exe and match built-in rule 92032, which is what places them in sysmon_eid1_detections - the group 100270 chains from. Running schtasks without a cmd.exe parent never enters that group, so the rule had nothing to chain onto. Bad smoke test, not a bad rule; confirmed by retesting through cmd.exe /c. Also noted: atomic 2 uses uppercase /Create, so case-insensitive matching is mandatory - a rule without (?i) would silently miss a third of the atomics."
20260808-012534-benign-r5,benign,T1053.005,Scheduled Task,,2026-08-08 01:25:34,2026-08-08 01:25:58,custom,interactive-admin,True,"T1053.005 CUSTOM phase - rules 100270 and 100271 deployed, both smoke-tested firing (wazuh-analysisd -t clean). Ran with -CleanupBetweenRuns; window durations 74/28/6/8/4s, no 191s stall this time after clearing a stranded 'spawn' task left by smoke testing. Gaps 180-300s in both phases. SMOKE-TEST LESSON: 100270 initially appeared not to fire because the test ran schtasks directly from powershell.exe. All 57 schtasks.exe events in the dataset have parent cmd.exe and match built-in rule 92032, which is what places them in sysmon_eid1_detections - the group 100270 chains from. Running schtasks without a cmd.exe parent never enters that group, so the rule had nothing to chain onto. Bad smoke test, not a bad rule; confirmed by retesting through cmd.exe /c. Also noted: atomic 2 uses uppercase /Create, so case-insensitive matching is mandatory - a rule without (?i) would silently miss a third of the atomics."
20260808-035746-attack-r1,attack,T1136.001,Create Local Account,4;5;8;9,2026-08-08 03:57:46,2026-08-08 03:58:21,baseline,atomic-red-team,True,"T1136.001 BASELINE phase - second Persistence technique, block 100280-100289 not yet written. All 4 applicable atomics used (4 cmd prompt, 5 PowerShell New-LocalUser, 8 admin user, 9 admin user via .NET). Tests 8 and 9 also add the account to Administrators, which is arguably T1098 Account Manipulation - kept anyway because with only four atomics available dropping half is too thin, and because the contamination risk is checkable rather than hypothetical: net localgroup ... /add cannot fire 100200 after the negation fix, and no T1098 rule exists in either ruleset, so there is nothing to misattribute to. Verify this in the export rather than assume it. Ran with -CleanupBetweenRuns, gaps 180-300s both phases; net user confirmed only the original five accounts remained afterwards, so no admin accounts were left behind. PREREQUISITES DONE FIRST: a T1136.001 benign mirror did not exist and was added (net user /add then /delete, password supplied so it cannot hang on a prompt); and rule 100200 was fixed to exclude /add, /delete and /active, since 'net user X /add' contains 'user' and would otherwise have reported account CREATION as account DISCOVERY. Fix smoke-tested both ways: enumeration still fires 100200, creation no longer does."
20260808-040251-attack-r2,attack,T1136.001,Create Local Account,4;5;8;9,2026-08-08 04:02:51,2026-08-08 04:03:16,baseline,atomic-red-team,True,"T1136.001 BASELINE phase - second Persistence technique, block 100280-100289 not yet written. All 4 applicable atomics used (4 cmd prompt, 5 PowerShell New-LocalUser, 8 admin user, 9 admin user via .NET). Tests 8 and 9 also add the account to Administrators, which is arguably T1098 Account Manipulation - kept anyway because with only four atomics available dropping half is too thin, and because the contamination risk is checkable rather than hypothetical: net localgroup ... /add cannot fire 100200 after the negation fix, and no T1098 rule exists in either ruleset, so there is nothing to misattribute to. Verify this in the export rather than assume it. Ran with -CleanupBetweenRuns, gaps 180-300s both phases; net user confirmed only the original five accounts remained afterwards, so no admin accounts were left behind. PREREQUISITES DONE FIRST: a T1136.001 benign mirror did not exist and was added (net user /add then /delete, password supplied so it cannot hang on a prompt); and rule 100200 was fixed to exclude /add, /delete and /active, since 'net user X /add' contains 'user' and would otherwise have reported account CREATION as account DISCOVERY. Fix smoke-tested both ways: enumeration still fires 100200, creation no longer does."
20260808-040808-attack-r3,attack,T1136.001,Create Local Account,4;5;8;9,2026-08-08 04:08:08,2026-08-08 04:08:36,baseline,atomic-red-team,True,"T1136.001 BASELINE phase - second Persistence technique, block 100280-100289 not yet written. All 4 applicable atomics used (4 cmd prompt, 5 PowerShell New-LocalUser, 8 admin user, 9 admin user via .NET). Tests 8 and 9 also add the account to Administrators, which is arguably T1098 Account Manipulation - kept anyway because with only four atomics available dropping half is too thin, and because the contamination risk is checkable rather than hypothetical: net localgroup ... /add cannot fire 100200 after the negation fix, and no T1098 rule exists in either ruleset, so there is nothing to misattribute to. Verify this in the export rather than assume it. Ran with -CleanupBetweenRuns, gaps 180-300s both phases; net user confirmed only the original five accounts remained afterwards, so no admin accounts were left behind. PREREQUISITES DONE FIRST: a T1136.001 benign mirror did not exist and was added (net user /add then /delete, password supplied so it cannot hang on a prompt); and rule 100200 was fixed to exclude /add, /delete and /active, since 'net user X /add' contains 'user' and would otherwise have reported account CREATION as account DISCOVERY. Fix smoke-tested both ways: enumeration still fires 100200, creation no longer does."
20260808-041349-attack-r4,attack,T1136.001,Create Local Account,4;5;8;9,2026-08-08 04:14:18,2026-08-08 04:14:52,baseline,atomic-red-team,True,"T1136.001 BASELINE phase - second Persistence technique, block 100280-100289 not yet written. All 4 applicable atomics used (4 cmd prompt, 5 PowerShell New-LocalUser, 8 admin user, 9 admin user via .NET). Tests 8 and 9 also add the account to Administrators, which is arguably T1098 Account Manipulation - kept anyway because with only four atomics available dropping half is too thin, and because the contamination risk is checkable rather than hypothetical: net localgroup ... /add cannot fire 100200 after the negation fix, and no T1098 rule exists in either ruleset, so there is nothing to misattribute to. Verify this in the export rather than assume it. Ran with -CleanupBetweenRuns, gaps 180-300s both phases; net user confirmed only the original five accounts remained afterwards, so no admin accounts were left behind. PREREQUISITES DONE FIRST: a T1136.001 benign mirror did not exist and was added (net user /add then /delete, password supplied so it cannot hang on a prompt); and rule 100200 was fixed to exclude /add, /delete and /active, since 'net user X /add' contains 'user' and would otherwise have reported account CREATION as account DISCOVERY. Fix smoke-tested both ways: enumeration still fires 100200, creation no longer does."
20260808-041841-attack-r5,attack,T1136.001,Create Local Account,4;5;8;9,2026-08-08 04:18:41,2026-08-08 04:18:59,baseline,atomic-red-team,True,"T1136.001 BASELINE phase - second Persistence technique, block 100280-100289 not yet written. All 4 applicable atomics used (4 cmd prompt, 5 PowerShell New-LocalUser, 8 admin user, 9 admin user via .NET). Tests 8 and 9 also add the account to Administrators, which is arguably T1098 Account Manipulation - kept anyway because with only four atomics available dropping half is too thin, and because the contamination risk is checkable rather than hypothetical: net localgroup ... /add cannot fire 100200 after the negation fix, and no T1098 rule exists in either ruleset, so there is nothing to misattribute to. Verify this in the export rather than assume it. Ran with -CleanupBetweenRuns, gaps 180-300s both phases; net user confirmed only the original five accounts remained afterwards, so no admin accounts were left behind. PREREQUISITES DONE FIRST: a T1136.001 benign mirror did not exist and was added (net user /add then /delete, password supplied so it cannot hang on a prompt); and rule 100200 was fixed to exclude /add, /delete and /active, since 'net user X /add' contains 'user' and would otherwise have reported account CREATION as account DISCOVERY. Fix smoke-tested both ways: enumeration still fires 100200, creation no longer does."
20260808-042544-benign-r1,benign,T1136.001,Create Local Account,,2026-08-08 04:25:44,2026-08-08 04:25:48,baseline,interactive-admin,True,"T1136.001 BASELINE phase - second Persistence technique, block 100280-100289 not yet written. All 4 applicable atomics used (4 cmd prompt, 5 PowerShell New-LocalUser, 8 admin user, 9 admin user via .NET). Tests 8 and 9 also add the account to Administrators, which is arguably T1098 Account Manipulation - kept anyway because with only four atomics available dropping half is too thin, and because the contamination risk is checkable rather than hypothetical: net localgroup ... /add cannot fire 100200 after the negation fix, and no T1098 rule exists in either ruleset, so there is nothing to misattribute to. Verify this in the export rather than assume it. Ran with -CleanupBetweenRuns, gaps 180-300s both phases; net user confirmed only the original five accounts remained afterwards, so no admin accounts were left behind. PREREQUISITES DONE FIRST: a T1136.001 benign mirror did not exist and was added (net user /add then /delete, password supplied so it cannot hang on a prompt); and rule 100200 was fixed to exclude /add, /delete and /active, since 'net user X /add' contains 'user' and would otherwise have reported account CREATION as account DISCOVERY. Fix smoke-tested both ways: enumeration still fires 100200, creation no longer does."
20260808-043004-benign-r2,benign,T1136.001,Create Local Account,,2026-08-08 04:30:04,2026-08-08 04:30:10,baseline,interactive-admin,True,"T1136.001 BASELINE phase - second Persistence technique, block 100280-100289 not yet written. All 4 applicable atomics used (4 cmd prompt, 5 PowerShell New-LocalUser, 8 admin user, 9 admin user via .NET). Tests 8 and 9 also add the account to Administrators, which is arguably T1098 Account Manipulation - kept anyway because with only four atomics available dropping half is too thin, and because the contamination risk is checkable rather than hypothetical: net localgroup ... /add cannot fire 100200 after the negation fix, and no T1098 rule exists in either ruleset, so there is nothing to misattribute to. Verify this in the export rather than assume it. Ran with -CleanupBetweenRuns, gaps 180-300s both phases; net user confirmed only the original five accounts remained afterwards, so no admin accounts were left behind. PREREQUISITES DONE FIRST: a T1136.001 benign mirror did not exist and was added (net user /add then /delete, password supplied so it cannot hang on a prompt); and rule 100200 was fixed to exclude /add, /delete and /active, since 'net user X /add' contains 'user' and would otherwise have reported account CREATION as account DISCOVERY. Fix smoke-tested both ways: enumeration still fires 100200, creation no longer does."
20260808-043506-benign-r3,benign,T1136.001,Create Local Account,,2026-08-08 04:35:06,2026-08-08 04:35:09,baseline,interactive-admin,True,"T1136.001 BASELINE phase - second Persistence technique, block 100280-100289 not yet written. All 4 applicable atomics used (4 cmd prompt, 5 PowerShell New-LocalUser, 8 admin user, 9 admin user via .NET). Tests 8 and 9 also add the account to Administrators, which is arguably T1098 Account Manipulation - kept anyway because with only four atomics available dropping half is too thin, and because the contamination risk is checkable rather than hypothetical: net localgroup ... /add cannot fire 100200 after the negation fix, and no T1098 rule exists in either ruleset, so there is nothing to misattribute to. Verify this in the export rather than assume it. Ran with -CleanupBetweenRuns, gaps 180-300s both phases; net user confirmed only the original five accounts remained afterwards, so no admin accounts were left behind. PREREQUISITES DONE FIRST: a T1136.001 benign mirror did not exist and was added (net user /add then /delete, password supplied so it cannot hang on a prompt); and rule 100200 was fixed to exclude /add, /delete and /active, since 'net user X /add' contains 'user' and would otherwise have reported account CREATION as account DISCOVERY. Fix smoke-tested both ways: enumeration still fires 100200, creation no longer does."
20260808-043912-benign-r4,benign,T1136.001,Create Local Account,,2026-08-08 04:39:12,2026-08-08 04:39:15,baseline,interactive-admin,True,"T1136.001 BASELINE phase - second Persistence technique, block 100280-100289 not yet written. All 4 applicable atomics used (4 cmd prompt, 5 PowerShell New-LocalUser, 8 admin user, 9 admin user via .NET). Tests 8 and 9 also add the account to Administrators, which is arguably T1098 Account Manipulation - kept anyway because with only four atomics available dropping half is too thin, and because the contamination risk is checkable rather than hypothetical: net localgroup ... /add cannot fire 100200 after the negation fix, and no T1098 rule exists in either ruleset, so there is nothing to misattribute to. Verify this in the export rather than assume it. Ran with -CleanupBetweenRuns, gaps 180-300s both phases; net user confirmed only the original five accounts remained afterwards, so no admin accounts were left behind. PREREQUISITES DONE FIRST: a T1136.001 benign mirror did not exist and was added (net user /add then /delete, password supplied so it cannot hang on a prompt); and rule 100200 was fixed to exclude /add, /delete and /active, since 'net user X /add' contains 'user' and would otherwise have reported account CREATION as account DISCOVERY. Fix smoke-tested both ways: enumeration still fires 100200, creation no longer does."
20260808-044258-benign-r5,benign,T1136.001,Create Local Account,,2026-08-08 04:42:58,2026-08-08 04:43:02,baseline,interactive-admin,True,"T1136.001 BASELINE phase - second Persistence technique, block 100280-100289 not yet written. All 4 applicable atomics used (4 cmd prompt, 5 PowerShell New-LocalUser, 8 admin user, 9 admin user via .NET). Tests 8 and 9 also add the account to Administrators, which is arguably T1098 Account Manipulation - kept anyway because with only four atomics available dropping half is too thin, and because the contamination risk is checkable rather than hypothetical: net localgroup ... /add cannot fire 100200 after the negation fix, and no T1098 rule exists in either ruleset, so there is nothing to misattribute to. Verify this in the export rather than assume it. Ran with -CleanupBetweenRuns, gaps 180-300s both phases; net user confirmed only the original five accounts remained afterwards, so no admin accounts were left behind. PREREQUISITES DONE FIRST: a T1136.001 benign mirror did not exist and was added (net user /add then /delete, password supplied so it cannot hang on a prompt); and rule 100200 was fixed to exclude /add, /delete and /active, since 'net user X /add' contains 'user' and would otherwise have reported account CREATION as account DISCOVERY. Fix smoke-tested both ways: enumeration still fires 100200, creation no longer does."
20260808-050708-attack-r1,attack,T1136.001,Create Local Account,4;5;8;9,2026-08-08 05:07:08,2026-08-08 05:08:43,custom,atomic-red-team,True,"T1136.001 CUSTOM phase - rules 100280-100283 deployed and smoke-tested before this run (manager restarted 2026-08-08 ~05:05 UTC). 100280 chains from built-in 60109 via if_sid and REFINES rather than duplicates: the default rule keeps doing the detecting, the custom rule only corrects the ATTACK mapping from T1098 to T1136.001. 100283 does the same for 60154/60160/60170, which the default ruleset maps to T1484 Domain Policy Modification on a WORKGROUP host with no domain policy. 100281/100282 add Sysmon EID 1 process provenance. IMPORTANT ASYMMETRY, verified in the smoke test: displacement happens only on the Security-log side. 100281 and the built-in 92039 BOTH fire on the same net user /add, because 92039 is not a direct child of sysmon_eid1_detections, so the wrong alert is not suppressed - the correct one is added alongside it. Alerts per detonation therefore go UP, not down. Left deliberately unfixed rather than papered over with overwrite=yes; it is an honest operational result and the clearest argument in the project for the triage layer. BENIGN PHASE RUN WITHOUT -CleanupBetweenRuns. The baseline benign phase was run WITH it, and that was a defect: the between-runs cleanup block in Invoke-LabRun.ps1 was missing the -and $Type -eq 'attack' guard the other two cleanup blocks had, so a benign run executed Invoke-AtomicTest -Cleanup and put ART account names (T1136.001_CMD, T1136.001_Admin) into benign-class telemetry - 2 of 72 baseline benign alerts. I first blamed late attack-phase telemetry; the timings disprove that (run 5 cleanup ~04:20:51, first benign window 04:25:44, p99 lag 111 s). Guard added. Total gap time is identical either way (130 + (gap-130) == gap), so the timing protocol is unchanged and the two phases remain comparable; the 2 contaminated baseline alerts are excluded at analysis time instead of re-running the phase. TIMING HELD AT 180-300 s deliberately, matching baseline. Shortening the gaps mid-technique would have changed two variables between phases instead of one. Gap reduction lands before T1547.001. CHECK AT ANALYSIS TIME: the LabSmoke281 smoke test ended 05:04:04 and attack-r1 opened 05:07:08, a margin of ~3 min against a p99 forwarding lag of 111 s. Tight. Grep the labelled output for LabSmoke281 and supersede attack-r1 if any smoke-test alert landed inside it. [Note text restored 2026-08-08 after a merge-script defect blanked the notes column - see the CRLF header bug recorded in LABELLING_SCHEME.md.]"
20260808-051316-attack-r2,attack,T1136.001,Create Local Account,4;5;8;9,2026-08-08 05:13:16,2026-08-08 05:13:58,custom,atomic-red-team,True,"T1136.001 CUSTOM phase - rules 100280-100283 deployed and smoke-tested before this run (manager restarted 2026-08-08 ~05:05 UTC). 100280 chains from built-in 60109 via if_sid and REFINES rather than duplicates: the default rule keeps doing the detecting, the custom rule only corrects the ATTACK mapping from T1098 to T1136.001. 100283 does the same for 60154/60160/60170, which the default ruleset maps to T1484 Domain Policy Modification on a WORKGROUP host with no domain policy. 100281/100282 add Sysmon EID 1 process provenance. IMPORTANT ASYMMETRY, verified in the smoke test: displacement happens only on the Security-log side. 100281 and the built-in 92039 BOTH fire on the same net user /add, because 92039 is not a direct child of sysmon_eid1_detections, so the wrong alert is not suppressed - the correct one is added alongside it. Alerts per detonation therefore go UP, not down. Left deliberately unfixed rather than papered over with overwrite=yes; it is an honest operational result and the clearest argument in the project for the triage layer. BENIGN PHASE RUN WITHOUT -CleanupBetweenRuns. The baseline benign phase was run WITH it, and that was a defect: the between-runs cleanup block in Invoke-LabRun.ps1 was missing the -and $Type -eq 'attack' guard the other two cleanup blocks had, so a benign run executed Invoke-AtomicTest -Cleanup and put ART account names (T1136.001_CMD, T1136.001_Admin) into benign-class telemetry - 2 of 72 baseline benign alerts. I first blamed late attack-phase telemetry; the timings disprove that (run 5 cleanup ~04:20:51, first benign window 04:25:44, p99 lag 111 s). Guard added. Total gap time is identical either way (130 + (gap-130) == gap), so the timing protocol is unchanged and the two phases remain comparable; the 2 contaminated baseline alerts are excluded at analysis time instead of re-running the phase. TIMING HELD AT 180-300 s deliberately, matching baseline. Shortening the gaps mid-technique would have changed two variables between phases instead of one. Gap reduction lands before T1547.001. CHECK AT ANALYSIS TIME: the LabSmoke281 smoke test ended 05:04:04 and attack-r1 opened 05:07:08, a margin of ~3 min against a p99 forwarding lag of 111 s. Tight. Grep the labelled output for LabSmoke281 and supersede attack-r1 if any smoke-test alert landed inside it. [Note text restored 2026-08-08 after a merge-script defect blanked the notes column - see the CRLF header bug recorded in LABELLING_SCHEME.md.]"
20260808-051757-attack-r3,attack,T1136.001,Create Local Account,4;5;8;9,2026-08-08 05:17:57,2026-08-08 05:18:17,custom,atomic-red-team,True,"T1136.001 CUSTOM phase - rules 100280-100283 deployed and smoke-tested before this run (manager restarted 2026-08-08 ~05:05 UTC). 100280 chains from built-in 60109 via if_sid and REFINES rather than duplicates: the default rule keeps doing the detecting, the custom rule only corrects the ATTACK mapping from T1098 to T1136.001. 100283 does the same for 60154/60160/60170, which the default ruleset maps to T1484 Domain Policy Modification on a WORKGROUP host with no domain policy. 100281/100282 add Sysmon EID 1 process provenance. IMPORTANT ASYMMETRY, verified in the smoke test: displacement happens only on the Security-log side. 100281 and the built-in 92039 BOTH fire on the same net user /add, because 92039 is not a direct child of sysmon_eid1_detections, so the wrong alert is not suppressed - the correct one is added alongside it. Alerts per detonation therefore go UP, not down. Left deliberately unfixed rather than papered over with overwrite=yes; it is an honest operational result and the clearest argument in the project for the triage layer. BENIGN PHASE RUN WITHOUT -CleanupBetweenRuns. The baseline benign phase was run WITH it, and that was a defect: the between-runs cleanup block in Invoke-LabRun.ps1 was missing the -and $Type -eq 'attack' guard the other two cleanup blocks had, so a benign run executed Invoke-AtomicTest -Cleanup and put ART account names (T1136.001_CMD, T1136.001_Admin) into benign-class telemetry - 2 of 72 baseline benign alerts. I first blamed late attack-phase telemetry; the timings disprove that (run 5 cleanup ~04:20:51, first benign window 04:25:44, p99 lag 111 s). Guard added. Total gap time is identical either way (130 + (gap-130) == gap), so the timing protocol is unchanged and the two phases remain comparable; the 2 contaminated baseline alerts are excluded at analysis time instead of re-running the phase. TIMING HELD AT 180-300 s deliberately, matching baseline. Shortening the gaps mid-technique would have changed two variables between phases instead of one. Gap reduction lands before T1547.001. CHECK AT ANALYSIS TIME: the LabSmoke281 smoke test ended 05:04:04 and attack-r1 opened 05:07:08, a margin of ~3 min against a p99 forwarding lag of 111 s. Tight. Grep the labelled output for LabSmoke281 and supersede attack-r1 if any smoke-test alert landed inside it. [Note text restored 2026-08-08 after a merge-script defect blanked the notes column - see the CRLF header bug recorded in LABELLING_SCHEME.md.]"
20260808-052120-attack-r4,attack,T1136.001,Create Local Account,4;5;8;9,2026-08-08 05:21:20,2026-08-08 05:21:54,custom,atomic-red-team,True,"T1136.001 CUSTOM phase - rules 100280-100283 deployed and smoke-tested before this run (manager restarted 2026-08-08 ~05:05 UTC). 100280 chains from built-in 60109 via if_sid and REFINES rather than duplicates: the default rule keeps doing the detecting, the custom rule only corrects the ATTACK mapping from T1098 to T1136.001. 100283 does the same for 60154/60160/60170, which the default ruleset maps to T1484 Domain Policy Modification on a WORKGROUP host with no domain policy. 100281/100282 add Sysmon EID 1 process provenance. IMPORTANT ASYMMETRY, verified in the smoke test: displacement happens only on the Security-log side. 100281 and the built-in 92039 BOTH fire on the same net user /add, because 92039 is not a direct child of sysmon_eid1_detections, so the wrong alert is not suppressed - the correct one is added alongside it. Alerts per detonation therefore go UP, not down. Left deliberately unfixed rather than papered over with overwrite=yes; it is an honest operational result and the clearest argument in the project for the triage layer. BENIGN PHASE RUN WITHOUT -CleanupBetweenRuns. The baseline benign phase was run WITH it, and that was a defect: the between-runs cleanup block in Invoke-LabRun.ps1 was missing the -and $Type -eq 'attack' guard the other two cleanup blocks had, so a benign run executed Invoke-AtomicTest -Cleanup and put ART account names (T1136.001_CMD, T1136.001_Admin) into benign-class telemetry - 2 of 72 baseline benign alerts. I first blamed late attack-phase telemetry; the timings disprove that (run 5 cleanup ~04:20:51, first benign window 04:25:44, p99 lag 111 s). Guard added. Total gap time is identical either way (130 + (gap-130) == gap), so the timing protocol is unchanged and the two phases remain comparable; the 2 contaminated baseline alerts are excluded at analysis time instead of re-running the phase. TIMING HELD AT 180-300 s deliberately, matching baseline. Shortening the gaps mid-technique would have changed two variables between phases instead of one. Gap reduction lands before T1547.001. CHECK AT ANALYSIS TIME: the LabSmoke281 smoke test ended 05:04:04 and attack-r1 opened 05:07:08, a margin of ~3 min against a p99 forwarding lag of 111 s. Tight. Grep the labelled output for LabSmoke281 and supersede attack-r1 if any smoke-test alert landed inside it. [Note text restored 2026-08-08 after a merge-script defect blanked the notes column - see the CRLF header bug recorded in LABELLING_SCHEME.md.]"
20260808-052758-attack-r5,attack,T1136.001,Create Local Account,4;5;8;9,2026-08-08 05:27:58,2026-08-08 05:28:26,custom,atomic-red-team,True,"T1136.001 CUSTOM phase - rules 100280-100283 deployed and smoke-tested before this run (manager restarted 2026-08-08 ~05:05 UTC). 100280 chains from built-in 60109 via if_sid and REFINES rather than duplicates: the default rule keeps doing the detecting, the custom rule only corrects the ATTACK mapping from T1098 to T1136.001. 100283 does the same for 60154/60160/60170, which the default ruleset maps to T1484 Domain Policy Modification on a WORKGROUP host with no domain policy. 100281/100282 add Sysmon EID 1 process provenance. IMPORTANT ASYMMETRY, verified in the smoke test: displacement happens only on the Security-log side. 100281 and the built-in 92039 BOTH fire on the same net user /add, because 92039 is not a direct child of sysmon_eid1_detections, so the wrong alert is not suppressed - the correct one is added alongside it. Alerts per detonation therefore go UP, not down. Left deliberately unfixed rather than papered over with overwrite=yes; it is an honest operational result and the clearest argument in the project for the triage layer. BENIGN PHASE RUN WITHOUT -CleanupBetweenRuns. The baseline benign phase was run WITH it, and that was a defect: the between-runs cleanup block in Invoke-LabRun.ps1 was missing the -and $Type -eq 'attack' guard the other two cleanup blocks had, so a benign run executed Invoke-AtomicTest -Cleanup and put ART account names (T1136.001_CMD, T1136.001_Admin) into benign-class telemetry - 2 of 72 baseline benign alerts. I first blamed late attack-phase telemetry; the timings disprove that (run 5 cleanup ~04:20:51, first benign window 04:25:44, p99 lag 111 s). Guard added. Total gap time is identical either way (130 + (gap-130) == gap), so the timing protocol is unchanged and the two phases remain comparable; the 2 contaminated baseline alerts are excluded at analysis time instead of re-running the phase. TIMING HELD AT 180-300 s deliberately, matching baseline. Shortening the gaps mid-technique would have changed two variables between phases instead of one. Gap reduction lands before T1547.001. CHECK AT ANALYSIS TIME: the LabSmoke281 smoke test ended 05:04:04 and attack-r1 opened 05:07:08, a margin of ~3 min against a p99 forwarding lag of 111 s. Tight. Grep the labelled output for LabSmoke281 and supersede attack-r1 if any smoke-test alert landed inside it. [Note text restored 2026-08-08 after a merge-script defect blanked the notes column - see the CRLF header bug recorded in LABELLING_SCHEME.md.]"
20260808-053331-benign-r1,benign,T1136.001,Create Local Account,,2026-08-08 05:33:31,2026-08-08 05:33:35,custom,interactive-admin,True,"T1136.001 CUSTOM phase - rules 100280-100283 deployed and smoke-tested before this run (manager restarted 2026-08-08 ~05:05 UTC). 100280 chains from built-in 60109 via if_sid and REFINES rather than duplicates: the default rule keeps doing the detecting, the custom rule only corrects the ATTACK mapping from T1098 to T1136.001. 100283 does the same for 60154/60160/60170, which the default ruleset maps to T1484 Domain Policy Modification on a WORKGROUP host with no domain policy. 100281/100282 add Sysmon EID 1 process provenance. IMPORTANT ASYMMETRY, verified in the smoke test: displacement happens only on the Security-log side. 100281 and the built-in 92039 BOTH fire on the same net user /add, because 92039 is not a direct child of sysmon_eid1_detections, so the wrong alert is not suppressed - the correct one is added alongside it. Alerts per detonation therefore go UP, not down. Left deliberately unfixed rather than papered over with overwrite=yes; it is an honest operational result and the clearest argument in the project for the triage layer. BENIGN PHASE RUN WITHOUT -CleanupBetweenRuns. The baseline benign phase was run WITH it, and that was a defect: the between-runs cleanup block in Invoke-LabRun.ps1 was missing the -and $Type -eq 'attack' guard the other two cleanup blocks had, so a benign run executed Invoke-AtomicTest -Cleanup and put ART account names (T1136.001_CMD, T1136.001_Admin) into benign-class telemetry - 2 of 72 baseline benign alerts. I first blamed late attack-phase telemetry; the timings disprove that (run 5 cleanup ~04:20:51, first benign window 04:25:44, p99 lag 111 s). Guard added. Total gap time is identical either way (130 + (gap-130) == gap), so the timing protocol is unchanged and the two phases remain comparable; the 2 contaminated baseline alerts are excluded at analysis time instead of re-running the phase. TIMING HELD AT 180-300 s deliberately, matching baseline. Shortening the gaps mid-technique would have changed two variables between phases instead of one. Gap reduction lands before T1547.001. CHECK AT ANALYSIS TIME: the LabSmoke281 smoke test ended 05:04:04 and attack-r1 opened 05:07:08, a margin of ~3 min against a p99 forwarding lag of 111 s. Tight. Grep the labelled output for LabSmoke281 and supersede attack-r1 if any smoke-test alert landed inside it. [Note text restored 2026-08-08 after a merge-script defect blanked the notes column - see the CRLF header bug recorded in LABELLING_SCHEME.md.]"
20260808-053808-benign-r2,benign,T1136.001,Create Local Account,,2026-08-08 05:38:08,2026-08-08 05:38:13,custom,interactive-admin,True,"T1136.001 CUSTOM phase - rules 100280-100283 deployed and smoke-tested before this run (manager restarted 2026-08-08 ~05:05 UTC). 100280 chains from built-in 60109 via if_sid and REFINES rather than duplicates: the default rule keeps doing the detecting, the custom rule only corrects the ATTACK mapping from T1098 to T1136.001. 100283 does the same for 60154/60160/60170, which the default ruleset maps to T1484 Domain Policy Modification on a WORKGROUP host with no domain policy. 100281/100282 add Sysmon EID 1 process provenance. IMPORTANT ASYMMETRY, verified in the smoke test: displacement happens only on the Security-log side. 100281 and the built-in 92039 BOTH fire on the same net user /add, because 92039 is not a direct child of sysmon_eid1_detections, so the wrong alert is not suppressed - the correct one is added alongside it. Alerts per detonation therefore go UP, not down. Left deliberately unfixed rather than papered over with overwrite=yes; it is an honest operational result and the clearest argument in the project for the triage layer. BENIGN PHASE RUN WITHOUT -CleanupBetweenRuns. The baseline benign phase was run WITH it, and that was a defect: the between-runs cleanup block in Invoke-LabRun.ps1 was missing the -and $Type -eq 'attack' guard the other two cleanup blocks had, so a benign run executed Invoke-AtomicTest -Cleanup and put ART account names (T1136.001_CMD, T1136.001_Admin) into benign-class telemetry - 2 of 72 baseline benign alerts. I first blamed late attack-phase telemetry; the timings disprove that (run 5 cleanup ~04:20:51, first benign window 04:25:44, p99 lag 111 s). Guard added. Total gap time is identical either way (130 + (gap-130) == gap), so the timing protocol is unchanged and the two phases remain comparable; the 2 contaminated baseline alerts are excluded at analysis time instead of re-running the phase. TIMING HELD AT 180-300 s deliberately, matching baseline. Shortening the gaps mid-technique would have changed two variables between phases instead of one. Gap reduction lands before T1547.001. CHECK AT ANALYSIS TIME: the LabSmoke281 smoke test ended 05:04:04 and attack-r1 opened 05:07:08, a margin of ~3 min against a p99 forwarding lag of 111 s. Tight. Grep the labelled output for LabSmoke281 and supersede attack-r1 if any smoke-test alert landed inside it. [Note text restored 2026-08-08 after a merge-script defect blanked the notes column - see the CRLF header bug recorded in LABELLING_SCHEME.md.]"
20260808-054140-benign-r3,benign,T1136.001,Create Local Account,,2026-08-08 05:41:40,2026-08-08 05:41:42,custom,interactive-admin,True,"T1136.001 CUSTOM phase - rules 100280-100283 deployed and smoke-tested before this run (manager restarted 2026-08-08 ~05:05 UTC). 100280 chains from built-in 60109 via if_sid and REFINES rather than duplicates: the default rule keeps doing the detecting, the custom rule only corrects the ATTACK mapping from T1098 to T1136.001. 100283 does the same for 60154/60160/60170, which the default ruleset maps to T1484 Domain Policy Modification on a WORKGROUP host with no domain policy. 100281/100282 add Sysmon EID 1 process provenance. IMPORTANT ASYMMETRY, verified in the smoke test: displacement happens only on the Security-log side. 100281 and the built-in 92039 BOTH fire on the same net user /add, because 92039 is not a direct child of sysmon_eid1_detections, so the wrong alert is not suppressed - the correct one is added alongside it. Alerts per detonation therefore go UP, not down. Left deliberately unfixed rather than papered over with overwrite=yes; it is an honest operational result and the clearest argument in the project for the triage layer. BENIGN PHASE RUN WITHOUT -CleanupBetweenRuns. The baseline benign phase was run WITH it, and that was a defect: the between-runs cleanup block in Invoke-LabRun.ps1 was missing the -and $Type -eq 'attack' guard the other two cleanup blocks had, so a benign run executed Invoke-AtomicTest -Cleanup and put ART account names (T1136.001_CMD, T1136.001_Admin) into benign-class telemetry - 2 of 72 baseline benign alerts. I first blamed late attack-phase telemetry; the timings disprove that (run 5 cleanup ~04:20:51, first benign window 04:25:44, p99 lag 111 s). Guard added. Total gap time is identical either way (130 + (gap-130) == gap), so the timing protocol is unchanged and the two phases remain comparable; the 2 contaminated baseline alerts are excluded at analysis time instead of re-running the phase. TIMING HELD AT 180-300 s deliberately, matching baseline. Shortening the gaps mid-technique would have changed two variables between phases instead of one. Gap reduction lands before T1547.001. CHECK AT ANALYSIS TIME: the LabSmoke281 smoke test ended 05:04:04 and attack-r1 opened 05:07:08, a margin of ~3 min against a p99 forwarding lag of 111 s. Tight. Grep the labelled output for LabSmoke281 and supersede attack-r1 if any smoke-test alert landed inside it. [Note text restored 2026-08-08 after a merge-script defect blanked the notes column - see the CRLF header bug recorded in LABELLING_SCHEME.md.]"
20260808-054634-benign-r4,benign,T1136.001,Create Local Account,,2026-08-08 05:46:34,2026-08-08 05:46:38,custom,interactive-admin,True,"T1136.001 CUSTOM phase - rules 100280-100283 deployed and smoke-tested before this run (manager restarted 2026-08-08 ~05:05 UTC). 100280 chains from built-in 60109 via if_sid and REFINES rather than duplicates: the default rule keeps doing the detecting, the custom rule only corrects the ATTACK mapping from T1098 to T1136.001. 100283 does the same for 60154/60160/60170, which the default ruleset maps to T1484 Domain Policy Modification on a WORKGROUP host with no domain policy. 100281/100282 add Sysmon EID 1 process provenance. IMPORTANT ASYMMETRY, verified in the smoke test: displacement happens only on the Security-log side. 100281 and the built-in 92039 BOTH fire on the same net user /add, because 92039 is not a direct child of sysmon_eid1_detections, so the wrong alert is not suppressed - the correct one is added alongside it. Alerts per detonation therefore go UP, not down. Left deliberately unfixed rather than papered over with overwrite=yes; it is an honest operational result and the clearest argument in the project for the triage layer. BENIGN PHASE RUN WITHOUT -CleanupBetweenRuns. The baseline benign phase was run WITH it, and that was a defect: the between-runs cleanup block in Invoke-LabRun.ps1 was missing the -and $Type -eq 'attack' guard the other two cleanup blocks had, so a benign run executed Invoke-AtomicTest -Cleanup and put ART account names (T1136.001_CMD, T1136.001_Admin) into benign-class telemetry - 2 of 72 baseline benign alerts. I first blamed late attack-phase telemetry; the timings disprove that (run 5 cleanup ~04:20:51, first benign window 04:25:44, p99 lag 111 s). Guard added. Total gap time is identical either way (130 + (gap-130) == gap), so the timing protocol is unchanged and the two phases remain comparable; the 2 contaminated baseline alerts are excluded at analysis time instead of re-running the phase. TIMING HELD AT 180-300 s deliberately, matching baseline. Shortening the gaps mid-technique would have changed two variables between phases instead of one. Gap reduction lands before T1547.001. CHECK AT ANALYSIS TIME: the LabSmoke281 smoke test ended 05:04:04 and attack-r1 opened 05:07:08, a margin of ~3 min against a p99 forwarding lag of 111 s. Tight. Grep the labelled output for LabSmoke281 and supersede attack-r1 if any smoke-test alert landed inside it. [Note text restored 2026-08-08 after a merge-script defect blanked the notes column - see the CRLF header bug recorded in LABELLING_SCHEME.md.]"
20260808-054959-benign-r5,benign,T1136.001,Create Local Account,,2026-08-08 05:49:59,2026-08-08 05:50:03,custom,interactive-admin,True,"T1136.001 CUSTOM phase - rules 100280-100283 deployed and smoke-tested before this run (manager restarted 2026-08-08 ~05:05 UTC). 100280 chains from built-in 60109 via if_sid and REFINES rather than duplicates: the default rule keeps doing the detecting, the custom rule only corrects the ATTACK mapping from T1098 to T1136.001. 100283 does the same for 60154/60160/60170, which the default ruleset maps to T1484 Domain Policy Modification on a WORKGROUP host with no domain policy. 100281/100282 add Sysmon EID 1 process provenance. IMPORTANT ASYMMETRY, verified in the smoke test: displacement happens only on the Security-log side. 100281 and the built-in 92039 BOTH fire on the same net user /add, because 92039 is not a direct child of sysmon_eid1_detections, so the wrong alert is not suppressed - the correct one is added alongside it. Alerts per detonation therefore go UP, not down. Left deliberately unfixed rather than papered over with overwrite=yes; it is an honest operational result and the clearest argument in the project for the triage layer. BENIGN PHASE RUN WITHOUT -CleanupBetweenRuns. The baseline benign phase was run WITH it, and that was a defect: the between-runs cleanup block in Invoke-LabRun.ps1 was missing the -and $Type -eq 'attack' guard the other two cleanup blocks had, so a benign run executed Invoke-AtomicTest -Cleanup and put ART account names (T1136.001_CMD, T1136.001_Admin) into benign-class telemetry - 2 of 72 baseline benign alerts. I first blamed late attack-phase telemetry; the timings disprove that (run 5 cleanup ~04:20:51, first benign window 04:25:44, p99 lag 111 s). Guard added. Total gap time is identical either way (130 + (gap-130) == gap), so the timing protocol is unchanged and the two phases remain comparable; the 2 contaminated baseline alerts are excluded at analysis time instead of re-running the phase. TIMING HELD AT 180-300 s deliberately, matching baseline. Shortening the gaps mid-technique would have changed two variables between phases instead of one. Gap reduction lands before T1547.001. CHECK AT ANALYSIS TIME: the LabSmoke281 smoke test ended 05:04:04 and attack-r1 opened 05:07:08, a margin of ~3 min against a p99 forwarding lag of 111 s. Tight. Grep the labelled output for LabSmoke281 and supersede attack-r1 if any smoke-test alert landed inside it. [Note text restored 2026-08-08 after a merge-script defect blanked the notes column - see the CRLF header bug recorded in LABELLING_SCHEME.md.]"
20260808-063757-attack-r1,attack,T1547.001,Registry Run Keys / Startup Folder,1;3;7;12,2026-08-08 06:37:57,2026-08-08 06:38:05,baseline,atomic-red-team,True,"T1547.001 BASELINE phase. First technique measured on Sysmon EID 13 (registry value set) rather than EID 1; registry telemetry was proven present on the endpoint BEFORE detonating (EID inventory over a 500-event sample: 1x354, 11x77, 22x30, 3x19, 5x12, 13x7, 12x1). PREDICTIONS WERE WRITTEN INTO RULE_ID_REGISTER note 9 BEFORE THIS RUN, deliberately - the previous five failure modes were all characterised after seeing the data. Three of four confirmed: 92302 fires at L6 on the reg.exe write; the PowerShell-written RunOnce produced zero T1547.001 attribution; 92300 never appears because level 0 is never emitted. The fourth (a Run value pointing at .lnk/.vbs firing 92301 at L12) is UNTESTED - no atomic in this set writes such a value - and is recorded as untested rather than quietly dropped. RESULT 27 attack / 31 benign: the first technique where the BENIGN class is noisier than the attack class, and the only correctly-mapped rule (92302) fires 4 attack / 5 benign. TEST SET 1,3,7,12 chosen to isolate the WRITER, not to maximise volume: 1 reg.exe -> Run, 3 PowerShell -> RunOnce, 7 .lnk -> Startup folder (EID 11), 12 -> Policies\Explorer\Run (a Run location 92300's regex never reaches). Test 2 EXCLUDED: REG ADD to RunOnceEx without /F prompts overwrite(Yes/No) on repeat and would have hung runs 2-5, the same collision that wrecked T1053.005 - caught in preflight this time. Test 16 EXCLUDED: it uses secedit, which the exporter already filters as Wazuh SCA self-monitoring, so the atomic would be discarded by our own noise filter and read as a detection failure. NO -CleanupBetweenRuns: all four selected atomics overwrite (REG ADD /F, Set-ItemProperty, CreateShortcut().Save()), verified from the atomic definitions before running, so gaps could drop to 150-210s - the first technique to use the shortened timing justified by the corrected lag analysis. Cleanup ran once after the phase, 130s past the last window's buffer. Artefacts were positively verified present with reg query and Test-Path BEFORE cleanup, because this technique predicts silence and 'no alerts' therefore cannot distinguish a working run from a broken one. EXCLUSION ADDED DURING ANALYSIS: 26 of the original 53 attack alerts were rule 92219 'Possible DLL search order hijack', image svchost.exe, files under C:\Windows\SoftwareDistribution\Download\ - Windows Update, attack-only by coincidence of timing. New os-background:windows-update filter removes 590 alerts dataset-wide and retrospectively corrects T1033 baseline attack from 165 to 149. [Note text restored 2026-08-08 after a merge-script defect blanked the notes column.]"
20260808-064021-attack-r2,attack,T1547.001,Registry Run Keys / Startup Folder,1;3;7;12,2026-08-08 06:40:21,2026-08-08 06:40:53,baseline,atomic-red-team,True,"T1547.001 BASELINE phase. First technique measured on Sysmon EID 13 (registry value set) rather than EID 1; registry telemetry was proven present on the endpoint BEFORE detonating (EID inventory over a 500-event sample: 1x354, 11x77, 22x30, 3x19, 5x12, 13x7, 12x1). PREDICTIONS WERE WRITTEN INTO RULE_ID_REGISTER note 9 BEFORE THIS RUN, deliberately - the previous five failure modes were all characterised after seeing the data. Three of four confirmed: 92302 fires at L6 on the reg.exe write; the PowerShell-written RunOnce produced zero T1547.001 attribution; 92300 never appears because level 0 is never emitted. The fourth (a Run value pointing at .lnk/.vbs firing 92301 at L12) is UNTESTED - no atomic in this set writes such a value - and is recorded as untested rather than quietly dropped. RESULT 27 attack / 31 benign: the first technique where the BENIGN class is noisier than the attack class, and the only correctly-mapped rule (92302) fires 4 attack / 5 benign. TEST SET 1,3,7,12 chosen to isolate the WRITER, not to maximise volume: 1 reg.exe -> Run, 3 PowerShell -> RunOnce, 7 .lnk -> Startup folder (EID 11), 12 -> Policies\Explorer\Run (a Run location 92300's regex never reaches). Test 2 EXCLUDED: REG ADD to RunOnceEx without /F prompts overwrite(Yes/No) on repeat and would have hung runs 2-5, the same collision that wrecked T1053.005 - caught in preflight this time. Test 16 EXCLUDED: it uses secedit, which the exporter already filters as Wazuh SCA self-monitoring, so the atomic would be discarded by our own noise filter and read as a detection failure. NO -CleanupBetweenRuns: all four selected atomics overwrite (REG ADD /F, Set-ItemProperty, CreateShortcut().Save()), verified from the atomic definitions before running, so gaps could drop to 150-210s - the first technique to use the shortened timing justified by the corrected lag analysis. Cleanup ran once after the phase, 130s past the last window's buffer. Artefacts were positively verified present with reg query and Test-Path BEFORE cleanup, because this technique predicts silence and 'no alerts' therefore cannot distinguish a working run from a broken one. EXCLUSION ADDED DURING ANALYSIS: 26 of the original 53 attack alerts were rule 92219 'Possible DLL search order hijack', image svchost.exe, files under C:\Windows\SoftwareDistribution\Download\ - Windows Update, attack-only by coincidence of timing. New os-background:windows-update filter removes 590 alerts dataset-wide and retrospectively corrects T1033 baseline attack from 165 to 149. [Note text restored 2026-08-08 after a merge-script defect blanked the notes column.]"
20260808-064534-attack-r3,attack,T1547.001,Registry Run Keys / Startup Folder,1;3;7;12,2026-08-08 06:45:34,2026-08-08 06:45:42,baseline,atomic-red-team,True,"T1547.001 BASELINE phase. First technique measured on Sysmon EID 13 (registry value set) rather than EID 1; registry telemetry was proven present on the endpoint BEFORE detonating (EID inventory over a 500-event sample: 1x354, 11x77, 22x30, 3x19, 5x12, 13x7, 12x1). PREDICTIONS WERE WRITTEN INTO RULE_ID_REGISTER note 9 BEFORE THIS RUN, deliberately - the previous five failure modes were all characterised after seeing the data. Three of four confirmed: 92302 fires at L6 on the reg.exe write; the PowerShell-written RunOnce produced zero T1547.001 attribution; 92300 never appears because level 0 is never emitted. The fourth (a Run value pointing at .lnk/.vbs firing 92301 at L12) is UNTESTED - no atomic in this set writes such a value - and is recorded as untested rather than quietly dropped. RESULT 27 attack / 31 benign: the first technique where the BENIGN class is noisier than the attack class, and the only correctly-mapped rule (92302) fires 4 attack / 5 benign. TEST SET 1,3,7,12 chosen to isolate the WRITER, not to maximise volume: 1 reg.exe -> Run, 3 PowerShell -> RunOnce, 7 .lnk -> Startup folder (EID 11), 12 -> Policies\Explorer\Run (a Run location 92300's regex never reaches). Test 2 EXCLUDED: REG ADD to RunOnceEx without /F prompts overwrite(Yes/No) on repeat and would have hung runs 2-5, the same collision that wrecked T1053.005 - caught in preflight this time. Test 16 EXCLUDED: it uses secedit, which the exporter already filters as Wazuh SCA self-monitoring, so the atomic would be discarded by our own noise filter and read as a detection failure. NO -CleanupBetweenRuns: all four selected atomics overwrite (REG ADD /F, Set-ItemProperty, CreateShortcut().Save()), verified from the atomic definitions before running, so gaps could drop to 150-210s - the first technique to use the shortened timing justified by the corrected lag analysis. Cleanup ran once after the phase, 130s past the last window's buffer. Artefacts were positively verified present with reg query and Test-Path BEFORE cleanup, because this technique predicts silence and 'no alerts' therefore cannot distinguish a working run from a broken one. EXCLUSION ADDED DURING ANALYSIS: 26 of the original 53 attack alerts were rule 92219 'Possible DLL search order hijack', image svchost.exe, files under C:\Windows\SoftwareDistribution\Download\ - Windows Update, attack-only by coincidence of timing. New os-background:windows-update filter removes 590 alerts dataset-wide and retrospectively corrects T1033 baseline attack from 165 to 149. [Note text restored 2026-08-08 after a merge-script defect blanked the notes column.]"
20260808-064836-attack-r4,attack,T1547.001,Registry Run Keys / Startup Folder,1;3;7;12,2026-08-08 06:48:37,2026-08-08 06:48:55,baseline,atomic-red-team,True,"T1547.001 BASELINE phase. First technique measured on Sysmon EID 13 (registry value set) rather than EID 1; registry telemetry was proven present on the endpoint BEFORE detonating (EID inventory over a 500-event sample: 1x354, 11x77, 22x30, 3x19, 5x12, 13x7, 12x1). PREDICTIONS WERE WRITTEN INTO RULE_ID_REGISTER note 9 BEFORE THIS RUN, deliberately - the previous five failure modes were all characterised after seeing the data. Three of four confirmed: 92302 fires at L6 on the reg.exe write; the PowerShell-written RunOnce produced zero T1547.001 attribution; 92300 never appears because level 0 is never emitted. The fourth (a Run value pointing at .lnk/.vbs firing 92301 at L12) is UNTESTED - no atomic in this set writes such a value - and is recorded as untested rather than quietly dropped. RESULT 27 attack / 31 benign: the first technique where the BENIGN class is noisier than the attack class, and the only correctly-mapped rule (92302) fires 4 attack / 5 benign. TEST SET 1,3,7,12 chosen to isolate the WRITER, not to maximise volume: 1 reg.exe -> Run, 3 PowerShell -> RunOnce, 7 .lnk -> Startup folder (EID 11), 12 -> Policies\Explorer\Run (a Run location 92300's regex never reaches). Test 2 EXCLUDED: REG ADD to RunOnceEx without /F prompts overwrite(Yes/No) on repeat and would have hung runs 2-5, the same collision that wrecked T1053.005 - caught in preflight this time. Test 16 EXCLUDED: it uses secedit, which the exporter already filters as Wazuh SCA self-monitoring, so the atomic would be discarded by our own noise filter and read as a detection failure. NO -CleanupBetweenRuns: all four selected atomics overwrite (REG ADD /F, Set-ItemProperty, CreateShortcut().Save()), verified from the atomic definitions before running, so gaps could drop to 150-210s - the first technique to use the shortened timing justified by the corrected lag analysis. Cleanup ran once after the phase, 130s past the last window's buffer. Artefacts were positively verified present with reg query and Test-Path BEFORE cleanup, because this technique predicts silence and 'no alerts' therefore cannot distinguish a working run from a broken one. EXCLUSION ADDED DURING ANALYSIS: 26 of the original 53 attack alerts were rule 92219 'Possible DLL search order hijack', image svchost.exe, files under C:\Windows\SoftwareDistribution\Download\ - Windows Update, attack-only by coincidence of timing. New os-background:windows-update filter removes 590 alerts dataset-wide and retrospectively corrects T1033 baseline attack from 165 to 149. [Note text restored 2026-08-08 after a merge-script defect blanked the notes column.]"
20260808-065243-attack-r5,attack,T1547.001,Registry Run Keys / Startup Folder,1;3;7;12,2026-08-08 06:52:43,2026-08-08 06:52:47,baseline,atomic-red-team,True,"T1547.001 BASELINE phase. First technique measured on Sysmon EID 13 (registry value set) rather than EID 1; registry telemetry was proven present on the endpoint BEFORE detonating (EID inventory over a 500-event sample: 1x354, 11x77, 22x30, 3x19, 5x12, 13x7, 12x1). PREDICTIONS WERE WRITTEN INTO RULE_ID_REGISTER note 9 BEFORE THIS RUN, deliberately - the previous five failure modes were all characterised after seeing the data. Three of four confirmed: 92302 fires at L6 on the reg.exe write; the PowerShell-written RunOnce produced zero T1547.001 attribution; 92300 never appears because level 0 is never emitted. The fourth (a Run value pointing at .lnk/.vbs firing 92301 at L12) is UNTESTED - no atomic in this set writes such a value - and is recorded as untested rather than quietly dropped. RESULT 27 attack / 31 benign: the first technique where the BENIGN class is noisier than the attack class, and the only correctly-mapped rule (92302) fires 4 attack / 5 benign. TEST SET 1,3,7,12 chosen to isolate the WRITER, not to maximise volume: 1 reg.exe -> Run, 3 PowerShell -> RunOnce, 7 .lnk -> Startup folder (EID 11), 12 -> Policies\Explorer\Run (a Run location 92300's regex never reaches). Test 2 EXCLUDED: REG ADD to RunOnceEx without /F prompts overwrite(Yes/No) on repeat and would have hung runs 2-5, the same collision that wrecked T1053.005 - caught in preflight this time. Test 16 EXCLUDED: it uses secedit, which the exporter already filters as Wazuh SCA self-monitoring, so the atomic would be discarded by our own noise filter and read as a detection failure. NO -CleanupBetweenRuns: all four selected atomics overwrite (REG ADD /F, Set-ItemProperty, CreateShortcut().Save()), verified from the atomic definitions before running, so gaps could drop to 150-210s - the first technique to use the shortened timing justified by the corrected lag analysis. Cleanup ran once after the phase, 130s past the last window's buffer. Artefacts were positively verified present with reg query and Test-Path BEFORE cleanup, because this technique predicts silence and 'no alerts' therefore cannot distinguish a working run from a broken one. EXCLUSION ADDED DURING ANALYSIS: 26 of the original 53 attack alerts were rule 92219 'Possible DLL search order hijack', image svchost.exe, files under C:\Windows\SoftwareDistribution\Download\ - Windows Update, attack-only by coincidence of timing. New os-background:windows-update filter removes 590 alerts dataset-wide and retrospectively corrects T1033 baseline attack from 165 to 149. [Note text restored 2026-08-08 after a merge-script defect blanked the notes column.]"
20260808-070218-benign-r1,benign,T1547.001,Registry Run Keys / Startup Folder,,2026-08-08 07:02:18,2026-08-08 07:02:34,baseline,interactive-admin,True,"SUPERSEDED - benign phase aborted after run 1 and re-run in full. The T1547.001 mirror's Startup-folder shortcut failed with 'Missing )' in method call'. Cause: Invoke-ViaPowerShell passed the command as a bare array element to Start-Process, which does not re-quote elements, and Windows command-line parsing then CONSUMED the double quotes around a path containing a space ('Start Menu'). The child PowerShell received an unquoted, space-split path. The same quote-stripping had been happening silently in EVERY earlier mirror (T1082, T1033, T1016, T1136.001) and never mattered, because -Path HKCU:\Software\... parses identically with or without quotes. A latent bug that only manifests when an argument contains a space. Retained rather than deleted: the run produced 1 real window of partial benign telemetry (2 of 4 mechanisms succeeded), and silently dropping it would hide that the benign class was briefly incomplete. Invoke-ViaPowerShell now escapes inner quotes and wraps the command in one quoted argument. -EncodedCommand was rejected as the fix: it is immune to quoting but would make every benign mirror emit a base64 command line, tripping rule 92057 and turning encoding into a benign-class marker - a class-correlated confound worse than the bug. [Note text restored 2026-08-08 after a merge-script defect blanked the notes column.]"
20260808-070728-benign-r1,benign,T1547.001,Registry Run Keys / Startup Folder,,2026-08-08 07:07:28,2026-08-08 07:07:51,baseline,interactive-admin,True,"SUPERSEDED by the 12:07-12:19 baseline benign re-run. These windows were captured with a FOUR-command mirror; a fifth command was added afterwards so that rule 100290 (which keys on Run value CONTENT - interpreters and staged payloads, not just the write itself) could be exercised in the benign class. Leaving these in would mean the baseline and custom benign phases used different mirrors, so they would differ in two variables rather than one. Retained rather than deleted: the data is real, and the reason for discarding it is itself a finding about mirror design."
20260808-071011-benign-r2,benign,T1547.001,Registry Run Keys / Startup Folder,,2026-08-08 07:10:11,2026-08-08 07:10:30,baseline,interactive-admin,True,"SUPERSEDED by the 12:07-12:19 baseline benign re-run. These windows were captured with a FOUR-command mirror; a fifth command was added afterwards so that rule 100290 (which keys on Run value CONTENT - interpreters and staged payloads, not just the write itself) could be exercised in the benign class. Leaving these in would mean the baseline and custom benign phases used different mirrors, so they would differ in two variables rather than one. Retained rather than deleted: the data is real, and the reason for discarding it is itself a finding about mirror design."
20260808-071315-benign-r3,benign,T1547.001,Registry Run Keys / Startup Folder,,2026-08-08 07:13:15,2026-08-08 07:13:35,baseline,interactive-admin,True,"SUPERSEDED by the 12:07-12:19 baseline benign re-run. These windows were captured with a FOUR-command mirror; a fifth command was added afterwards so that rule 100290 (which keys on Run value CONTENT - interpreters and staged payloads, not just the write itself) could be exercised in the benign class. Leaving these in would mean the baseline and custom benign phases used different mirrors, so they would differ in two variables rather than one. Retained rather than deleted: the data is real, and the reason for discarding it is itself a finding about mirror design."
20260808-071708-benign-r4,benign,T1547.001,Registry Run Keys / Startup Folder,,2026-08-08 07:17:08,2026-08-08 07:17:22,baseline,interactive-admin,True,"SUPERSEDED by the 12:07-12:19 baseline benign re-run. These windows were captured with a FOUR-command mirror; a fifth command was added afterwards so that rule 100290 (which keys on Run value CONTENT - interpreters and staged payloads, not just the write itself) could be exercised in the benign class. Leaving these in would mean the baseline and custom benign phases used different mirrors, so they would differ in two variables rather than one. Retained rather than deleted: the data is real, and the reason for discarding it is itself a finding about mirror design."
20260808-072004-benign-r5,benign,T1547.001,Registry Run Keys / Startup Folder,,2026-08-08 07:20:28,2026-08-08 07:20:42,baseline,interactive-admin,True,"SUPERSEDED by the 12:07-12:19 baseline benign re-run. These windows were captured with a FOUR-command mirror; a fifth command was added afterwards so that rule 100290 (which keys on Run value CONTENT - interpreters and staged payloads, not just the write itself) could be exercised in the benign class. Leaving these in would mean the baseline and custom benign phases used different mirrors, so they would differ in two variables rather than one. Retained rather than deleted: the data is real, and the reason for discarding it is itself a finding about mirror design."
20260808-120708-benign-r1,benign,T1547.001,Registry Run Keys / Startup Folder,,2026-08-08 12:07:08,2026-08-08 12:07:22,baseline,interactive-admin,True,"T1547.001 BASELINE benign, RE-RUN. Replaces the 07:07-07:20 baseline benign windows, which are now superseded. Reason: the benign mirror gained a FIFTH command after the first baseline benign phase had already run. WHY THE FIFTH COMMAND WAS NEEDED: rule 100290 keys on the VALUE CONTENT of a Run entry - interpreters, encoded commands, temp paths, URLs - and ART's atomic 3 payload is powershell.exe with an inline download cradle, while all four original mirror commands registered a plain .exe path. 100290 would therefore have come out attack-only for a reason that is not a real discriminator: an adversary can point a Run key at a plain .exe, and legitimate management software registers interpreters at logon. This is the FIFTH time a mirror narrower than the attack set would have manufactured a fake discriminator (100241, 100251, 100271, 100282) but the FIRST where the gap is the value's CONTENT rather than the MECHANISM. Mechanism gaps are visible when listing the atomics; content gaps only surface when reading your own rule's regex against your own mirror's data. RE-RUN RATHER THAN CAVEATED: 13 minutes to remove a confound from the technique whose headline finding IS class overlap. Both phases now share one identical 5-command mirror, so baseline vs custom differs only by the ruleset."
20260808-121012-benign-r2,benign,T1547.001,Registry Run Keys / Startup Folder,,2026-08-08 12:10:12,2026-08-08 12:10:24,baseline,interactive-admin,True,"T1547.001 BASELINE benign, RE-RUN. Replaces the 07:07-07:20 baseline benign windows, which are now superseded. Reason: the benign mirror gained a FIFTH command after the first baseline benign phase had already run. WHY THE FIFTH COMMAND WAS NEEDED: rule 100290 keys on the VALUE CONTENT of a Run entry - interpreters, encoded commands, temp paths, URLs - and ART's atomic 3 payload is powershell.exe with an inline download cradle, while all four original mirror commands registered a plain .exe path. 100290 would therefore have come out attack-only for a reason that is not a real discriminator: an adversary can point a Run key at a plain .exe, and legitimate management software registers interpreters at logon. This is the FIFTH time a mirror narrower than the attack set would have manufactured a fake discriminator (100241, 100251, 100271, 100282) but the FIRST where the gap is the value's CONTENT rather than the MECHANISM. Mechanism gaps are visible when listing the atomics; content gaps only surface when reading your own rule's regex against your own mirror's data. RE-RUN RATHER THAN CAVEATED: 13 minutes to remove a confound from the technique whose headline finding IS class overlap. Both phases now share one identical 5-command mirror, so baseline vs custom differs only by the ruleset."
20260808-121310-benign-r3,benign,T1547.001,Registry Run Keys / Startup Folder,,2026-08-08 12:13:10,2026-08-08 12:13:27,baseline,interactive-admin,True,"T1547.001 BASELINE benign, RE-RUN. Replaces the 07:07-07:20 baseline benign windows, which are now superseded. Reason: the benign mirror gained a FIFTH command after the first baseline benign phase had already run. WHY THE FIFTH COMMAND WAS NEEDED: rule 100290 keys on the VALUE CONTENT of a Run entry - interpreters, encoded commands, temp paths, URLs - and ART's atomic 3 payload is powershell.exe with an inline download cradle, while all four original mirror commands registered a plain .exe path. 100290 would therefore have come out attack-only for a reason that is not a real discriminator: an adversary can point a Run key at a plain .exe, and legitimate management software registers interpreters at logon. This is the FIFTH time a mirror narrower than the attack set would have manufactured a fake discriminator (100241, 100251, 100271, 100282) but the FIRST where the gap is the value's CONTENT rather than the MECHANISM. Mechanism gaps are visible when listing the atomics; content gaps only surface when reading your own rule's regex against your own mirror's data. RE-RUN RATHER THAN CAVEATED: 13 minutes to remove a confound from the technique whose headline finding IS class overlap. Both phases now share one identical 5-command mirror, so baseline vs custom differs only by the ruleset."
20260808-121608-benign-r4,benign,T1547.001,Registry Run Keys / Startup Folder,,2026-08-08 12:16:08,2026-08-08 12:16:29,baseline,interactive-admin,True,"T1547.001 BASELINE benign, RE-RUN. Replaces the 07:07-07:20 baseline benign windows, which are now superseded. Reason: the benign mirror gained a FIFTH command after the first baseline benign phase had already run. WHY THE FIFTH COMMAND WAS NEEDED: rule 100290 keys on the VALUE CONTENT of a Run entry - interpreters, encoded commands, temp paths, URLs - and ART's atomic 3 payload is powershell.exe with an inline download cradle, while all four original mirror commands registered a plain .exe path. 100290 would therefore have come out attack-only for a reason that is not a real discriminator: an adversary can point a Run key at a plain .exe, and legitimate management software registers interpreters at logon. This is the FIFTH time a mirror narrower than the attack set would have manufactured a fake discriminator (100241, 100251, 100271, 100282) but the FIRST where the gap is the value's CONTENT rather than the MECHANISM. Mechanism gaps are visible when listing the atomics; content gaps only surface when reading your own rule's regex against your own mirror's data. RE-RUN RATHER THAN CAVEATED: 13 minutes to remove a confound from the technique whose headline finding IS class overlap. Both phases now share one identical 5-command mirror, so baseline vs custom differs only by the ruleset."
20260808-121914-benign-r5,benign,T1547.001,Registry Run Keys / Startup Folder,,2026-08-08 12:19:14,2026-08-08 12:19:34,baseline,interactive-admin,True,"T1547.001 BASELINE benign, RE-RUN. Replaces the 07:07-07:20 baseline benign windows, which are now superseded. Reason: the benign mirror gained a FIFTH command after the first baseline benign phase had already run. WHY THE FIFTH COMMAND WAS NEEDED: rule 100290 keys on the VALUE CONTENT of a Run entry - interpreters, encoded commands, temp paths, URLs - and ART's atomic 3 payload is powershell.exe with an inline download cradle, while all four original mirror commands registered a plain .exe path. 100290 would therefore have come out attack-only for a reason that is not a real discriminator: an adversary can point a Run key at a plain .exe, and legitimate management software registers interpreters at logon. This is the FIFTH time a mirror narrower than the attack set would have manufactured a fake discriminator (100241, 100251, 100271, 100282) but the FIRST where the gap is the value's CONTENT rather than the MECHANISM. Mechanism gaps are visible when listing the atomics; content gaps only surface when reading your own rule's regex against your own mirror's data. RE-RUN RATHER THAN CAVEATED: 13 minutes to remove a confound from the technique whose headline finding IS class overlap. Both phases now share one identical 5-command mirror, so baseline vs custom differs only by the ruleset."
20260808-122954-attack-r1,attack,T1547.001,Registry Run Keys / Startup Folder,1;3;7;12,2026-08-08 12:29:54,2026-08-08 12:31:15,custom,atomic-red-team,True,"T1547.001 CUSTOM phase. Rules 100290, 100291, 100292, 100294 deployed and smoke-tested first. ⚠️ WAZUH EVALUATES SIBLING CHILD RULES BY DESCENDING LEVEL, NOT BY LOAD ORDER OR ID - measured in the smoke test, not assumed, and it contradicted what I had written in the rule comments. Evidence: 100291 (L8) displaced 92302 (L6) on a reg.exe Run-key write; 100294 (L10) displaced 92201 (L9) on a powershell-created Startup .lnk; 100290 (L12) displaced 100291 (L8) on an interpreter payload. CONSEQUENCE FOR READING THESE COUNTS: 92302 is now DISPLACED, so custom-phase T1547.001 alerts must be split into RELABELLED (what 92302 already caught: 4 attack / 5 benign in baseline) and NEWLY VISIBLE (everything 92300 matched but never emitted). Reporting the total as new detection would overstate the contribution - same treatment T1136.001 needed. LEVELS WERE NOT LOWERED TO AVOID THE DISPLACEMENT. Setting 100291 to level 5 would have handed the reg.exe case back to the vendor rule, but choosing a severity to manipulate evaluation order rather than to express how serious the behaviour is would be bad detection engineering. 100293 REMOVED AS UNREACHABLE before this phase ran: it chained from 92201 (L9), but 100294 (L10) is 92201's sibling under 92200 and always wins for Startup-folder paths, so 92201 never matched and its child could never fire. ID retired, not reused. This also CORRECTED the baseline analysis - 92201 was not the rule misattributing the Startup .lnk to T1105; 92200 (L6) was. VENDOR PRECISION DEFECT FOUND IN PASSING: rule 92041 (L10, 'Value added to registry key has Base64-like pattern', mapped to T1027 Obfuscated Files) fired on the plain path C:\ProgramData\Smoke\viareg.exe. It asserts obfuscation where there is none, which is why it showed 4 attack / 5 benign in the baseline. ⚠️ attack-r1 window is 81s against ~7s for runs 2-5 - first-invocation ART module load, not a failure, but it captures more ambient telemetry than its siblings. Check per-window variance before quoting per-window counts."
20260808-123355-attack-r2,attack,T1547.001,Registry Run Keys / Startup Folder,1;3;7;12,2026-08-08 12:33:55,2026-08-08 12:34:03,custom,atomic-red-team,True,"T1547.001 CUSTOM phase. Rules 100290, 100291, 100292, 100294 deployed and smoke-tested first. ⚠️ WAZUH EVALUATES SIBLING CHILD RULES BY DESCENDING LEVEL, NOT BY LOAD ORDER OR ID - measured in the smoke test, not assumed, and it contradicted what I had written in the rule comments. Evidence: 100291 (L8) displaced 92302 (L6) on a reg.exe Run-key write; 100294 (L10) displaced 92201 (L9) on a powershell-created Startup .lnk; 100290 (L12) displaced 100291 (L8) on an interpreter payload. CONSEQUENCE FOR READING THESE COUNTS: 92302 is now DISPLACED, so custom-phase T1547.001 alerts must be split into RELABELLED (what 92302 already caught: 4 attack / 5 benign in baseline) and NEWLY VISIBLE (everything 92300 matched but never emitted). Reporting the total as new detection would overstate the contribution - same treatment T1136.001 needed. LEVELS WERE NOT LOWERED TO AVOID THE DISPLACEMENT. Setting 100291 to level 5 would have handed the reg.exe case back to the vendor rule, but choosing a severity to manipulate evaluation order rather than to express how serious the behaviour is would be bad detection engineering. 100293 REMOVED AS UNREACHABLE before this phase ran: it chained from 92201 (L9), but 100294 (L10) is 92201's sibling under 92200 and always wins for Startup-folder paths, so 92201 never matched and its child could never fire. ID retired, not reused. This also CORRECTED the baseline analysis - 92201 was not the rule misattributing the Startup .lnk to T1105; 92200 (L6) was. VENDOR PRECISION DEFECT FOUND IN PASSING: rule 92041 (L10, 'Value added to registry key has Base64-like pattern', mapped to T1027 Obfuscated Files) fired on the plain path C:\ProgramData\Smoke\viareg.exe. It asserts obfuscation where there is none, which is why it showed 4 attack / 5 benign in the baseline. ⚠️ attack-r1 window is 81s against ~7s for runs 2-5 - first-invocation ART module load, not a failure, but it captures more ambient telemetry than its siblings. Check per-window variance before quoting per-window counts."
20260808-123635-attack-r3,attack,T1547.001,Registry Run Keys / Startup Folder,1;3;7;12,2026-08-08 12:36:35,2026-08-08 12:36:40,custom,atomic-red-team,True,"T1547.001 CUSTOM phase. Rules 100290, 100291, 100292, 100294 deployed and smoke-tested first. ⚠️ WAZUH EVALUATES SIBLING CHILD RULES BY DESCENDING LEVEL, NOT BY LOAD ORDER OR ID - measured in the smoke test, not assumed, and it contradicted what I had written in the rule comments. Evidence: 100291 (L8) displaced 92302 (L6) on a reg.exe Run-key write; 100294 (L10) displaced 92201 (L9) on a powershell-created Startup .lnk; 100290 (L12) displaced 100291 (L8) on an interpreter payload. CONSEQUENCE FOR READING THESE COUNTS: 92302 is now DISPLACED, so custom-phase T1547.001 alerts must be split into RELABELLED (what 92302 already caught: 4 attack / 5 benign in baseline) and NEWLY VISIBLE (everything 92300 matched but never emitted). Reporting the total as new detection would overstate the contribution - same treatment T1136.001 needed. LEVELS WERE NOT LOWERED TO AVOID THE DISPLACEMENT. Setting 100291 to level 5 would have handed the reg.exe case back to the vendor rule, but choosing a severity to manipulate evaluation order rather than to express how serious the behaviour is would be bad detection engineering. 100293 REMOVED AS UNREACHABLE before this phase ran: it chained from 92201 (L9), but 100294 (L10) is 92201's sibling under 92200 and always wins for Startup-folder paths, so 92201 never matched and its child could never fire. ID retired, not reused. This also CORRECTED the baseline analysis - 92201 was not the rule misattributing the Startup .lnk to T1105; 92200 (L6) was. VENDOR PRECISION DEFECT FOUND IN PASSING: rule 92041 (L10, 'Value added to registry key has Base64-like pattern', mapped to T1027 Obfuscated Files) fired on the plain path C:\ProgramData\Smoke\viareg.exe. It asserts obfuscation where there is none, which is why it showed 4 attack / 5 benign in the baseline. ⚠️ attack-r1 window is 81s against ~7s for runs 2-5 - first-invocation ART module load, not a failure, but it captures more ambient telemetry than its siblings. Check per-window variance before quoting per-window counts."
20260808-123925-attack-r4,attack,T1547.001,Registry Run Keys / Startup Folder,1;3;7;12,2026-08-08 12:39:25,2026-08-08 12:39:32,custom,atomic-red-team,True,"T1547.001 CUSTOM phase. Rules 100290, 100291, 100292, 100294 deployed and smoke-tested first. ⚠️ WAZUH EVALUATES SIBLING CHILD RULES BY DESCENDING LEVEL, NOT BY LOAD ORDER OR ID - measured in the smoke test, not assumed, and it contradicted what I had written in the rule comments. Evidence: 100291 (L8) displaced 92302 (L6) on a reg.exe Run-key write; 100294 (L10) displaced 92201 (L9) on a powershell-created Startup .lnk; 100290 (L12) displaced 100291 (L8) on an interpreter payload. CONSEQUENCE FOR READING THESE COUNTS: 92302 is now DISPLACED, so custom-phase T1547.001 alerts must be split into RELABELLED (what 92302 already caught: 4 attack / 5 benign in baseline) and NEWLY VISIBLE (everything 92300 matched but never emitted). Reporting the total as new detection would overstate the contribution - same treatment T1136.001 needed. LEVELS WERE NOT LOWERED TO AVOID THE DISPLACEMENT. Setting 100291 to level 5 would have handed the reg.exe case back to the vendor rule, but choosing a severity to manipulate evaluation order rather than to express how serious the behaviour is would be bad detection engineering. 100293 REMOVED AS UNREACHABLE before this phase ran: it chained from 92201 (L9), but 100294 (L10) is 92201's sibling under 92200 and always wins for Startup-folder paths, so 92201 never matched and its child could never fire. ID retired, not reused. This also CORRECTED the baseline analysis - 92201 was not the rule misattributing the Startup .lnk to T1105; 92200 (L6) was. VENDOR PRECISION DEFECT FOUND IN PASSING: rule 92041 (L10, 'Value added to registry key has Base64-like pattern', mapped to T1027 Obfuscated Files) fired on the plain path C:\ProgramData\Smoke\viareg.exe. It asserts obfuscation where there is none, which is why it showed 4 attack / 5 benign in the baseline. ⚠️ attack-r1 window is 81s against ~7s for runs 2-5 - first-invocation ART module load, not a failure, but it captures more ambient telemetry than its siblings. Check per-window variance before quoting per-window counts."
20260808-124300-attack-r5,attack,T1547.001,Registry Run Keys / Startup Folder,1;3;7;12,2026-08-08 12:43:00,2026-08-08 12:43:06,custom,atomic-red-team,True,"T1547.001 CUSTOM phase. Rules 100290, 100291, 100292, 100294 deployed and smoke-tested first. ⚠️ WAZUH EVALUATES SIBLING CHILD RULES BY DESCENDING LEVEL, NOT BY LOAD ORDER OR ID - measured in the smoke test, not assumed, and it contradicted what I had written in the rule comments. Evidence: 100291 (L8) displaced 92302 (L6) on a reg.exe Run-key write; 100294 (L10) displaced 92201 (L9) on a powershell-created Startup .lnk; 100290 (L12) displaced 100291 (L8) on an interpreter payload. CONSEQUENCE FOR READING THESE COUNTS: 92302 is now DISPLACED, so custom-phase T1547.001 alerts must be split into RELABELLED (what 92302 already caught: 4 attack / 5 benign in baseline) and NEWLY VISIBLE (everything 92300 matched but never emitted). Reporting the total as new detection would overstate the contribution - same treatment T1136.001 needed. LEVELS WERE NOT LOWERED TO AVOID THE DISPLACEMENT. Setting 100291 to level 5 would have handed the reg.exe case back to the vendor rule, but choosing a severity to manipulate evaluation order rather than to express how serious the behaviour is would be bad detection engineering. 100293 REMOVED AS UNREACHABLE before this phase ran: it chained from 92201 (L9), but 100294 (L10) is 92201's sibling under 92200 and always wins for Startup-folder paths, so 92201 never matched and its child could never fire. ID retired, not reused. This also CORRECTED the baseline analysis - 92201 was not the rule misattributing the Startup .lnk to T1105; 92200 (L6) was. VENDOR PRECISION DEFECT FOUND IN PASSING: rule 92041 (L10, 'Value added to registry key has Base64-like pattern', mapped to T1027 Obfuscated Files) fired on the plain path C:\ProgramData\Smoke\viareg.exe. It asserts obfuscation where there is none, which is why it showed 4 attack / 5 benign in the baseline. ⚠️ attack-r1 window is 81s against ~7s for runs 2-5 - first-invocation ART module load, not a failure, but it captures more ambient telemetry than its siblings. Check per-window variance before quoting per-window counts."
20260808-125216-benign-r1,benign,T1547.001,Registry Run Keys / Startup Folder,,2026-08-08 12:52:16,2026-08-08 12:52:33,custom,interactive-admin,True,"T1547.001 CUSTOM phase. Rules 100290, 100291, 100292, 100294 deployed and smoke-tested first. ⚠️ WAZUH EVALUATES SIBLING CHILD RULES BY DESCENDING LEVEL, NOT BY LOAD ORDER OR ID - measured in the smoke test, not assumed, and it contradicted what I had written in the rule comments. Evidence: 100291 (L8) displaced 92302 (L6) on a reg.exe Run-key write; 100294 (L10) displaced 92201 (L9) on a powershell-created Startup .lnk; 100290 (L12) displaced 100291 (L8) on an interpreter payload. CONSEQUENCE FOR READING THESE COUNTS: 92302 is now DISPLACED, so custom-phase T1547.001 alerts must be split into RELABELLED (what 92302 already caught: 4 attack / 5 benign in baseline) and NEWLY VISIBLE (everything 92300 matched but never emitted). Reporting the total as new detection would overstate the contribution - same treatment T1136.001 needed. LEVELS WERE NOT LOWERED TO AVOID THE DISPLACEMENT. Setting 100291 to level 5 would have handed the reg.exe case back to the vendor rule, but choosing a severity to manipulate evaluation order rather than to express how serious the behaviour is would be bad detection engineering. 100293 REMOVED AS UNREACHABLE before this phase ran: it chained from 92201 (L9), but 100294 (L10) is 92201's sibling under 92200 and always wins for Startup-folder paths, so 92201 never matched and its child could never fire. ID retired, not reused. This also CORRECTED the baseline analysis - 92201 was not the rule misattributing the Startup .lnk to T1105; 92200 (L6) was. VENDOR PRECISION DEFECT FOUND IN PASSING: rule 92041 (L10, 'Value added to registry key has Base64-like pattern', mapped to T1027 Obfuscated Files) fired on the plain path C:\ProgramData\Smoke\viareg.exe. It asserts obfuscation where there is none, which is why it showed 4 attack / 5 benign in the baseline. ⚠️ attack-r1 window is 81s against ~7s for runs 2-5 - first-invocation ART module load, not a failure, but it captures more ambient telemetry than its siblings. Check per-window variance before quoting per-window counts."
20260808-125500-benign-r2,benign,T1547.001,Registry Run Keys / Startup Folder,,2026-08-08 12:55:00,2026-08-08 12:55:21,custom,interactive-admin,True,"T1547.001 CUSTOM phase. Rules 100290, 100291, 100292, 100294 deployed and smoke-tested first. ⚠️ WAZUH EVALUATES SIBLING CHILD RULES BY DESCENDING LEVEL, NOT BY LOAD ORDER OR ID - measured in the smoke test, not assumed, and it contradicted what I had written in the rule comments. Evidence: 100291 (L8) displaced 92302 (L6) on a reg.exe Run-key write; 100294 (L10) displaced 92201 (L9) on a powershell-created Startup .lnk; 100290 (L12) displaced 100291 (L8) on an interpreter payload. CONSEQUENCE FOR READING THESE COUNTS: 92302 is now DISPLACED, so custom-phase T1547.001 alerts must be split into RELABELLED (what 92302 already caught: 4 attack / 5 benign in baseline) and NEWLY VISIBLE (everything 92300 matched but never emitted). Reporting the total as new detection would overstate the contribution - same treatment T1136.001 needed. LEVELS WERE NOT LOWERED TO AVOID THE DISPLACEMENT. Setting 100291 to level 5 would have handed the reg.exe case back to the vendor rule, but choosing a severity to manipulate evaluation order rather than to express how serious the behaviour is would be bad detection engineering. 100293 REMOVED AS UNREACHABLE before this phase ran: it chained from 92201 (L9), but 100294 (L10) is 92201's sibling under 92200 and always wins for Startup-folder paths, so 92201 never matched and its child could never fire. ID retired, not reused. This also CORRECTED the baseline analysis - 92201 was not the rule misattributing the Startup .lnk to T1105; 92200 (L6) was. VENDOR PRECISION DEFECT FOUND IN PASSING: rule 92041 (L10, 'Value added to registry key has Base64-like pattern', mapped to T1027 Obfuscated Files) fired on the plain path C:\ProgramData\Smoke\viareg.exe. It asserts obfuscation where there is none, which is why it showed 4 attack / 5 benign in the baseline. ⚠️ attack-r1 window is 81s against ~7s for runs 2-5 - first-invocation ART module load, not a failure, but it captures more ambient telemetry than its siblings. Check per-window variance before quoting per-window counts."
20260808-125834-benign-r3,benign,T1547.001,Registry Run Keys / Startup Folder,,2026-08-08 12:58:34,2026-08-08 12:59:06,custom,interactive-admin,True,"T1547.001 CUSTOM phase. Rules 100290, 100291, 100292, 100294 deployed and smoke-tested first. ⚠️ WAZUH EVALUATES SIBLING CHILD RULES BY DESCENDING LEVEL, NOT BY LOAD ORDER OR ID - measured in the smoke test, not assumed, and it contradicted what I had written in the rule comments. Evidence: 100291 (L8) displaced 92302 (L6) on a reg.exe Run-key write; 100294 (L10) displaced 92201 (L9) on a powershell-created Startup .lnk; 100290 (L12) displaced 100291 (L8) on an interpreter payload. CONSEQUENCE FOR READING THESE COUNTS: 92302 is now DISPLACED, so custom-phase T1547.001 alerts must be split into RELABELLED (what 92302 already caught: 4 attack / 5 benign in baseline) and NEWLY VISIBLE (everything 92300 matched but never emitted). Reporting the total as new detection would overstate the contribution - same treatment T1136.001 needed. LEVELS WERE NOT LOWERED TO AVOID THE DISPLACEMENT. Setting 100291 to level 5 would have handed the reg.exe case back to the vendor rule, but choosing a severity to manipulate evaluation order rather than to express how serious the behaviour is would be bad detection engineering. 100293 REMOVED AS UNREACHABLE before this phase ran: it chained from 92201 (L9), but 100294 (L10) is 92201's sibling under 92200 and always wins for Startup-folder paths, so 92201 never matched and its child could never fire. ID retired, not reused. This also CORRECTED the baseline analysis - 92201 was not the rule misattributing the Startup .lnk to T1105; 92200 (L6) was. VENDOR PRECISION DEFECT FOUND IN PASSING: rule 92041 (L10, 'Value added to registry key has Base64-like pattern', mapped to T1027 Obfuscated Files) fired on the plain path C:\ProgramData\Smoke\viareg.exe. It asserts obfuscation where there is none, which is why it showed 4 attack / 5 benign in the baseline. ⚠️ attack-r1 window is 81s against ~7s for runs 2-5 - first-invocation ART module load, not a failure, but it captures more ambient telemetry than its siblings. Check per-window variance before quoting per-window counts."
20260808-130124-benign-r4,benign,T1547.001,Registry Run Keys / Startup Folder,,2026-08-08 13:01:24,2026-08-08 13:01:49,custom,interactive-admin,True,"T1547.001 CUSTOM phase. Rules 100290, 100291, 100292, 100294 deployed and smoke-tested first. ⚠️ WAZUH EVALUATES SIBLING CHILD RULES BY DESCENDING LEVEL, NOT BY LOAD ORDER OR ID - measured in the smoke test, not assumed, and it contradicted what I had written in the rule comments. Evidence: 100291 (L8) displaced 92302 (L6) on a reg.exe Run-key write; 100294 (L10) displaced 92201 (L9) on a powershell-created Startup .lnk; 100290 (L12) displaced 100291 (L8) on an interpreter payload. CONSEQUENCE FOR READING THESE COUNTS: 92302 is now DISPLACED, so custom-phase T1547.001 alerts must be split into RELABELLED (what 92302 already caught: 4 attack / 5 benign in baseline) and NEWLY VISIBLE (everything 92300 matched but never emitted). Reporting the total as new detection would overstate the contribution - same treatment T1136.001 needed. LEVELS WERE NOT LOWERED TO AVOID THE DISPLACEMENT. Setting 100291 to level 5 would have handed the reg.exe case back to the vendor rule, but choosing a severity to manipulate evaluation order rather than to express how serious the behaviour is would be bad detection engineering. 100293 REMOVED AS UNREACHABLE before this phase ran: it chained from 92201 (L9), but 100294 (L10) is 92201's sibling under 92200 and always wins for Startup-folder paths, so 92201 never matched and its child could never fire. ID retired, not reused. This also CORRECTED the baseline analysis - 92201 was not the rule misattributing the Startup .lnk to T1105; 92200 (L6) was. VENDOR PRECISION DEFECT FOUND IN PASSING: rule 92041 (L10, 'Value added to registry key has Base64-like pattern', mapped to T1027 Obfuscated Files) fired on the plain path C:\ProgramData\Smoke\viareg.exe. It asserts obfuscation where there is none, which is why it showed 4 attack / 5 benign in the baseline. ⚠️ attack-r1 window is 81s against ~7s for runs 2-5 - first-invocation ART module load, not a failure, but it captures more ambient telemetry than its siblings. Check per-window variance before quoting per-window counts."
20260808-130532-benign-r5,benign,T1547.001,Registry Run Keys / Startup Folder,,2026-08-08 13:05:32,2026-08-08 13:05:58,custom,interactive-admin,True,"T1547.001 CUSTOM phase. Rules 100290, 100291, 100292, 100294 deployed and smoke-tested first. ⚠️ WAZUH EVALUATES SIBLING CHILD RULES BY DESCENDING LEVEL, NOT BY LOAD ORDER OR ID - measured in the smoke test, not assumed, and it contradicted what I had written in the rule comments. Evidence: 100291 (L8) displaced 92302 (L6) on a reg.exe Run-key write; 100294 (L10) displaced 92201 (L9) on a powershell-created Startup .lnk; 100290 (L12) displaced 100291 (L8) on an interpreter payload. CONSEQUENCE FOR READING THESE COUNTS: 92302 is now DISPLACED, so custom-phase T1547.001 alerts must be split into RELABELLED (what 92302 already caught: 4 attack / 5 benign in baseline) and NEWLY VISIBLE (everything 92300 matched but never emitted). Reporting the total as new detection would overstate the contribution - same treatment T1136.001 needed. LEVELS WERE NOT LOWERED TO AVOID THE DISPLACEMENT. Setting 100291 to level 5 would have handed the reg.exe case back to the vendor rule, but choosing a severity to manipulate evaluation order rather than to express how serious the behaviour is would be bad detection engineering. 100293 REMOVED AS UNREACHABLE before this phase ran: it chained from 92201 (L9), but 100294 (L10) is 92201's sibling under 92200 and always wins for Startup-folder paths, so 92201 never matched and its child could never fire. ID retired, not reused. This also CORRECTED the baseline analysis - 92201 was not the rule misattributing the Startup .lnk to T1105; 92200 (L6) was. VENDOR PRECISION DEFECT FOUND IN PASSING: rule 92041 (L10, 'Value added to registry key has Base64-like pattern', mapped to T1027 Obfuscated Files) fired on the plain path C:\ProgramData\Smoke\viareg.exe. It asserts obfuscation where there is none, which is why it showed 4 attack / 5 benign in the baseline. ⚠️ attack-r1 window is 81s against ~7s for runs 2-5 - first-invocation ART module load, not a failure, but it captures more ambient telemetry than its siblings. Check per-window variance before quoting per-window counts."
