timestamp,label,class,technique_id,ruleset_phase,session_id,rule_id,rule_canonical,rule_level,rule_description,rule_mitre,image,parent_image,command_line,command_line_normalised,target_filename
2026-08-06T00:00:09.181+0000,0,unlabelled,,,,60798,60798,3,The database engine attached a database.,,,,,,
2026-08-06T00:00:09.205+0000,0,unlabelled,,,,60668,60668,3,The Windows search service started.,,,,,,
2026-08-06T00:00:19.441+0000,0,unlabelled,,,,60646,60646,5,License activation (slui.exe) failed.,,,,,,
2026-08-06T00:00:20.615+0000,0,unlabelled,,,,60776,60776,7,SessionEnv was unavailable to handle a critical notification event.,,,,,,
2026-08-06T00:00:21.723+0000,0,unlabelled,,,,60775,60775,5,SessionEnv was unavailable to handle a notification event.,,,,,,
2026-08-06T00:00:24.917+0000,0,unlabelled,,,,60646,60646,5,License activation (slui.exe) failed.,,,,,,
2026-08-06T00:00:26.640+0000,0,unlabelled,,,,60642,60642,3,Software protection service scheduled successfully.,,,,,,
2026-08-06T00:00:32.408+0000,0,unlabelled,,,,60118,60118,3,Windows Workstation Logon Success,T1078,,,,,
2026-08-06T00:00:35.645+0000,0,unlabelled,,,,60118,60118,3,Windows Workstation Logon Success,T1078,,,,,
2026-08-06T00:00:37.609+0000,0,unlabelled,,,,67028,67028,3,Special privileges assigned to new logon.,T1484,,,,,
2026-08-06T00:01:14.561+0000,0,unlabelled,,,,60642,60642,3,Software protection service scheduled successfully.,,,,,,
2026-08-06T00:01:22.992+0000,0,unlabelled,,,,92307,92307,3,Evidence of new service creation found in registry under HKLM\\System\\CurrentControlSet\\Services\\AarSvc_68196\\ImagePath binary is: C:\\Windows\\system32\\svchost.exe -k AarSvcGroup -p,T1543.003,C:\\Windows\\system32\\services.exe,,,,
2026-08-06T00:01:23.264+0000,0,unlabelled,,,,60132,60132,5,System time changed,,,,,,
2026-08-06T00:01:23.284+0000,0,unlabelled,,,,92307,92307,3,Evidence of new service creation found in registry under HKLM\\System\\CurrentControlSet\\Services\\BcastDVRUserService_68196\\ImagePath binary is: C:\\Windows\\system32\\svchost.exe -k BcastDVRUserService,T1543.003,C:\\Windows\\system32\\services.exe,,,,
2026-08-06T00:01:23.491+0000,0,unlabelled,,,,92307,92307,3,Evidence of new service creation found in registry under HKLM\\System\\CurrentControlSet\\Services\\BluetoothUserService_68196\\ImagePath binary is: C:\\Windows\\system32\\svchost.exe -k BthAppGroup -p,T1543.003,C:\\Windows\\system32\\services.exe,,,,
2026-08-06T00:01:23.748+0000,0,unlabelled,,,,92307,92307,3,Evidence of new service creation found in registry under HKLM\\System\\CurrentControlSet\\Services\\CaptureService_68196\\ImagePath binary is: C:\\Windows\\system32\\svchost.exe -k LocalService -p,T1543.003,C:\\Windows\\system32\\services.exe,,,,
2026-08-06T00:01:24.030+0000,0,unlabelled,,,,92307,92307,3,Evidence of new service creation found in registry under HKLM\\System\\CurrentControlSet\\Services\\cbdhsvc_68196\\ImagePath binary is: C:\\Windows\\system32\\svchost.exe -k ClipboardSvcGroup -p,T1543.003,C:\\Windows\\system32\\services.exe,,,,
2026-08-06T00:01:24.277+0000,0,unlabelled,,,,92307,92307,3,Evidence of new service creation found in registry under HKLM\\System\\CurrentControlSet\\Services\\CDPUserSvc_68196\\ImagePath binary is: C:\\Windows\\system32\\svchost.exe -k UnistackSvcGroup,T1543.003,C:\\Windows\\system32\\services.exe,,,,
2026-08-06T00:01:24.794+0000,0,unlabelled,,,,92307,92307,3,Evidence of new service creation found in registry under HKLM\\System\\CurrentControlSet\\Services\\ConsentUxUserSvc_68196\\ImagePath binary is: C:\\Windows\\system32\\svchost.exe -k DevicesFlow,T1543.003,C:\\Windows\\system32\\services.exe,,,,
2026-08-06T00:01:24.800+0000,0,unlabelled,,,,92307,92307,3,Evidence of new service creation found in registry under HKLM\\System\\CurrentControlSet\\Services\\DeviceAssociationBrokerSvc_68196\\ImagePath binary is: C:\\Windows\\system32\\svchost.exe -k DevicesFlow -p,T1543.003,C:\\Windows\\system32\\services.exe,,,,
2026-08-06T00:01:24.798+0000,0,unlabelled,,,,92307,92307,3,Evidence of new service creation found in registry under HKLM\\System\\CurrentControlSet\\Services\\CredentialEnrollmentManagerUserSvc_68196\\ImagePath binary is: C:\\Windows\\system32\\CredentialEnrollmentManager.exe,T1543.003,C:\\Windows\\system32\\services.exe,,,,
2026-08-06T00:01:24.800+0000,0,unlabelled,,,,92307,92307,3,Evidence of new service creation found in registry under HKLM\\System\\CurrentControlSet\\Services\\DevicePickerUserSvc_68196\\ImagePath binary is: C:\\Windows\\system32\\svchost.exe -k DevicesFlow,T1543.003,C:\\Windows\\system32\\services.exe,,,,
2026-08-06T00:01:24.801+0000,0,unlabelled,,,,92307,92307,3,Evidence of new service creation found in registry under HKLM\\System\\CurrentControlSet\\Services\\DevicesFlowUserSvc_68196\\ImagePath binary is: C:\\Windows\\system32\\svchost.exe -k DevicesFlow,T1543.003,C:\\Windows\\system32\\services.exe,,,,
2026-08-06T00:01:24.802+0000,0,unlabelled,,,,92307,92307,3,Evidence of new service creation found in registry under HKLM\\System\\CurrentControlSet\\Services\\MessagingService_68196\\ImagePath binary is: C:\\Windows\\system32\\svchost.exe -k UnistackSvcGroup,T1543.003,C:\\Windows\\system32\\services.exe,,,,
2026-08-06T00:01:25.027+0000,0,unlabelled,,,,92307,92307,3,Evidence of new service creation found in registry under HKLM\\System\\CurrentControlSet\\Services\\OneSyncSvc_68196\\ImagePath binary is: C:\\Windows\\system32\\svchost.exe -k UnistackSvcGroup,T1543.003,C:\\Windows\\system32\\services.exe,,,,
2026-08-06T00:01:25.027+0000,0,unlabelled,,,,61102,61102,5,Windows System error event,,,,,,
2026-08-06T00:01:25.055+0000,0,unlabelled,,,,92307,92307,3,Evidence of new service creation found in registry under HKLM\\System\\CurrentControlSet\\Services\\PimIndexMaintenanceSvc_68196\\ImagePath binary is: C:\\Windows\\system32\\svchost.exe -k UnistackSvcGroup,T1543.003,C:\\Windows\\system32\\services.exe,,,,
2026-08-06T00:01:25.201+0000,0,unlabelled,,,,92307,92307,3,Evidence of new service creation found in registry under HKLM\\System\\CurrentControlSet\\Services\\PrintWorkflowUserSvc_68196\\ImagePath binary is: C:\\Windows\\system32\\svchost.exe -k PrintWorkflow,T1543.003,C:\\Windows\\system32\\services.exe,,,,
2026-08-06T00:01:25.440+0000,0,unlabelled,,,,92307,92307,3,Evidence of new service creation found in registry under HKLM\\System\\CurrentControlSet\\Services\\UdkUserSvc_68196\\ImagePath binary is: C:\\Windows\\system32\\svchost.exe -k UdkSvcGroup,T1543.003,C:\\Windows\\system32\\services.exe,,,,
2026-08-06T00:01:25.592+0000,0,unlabelled,,,,92307,92307,3,Evidence of new service creation found in registry under HKLM\\System\\CurrentControlSet\\Services\\UnistoreSvc_68196\\ImagePath binary is: C:\\Windows\\System32\\svchost.exe -k UnistackSvcGroup,T1543.003,C:\\Windows\\system32\\services.exe,,,,
2026-08-06T00:01:25.635+0000,0,unlabelled,,,,92307,92307,3,Evidence of new service creation found in registry under HKLM\\System\\CurrentControlSet\\Services\\UserDataSvc_68196\\ImagePath binary is: C:\\Windows\\system32\\svchost.exe -k UnistackSvcGroup,T1543.003,C:\\Windows\\system32\\services.exe,,,,
2026-08-06T00:01:25.752+0000,0,unlabelled,,,,92307,92307,3,Evidence of new service creation found in registry under HKLM\\System\\CurrentControlSet\\Services\\WpnUserService_68196\\ImagePath binary is: C:\\Windows\\system32\\svchost.exe -k UnistackSvcGroup,T1543.003,C:\\Windows\\system32\\services.exe,,,,
2026-08-06T00:01:40.996+0000,0,unlabelled,,,,92033,92033,3,Discovery activity spawned via powershell execution,T1087;T1059.001,C:\\Windows\\System32\\net.exe,C:\\Windows\\System32\\WindowsPowerShell\\v1.0\\powershell.exe,"\""C:\\Windows\\system32\\net.exe\"" view \\\\VBOXSVR","\""net.exe\"" view \\VBOXSVR",
2026-08-06T00:01:53.558+0000,0,unlabelled,,,,60646,60646,5,License activation (slui.exe) failed.,,,,,,
2026-08-06T00:05:39.133+0000,0,unlabelled,,,,60642,60642,3,Software protection service scheduled successfully.,,,,,,
2026-08-06T00:05:39.364+0000,0,unlabelled,,,,60132,60132,5,System time changed,,,,,,
2026-08-06T00:05:39.843+0000,0,unlabelled,,,,60646,60646,5,License activation (slui.exe) failed.,,,,,,
2026-08-06T00:06:04.736+0000,0,unlabelled,,,,60642,60642,3,Software protection service scheduled successfully.,,,,,,
2026-08-06T00:07:02.391+0000,0,unlabelled,,,,92217,92217,6,Executable dropped in Windows root folder,T1570,C:\\Windows\\system32\\svchost.exe,,,,C:\\Windows\\SoftwareDistribution\\Download\\Install\\UpdatePlatform.amd64fre.exe
2026-08-06T00:07:04.956+0000,0,unlabelled,,,,92217,92217,6,Executable dropped in Windows root folder,T1570,C:\\Windows\\SoftwareDistribution\\Download\\Install\\UpdatePlatform.amd64fre.exe,,,,C:\\Windows\\Temp\\A50F9D83-3670-4172-B90D-74666E7D9D71\\DefenderCSP.dll
2026-08-06T00:07:04.956+0000,0,unlabelled,,,,92217,92217,6,Executable dropped in Windows root folder,T1570,C:\\Windows\\SoftwareDistribution\\Download\\Install\\UpdatePlatform.amd64fre.exe,,,,C:\\Windows\\Temp\\A50F9D83-3670-4172-B90D-74666E7D9D71\\DefenderAiPlatform.dll
2026-08-06T00:07:04.976+0000,0,unlabelled,,,,92217,92217,6,Executable dropped in Windows root folder,T1570,C:\\Windows\\SoftwareDistribution\\Download\\Install\\UpdatePlatform.amd64fre.exe,,,,C:\\Windows\\Temp\\A50F9D83-3670-4172-B90D-74666E7D9D71\\DefenderDiag.dll
2026-08-06T00:07:05.024+0000,0,unlabelled,,,,92217,92217,6,Executable dropped in Windows root folder,T1570,C:\\Windows\\SoftwareDistribution\\Download\\Install\\UpdatePlatform.amd64fre.exe,,,,C:\\Windows\\Temp\\A50F9D83-3670-4172-B90D-74666E7D9D71\\DsClientBase.dll
2026-08-06T00:07:05.024+0000,0,unlabelled,,,,92217,92217,6,Executable dropped in Windows root folder,T1570,C:\\Windows\\SoftwareDistribution\\Download\\Install\\UpdatePlatform.amd64fre.exe,,,,C:\\Windows\\Temp\\A50F9D83-3670-4172-B90D-74666E7D9D71\\DirectML.dll
2026-08-06T00:07:05.047+0000,0,unlabelled,,,,92217,92217,6,Executable dropped in Windows root folder,T1570,C:\\Windows\\SoftwareDistribution\\Download\\Install\\UpdatePlatform.amd64fre.exe,,,,C:\\Windows\\Temp\\A50F9D83-3670-4172-B90D-74666E7D9D71\\DsClientFull.dll
2026-08-06T00:07:05.056+0000,0,unlabelled,,,,92217,92217,6,Executable dropped in Windows root folder,T1570,C:\\Windows\\SoftwareDistribution\\Download\\Install\\UpdatePlatform.amd64fre.exe,,,,C:\\Windows\\Temp\\A50F9D83-3670-4172-B90D-74666E7D9D71\\DsCoreBase.dll
2026-08-06T00:07:05.064+0000,0,unlabelled,,,,92217,92217,6,Executable dropped in Windows root folder,T1570,C:\\Windows\\SoftwareDistribution\\Download\\Install\\UpdatePlatform.amd64fre.exe,,,,C:\\Windows\\Temp\\A50F9D83-3670-4172-B90D-74666E7D9D71\\DsCoreFull.dll
2026-08-06T00:07:06.001+0000,0,unlabelled,,,,92217,92217,6,Executable dropped in Windows root folder,T1570,C:\\Windows\\SoftwareDistribution\\Download\\Install\\UpdatePlatform.amd64fre.exe,,,,C:\\Windows\\Temp\\A50F9D83-3670-4172-B90D-74666E7D9D71\\DsMain.dll
2026-08-06T00:07:06.012+0000,0,unlabelled,,,,92217,92217,6,Executable dropped in Windows root folder,T1570,C:\\Windows\\SoftwareDistribution\\Download\\Install\\UpdatePlatform.amd64fre.exe,,,,C:\\Windows\\Temp\\A50F9D83-3670-4172-B90D-74666E7D9D71\\Microsoft.WindowsAppRuntime.Bootstrap.dll
2026-08-06T00:07:06.017+0000,0,unlabelled,,,,92217,92217,6,Executable dropped in Windows root folder,T1570,C:\\Windows\\SoftwareDistribution\\Download\\Install\\UpdatePlatform.amd64fre.exe,,,,C:\\Windows\\Temp\\A50F9D83-3670-4172-B90D-74666E7D9D71\\Microsoft.Windows.AI.MachineLearning.dll
2026-08-06T00:07:06.035+0000,0,unlabelled,,,,92217,92217,6,Executable dropped in Windows root folder,T1570,C:\\Windows\\SoftwareDistribution\\Download\\Install\\UpdatePlatform.amd64fre.exe,,,,C:\\Windows\\Temp\\A50F9D83-3670-4172-B90D-74666E7D9D71\\Microsoft.WindowsAppRuntime.dll
2026-08-06T00:07:06.078+0000,0,unlabelled,,,,92217,92217,6,Executable dropped in Windows root folder,T1570,C:\\Windows\\SoftwareDistribution\\Download\\Install\\UpdatePlatform.amd64fre.exe,,,,C:\\Windows\\Temp\\A50F9D83-3670-4172-B90D-74666E7D9D71\\MipDlp.dll
2026-08-06T00:07:06.083+0000,0,unlabelled,,,,92217,92217,6,Executable dropped in Windows root folder,T1570,C:\\Windows\\SoftwareDistribution\\Download\\Install\\UpdatePlatform.amd64fre.exe,,,,C:\\Windows\\Temp\\A50F9D83-3670-4172-B90D-74666E7D9D71\\MpAzSubmit.dll
2026-08-06T00:07:06.079+0000,0,unlabelled,,,,92217,92217,6,Executable dropped in Windows root folder,T1570,C:\\Windows\\SoftwareDistribution\\Download\\Install\\UpdatePlatform.amd64fre.exe,,,,C:\\Windows\\Temp\\A50F9D83-3670-4172-B90D-74666E7D9D71\\MpAsDesc.dll
2026-08-06T00:07:06.094+0000,0,unlabelled,,,,92217,92217,6,Executable dropped in Windows root folder,T1570,C:\\Windows\\SoftwareDistribution\\Download\\Install\\UpdatePlatform.amd64fre.exe,,,,C:\\Windows\\Temp\\A50F9D83-3670-4172-B90D-74666E7D9D71\\MpClient.dll
2026-08-06T00:07:06.105+0000,0,unlabelled,,,,92217,92217,6,Executable dropped in Windows root folder,T1570,C:\\Windows\\SoftwareDistribution\\Download\\Install\\UpdatePlatform.amd64fre.exe,,,,C:\\Windows\\Temp\\A50F9D83-3670-4172-B90D-74666E7D9D71\\MpCommu.dll
2026-08-06T00:07:06.120+0000,0,unlabelled,,,,92217,92217,6,Executable dropped in Windows root folder,T1570,C:\\Windows\\SoftwareDistribution\\Download\\Install\\UpdatePlatform.amd64fre.exe,,,,C:\\Windows\\Temp\\A50F9D83-3670-4172-B90D-74666E7D9D71\\MpDetours.dll
2026-08-06T00:07:06.145+0000,0,unlabelled,,,,92217,92217,6,Executable dropped in Windows root folder,T1570,C:\\Windows\\SoftwareDistribution\\Download\\Install\\UpdatePlatform.amd64fre.exe,,,,C:\\Windows\\Temp\\A50F9D83-3670-4172-B90D-74666E7D9D71\\MpDetoursCopyAccelerator.dll
2026-08-06T00:07:06.208+0000,0,unlabelled,,,,92217,92217,6,Executable dropped in Windows root folder,T1570,C:\\Windows\\SoftwareDistribution\\Download\\Install\\UpdatePlatform.amd64fre.exe,,,,C:\\Windows\\Temp\\A50F9D83-3670-4172-B90D-74666E7D9D71\\MpDlp.dll
2026-08-06T00:07:06.218+0000,0,unlabelled,,,,92217,92217,6,Executable dropped in Windows root folder,T1570,C:\\Windows\\SoftwareDistribution\\Download\\Install\\UpdatePlatform.amd64fre.exe,,,,C:\\Windows\\Temp\\A50F9D83-3670-4172-B90D-74666E7D9D71\\MpEvMsg.dll
2026-08-06T00:07:06.225+0000,0,unlabelled,,,,92217,92217,6,Executable dropped in Windows root folder,T1570,C:\\Windows\\SoftwareDistribution\\Download\\Install\\UpdatePlatform.amd64fre.exe,,,,C:\\Windows\\Temp\\A50F9D83-3670-4172-B90D-74666E7D9D71\\MpNiRTP.dll
2026-08-06T00:07:06.232+0000,0,unlabelled,,,,92217,92217,6,Executable dropped in Windows root folder,T1570,C:\\Windows\\SoftwareDistribution\\Download\\Install\\UpdatePlatform.amd64fre.exe,,,,C:\\Windows\\Temp\\A50F9D83-3670-4172-B90D-74666E7D9D71\\MpOAV.dll
2026-08-06T00:07:06.238+0000,0,unlabelled,,,,92217,92217,6,Executable dropped in Windows root folder,T1570,C:\\Windows\\SoftwareDistribution\\Download\\Install\\UpdatePlatform.amd64fre.exe,,,,C:\\Windows\\Temp\\A50F9D83-3670-4172-B90D-74666E7D9D71\\MpSenseComm.dll
2026-08-06T00:07:06.238+0000,0,unlabelled,,,,92217,92217,6,Executable dropped in Windows root folder,T1570,C:\\Windows\\SoftwareDistribution\\Download\\Install\\UpdatePlatform.amd64fre.exe,,,,C:\\Windows\\Temp\\A50F9D83-3670-4172-B90D-74666E7D9D71\\MpSvc.dll
2026-08-06T00:07:06.234+0000,0,unlabelled,,,,92217,92217,6,Executable dropped in Windows root folder,T1570,C:\\Windows\\SoftwareDistribution\\Download\\Install\\UpdatePlatform.amd64fre.exe,,,,C:\\Windows\\Temp\\A50F9D83-3670-4172-B90D-74666E7D9D71\\MpRtp.dll
2026-08-06T00:07:07.217+0000,0,unlabelled,,,,92217,92217,6,Executable dropped in Windows root folder,T1570,C:\\Windows\\SoftwareDistribution\\Download\\Install\\UpdatePlatform.amd64fre.exe,,,,C:\\Windows\\Temp\\A50F9D83-3670-4172-B90D-74666E7D9D71\\MpUpdate.dll
2026-08-06T00:07:07.283+0000,0,unlabelled,,,,92217,92217,6,Executable dropped in Windows root folder,T1570,C:\\Windows\\SoftwareDistribution\\Download\\Install\\UpdatePlatform.amd64fre.exe,,,,C:\\Windows\\Temp\\A50F9D83-3670-4172-B90D-74666E7D9D71\\MsMpLics.dll
2026-08-06T00:07:07.276+0000,0,unlabelled,,,,92217,92217,6,Executable dropped in Windows root folder,T1570,C:\\Windows\\SoftwareDistribution\\Download\\Install\\UpdatePlatform.amd64fre.exe,,,,C:\\Windows\\Temp\\A50F9D83-3670-4172-B90D-74666E7D9D71\\MpUxAgent.dll
2026-08-06T00:07:07.306+0000,0,unlabelled,,,,92217,92217,6,Executable dropped in Windows root folder,T1570,C:\\Windows\\SoftwareDistribution\\Download\\Install\\UpdatePlatform.amd64fre.exe,,,,C:\\Windows\\Temp\\A50F9D83-3670-4172-B90D-74666E7D9D71\\NpRep.dll
2026-08-06T00:07:07.315+0000,0,unlabelled,,,,92217,92217,6,Executable dropped in Windows root folder,T1570,C:\\Windows\\SoftwareDistribution\\Download\\Install\\UpdatePlatform.amd64fre.exe,,,,C:\\Windows\\Temp\\A50F9D83-3670-4172-B90D-74666E7D9D71\\ProtectionManagement.dll
2026-08-06T00:07:07.350+0000,0,unlabelled,,,,92217,92217,6,Executable dropped in Windows root folder,T1570,C:\\Windows\\SoftwareDistribution\\Download\\Install\\UpdatePlatform.amd64fre.exe,,,,C:\\Windows\\Temp\\A50F9D83-3670-4172-B90D-74666E7D9D71\\endpointdlp.dll
2026-08-06T00:07:07.352+0000,0,unlabelled,,,,92217,92217,6,Executable dropped in Windows root folder,T1570,C:\\Windows\\SoftwareDistribution\\Download\\Install\\UpdatePlatform.amd64fre.exe,,,,C:\\Windows\\Temp\\A50F9D83-3670-4172-B90D-74666E7D9D71\\onnxruntime.dll
2026-08-06T00:07:07.353+0000,0,unlabelled,,,,92217,92217,6,Executable dropped in Windows root folder,T1570,C:\\Windows\\SoftwareDistribution\\Download\\Install\\UpdatePlatform.amd64fre.exe,,,,C:\\Windows\\Temp\\A50F9D83-3670-4172-B90D-74666E7D9D71\\onnxruntime_providers_shared.dll
2026-08-06T00:07:07.387+0000,0,unlabelled,,,,92217,92217,6,Executable dropped in Windows root folder,T1570,C:\\Windows\\SoftwareDistribution\\Download\\Install\\UpdatePlatform.amd64fre.exe,,,,C:\\Windows\\Temp\\A50F9D83-3670-4172-B90D-74666E7D9D71\\x86\\MpAsDesc.dll
2026-08-06T00:07:07.388+0000,0,unlabelled,,,,92217,92217,6,Executable dropped in Windows root folder,T1570,C:\\Windows\\SoftwareDistribution\\Download\\Install\\UpdatePlatform.amd64fre.exe,,,,C:\\Windows\\Temp\\A50F9D83-3670-4172-B90D-74666E7D9D71\\x86\\MpClient.dll
2026-08-06T00:07:07.418+0000,0,unlabelled,,,,92217,92217,6,Executable dropped in Windows root folder,T1570,C:\\Windows\\SoftwareDistribution\\Download\\Install\\UpdatePlatform.amd64fre.exe,,,,C:\\Windows\\Temp\\A50F9D83-3670-4172-B90D-74666E7D9D71\\x86\\MpDetours.dll
2026-08-06T00:07:07.448+0000,0,unlabelled,,,,92217,92217,6,Executable dropped in Windows root folder,T1570,C:\\Windows\\SoftwareDistribution\\Download\\Install\\UpdatePlatform.amd64fre.exe,,,,C:\\Windows\\Temp\\A50F9D83-3670-4172-B90D-74666E7D9D71\\x86\\MpOAV.dll
2026-08-06T00:07:07.446+0000,0,unlabelled,,,,92217,92217,6,Executable dropped in Windows root folder,T1570,C:\\Windows\\SoftwareDistribution\\Download\\Install\\UpdatePlatform.amd64fre.exe,,,,C:\\Windows\\Temp\\A50F9D83-3670-4172-B90D-74666E7D9D71\\x86\\MpDetoursCopyAccelerator.dll
2026-08-06T00:07:07.449+0000,0,unlabelled,,,,92217,92217,6,Executable dropped in Windows root folder,T1570,C:\\Windows\\SoftwareDistribution\\Download\\Install\\UpdatePlatform.amd64fre.exe,,,,C:\\Windows\\Temp\\A50F9D83-3670-4172-B90D-74666E7D9D71\\x86\\MsMpLics.dll
2026-08-06T00:07:07.474+0000,0,unlabelled,,,,92217,92217,6,Executable dropped in Windows root folder,T1570,C:\\Windows\\SoftwareDistribution\\Download\\Install\\UpdatePlatform.amd64fre.exe,,,,C:\\Windows\\Temp\\A50F9D83-3670-4172-B90D-74666E7D9D71\\x86\\endpointdlp.dll
2026-08-06T00:07:07.475+0000,0,unlabelled,,,,92217,92217,6,Executable dropped in Windows root folder,T1570,C:\\Windows\\SoftwareDistribution\\Download\\Install\\UpdatePlatform.amd64fre.exe,,,,C:\\Windows\\Temp\\A50F9D83-3670-4172-B90D-74666E7D9D71\\ConfigSecurityPolicy.exe
2026-08-06T00:07:07.476+0000,0,unlabelled,,,,92217,92217,6,Executable dropped in Windows root folder,T1570,C:\\Windows\\SoftwareDistribution\\Download\\Install\\UpdatePlatform.amd64fre.exe,,,,C:\\Windows\\Temp\\A50F9D83-3670-4172-B90D-74666E7D9D71\\DefenderAgentScan.exe
2026-08-06T00:07:07.514+0000,0,unlabelled,,,,92217,92217,6,Executable dropped in Windows root folder,T1570,C:\\Windows\\SoftwareDistribution\\Download\\Install\\UpdatePlatform.amd64fre.exe,,,,C:\\Windows\\Temp\\A50F9D83-3670-4172-B90D-74666E7D9D71\\DefenderAiPlatformHost.exe
2026-08-06T00:07:07.515+0000,0,unlabelled,,,,92217,92217,6,Executable dropped in Windows root folder,T1570,C:\\Windows\\SoftwareDistribution\\Download\\Install\\UpdatePlatform.amd64fre.exe,,,,C:\\Windows\\Temp\\A50F9D83-3670-4172-B90D-74666E7D9D71\\DefenderSessionHelper.exe
2026-08-06T00:07:07.518+0000,0,unlabelled,,,,92217,92217,6,Executable dropped in Windows root folder,T1570,C:\\Windows\\SoftwareDistribution\\Download\\Install\\UpdatePlatform.amd64fre.exe,,,,C:\\Windows\\Temp\\A50F9D83-3670-4172-B90D-74666E7D9D71\\DlpUserAgent.exe
2026-08-06T00:07:07.549+0000,0,unlabelled,,,,92217,92217,6,Executable dropped in Windows root folder,T1570,C:\\Windows\\SoftwareDistribution\\Download\\Install\\UpdatePlatform.amd64fre.exe,,,,C:\\Windows\\Temp\\A50F9D83-3670-4172-B90D-74666E7D9D71\\MdOdrMcpFilter.exe
2026-08-06T00:07:07.550+0000,0,unlabelled,,,,92217,92217,6,Executable dropped in Windows root folder,T1570,C:\\Windows\\SoftwareDistribution\\Download\\Install\\UpdatePlatform.amd64fre.exe,,,,C:\\Windows\\Temp\\A50F9D83-3670-4172-B90D-74666E7D9D71\\MipDlp.exe
2026-08-06T00:07:07.566+0000,0,unlabelled,,,,92217,92217,6,Executable dropped in Windows root folder,T1570,C:\\Windows\\SoftwareDistribution\\Download\\Install\\UpdatePlatform.amd64fre.exe,,,,C:\\Windows\\Temp\\A50F9D83-3670-4172-B90D-74666E7D9D71\\MpCmdRun.exe
2026-08-06T00:07:07.583+0000,0,unlabelled,,,,92217,92217,6,Executable dropped in Windows root folder,T1570,C:\\Windows\\SoftwareDistribution\\Download\\Install\\UpdatePlatform.amd64fre.exe,,,,C:\\Windows\\Temp\\A50F9D83-3670-4172-B90D-74666E7D9D71\\MpCopyAccelerator.exe
2026-08-06T00:07:07.585+0000,0,unlabelled,,,,92217,92217,6,Executable dropped in Windows root folder,T1570,C:\\Windows\\SoftwareDistribution\\Download\\Install\\UpdatePlatform.amd64fre.exe,,,,C:\\Windows\\Temp\\A50F9D83-3670-4172-B90D-74666E7D9D71\\MpDefenderCoreService.exe
2026-08-06T00:07:07.599+0000,0,unlabelled,,,,92217,92217,6,Executable dropped in Windows root folder,T1570,C:\\Windows\\SoftwareDistribution\\Download\\Install\\UpdatePlatform.amd64fre.exe,,,,C:\\Windows\\Temp\\A50F9D83-3670-4172-B90D-74666E7D9D71\\MpDlpService.exe
2026-08-06T00:07:07.601+0000,0,unlabelled,,,,92217,92217,6,Executable dropped in Windows root folder,T1570,C:\\Windows\\SoftwareDistribution\\Download\\Install\\UpdatePlatform.amd64fre.exe,,,,C:\\Windows\\Temp\\A50F9D83-3670-4172-B90D-74666E7D9D71\\MpDlpCmd.exe
2026-08-06T00:07:07.618+0000,0,unlabelled,,,,92217,92217,6,Executable dropped in Windows root folder,T1570,C:\\Windows\\SoftwareDistribution\\Download\\Install\\UpdatePlatform.amd64fre.exe,,,,C:\\Windows\\Temp\\A50F9D83-3670-4172-B90D-74666E7D9D71\\MpRecovery.exe
2026-08-06T00:07:07.660+0000,0,unlabelled,,,,92217,92217,6,Executable dropped in Windows root folder,T1570,C:\\Windows\\SoftwareDistribution\\Download\\Install\\UpdatePlatform.amd64fre.exe,,,,C:\\Windows\\Temp\\A50F9D83-3670-4172-B90D-74666E7D9D71\\MsMpEng.exe
2026-08-06T00:07:07.659+0000,0,unlabelled,,,,92217,92217,6,Executable dropped in Windows root folder,T1570,C:\\Windows\\SoftwareDistribution\\Download\\Install\\UpdatePlatform.amd64fre.exe,,,,C:\\Windows\\Temp\\A50F9D83-3670-4172-B90D-74666E7D9D71\\MpSigStub.exe
2026-08-06T00:07:07.675+0000,0,unlabelled,,,,92217,92217,6,Executable dropped in Windows root folder,T1570,C:\\Windows\\SoftwareDistribution\\Download\\Install\\UpdatePlatform.amd64fre.exe,,,,C:\\Windows\\Temp\\A50F9D83-3670-4172-B90D-74666E7D9D71\\NisSrv.exe
2026-08-06T00:07:08.352+0000,0,unlabelled,,,,92217,92217,6,Executable dropped in Windows root folder,T1570,C:\\Windows\\SoftwareDistribution\\Download\\Install\\UpdatePlatform.amd64fre.exe,,,,C:\\Windows\\Temp\\A50F9D83-3670-4172-B90D-74666E7D9D71\\mpextms.exe
2026-08-06T00:07:08.363+0000,0,unlabelled,,,,92217,92217,6,Executable dropped in Windows root folder,T1570,C:\\Windows\\SoftwareDistribution\\Download\\Install\\UpdatePlatform.amd64fre.exe,,,,C:\\Windows\\Temp\\A50F9D83-3670-4172-B90D-74666E7D9D71\\x86\\MpCmdRun.exe
2026-08-06T00:07:08.363+0000,0,unlabelled,,,,92217,92217,6,Executable dropped in Windows root folder,T1570,C:\\Windows\\SoftwareDistribution\\Download\\Install\\UpdatePlatform.amd64fre.exe,,,,C:\\Windows\\Temp\\A50F9D83-3670-4172-B90D-74666E7D9D71\\x86\\MpCopyAccelerator.exe
2026-08-06T00:07:08.357+0000,0,unlabelled,,,,92217,92217,6,Executable dropped in Windows root folder,T1570,C:\\Windows\\SoftwareDistribution\\Download\\Install\\UpdatePlatform.amd64fre.exe,,,,C:\\Windows\\Temp\\A50F9D83-3670-4172-B90D-74666E7D9D71\\x86\\DefenderAgentScan.exe
2026-08-06T00:07:18.399+0000,0,unlabelled,,,,61104,61104,3,Service startup type was changed,,,,,,
2026-08-06T00:07:27.560+0000,0,unlabelled,,,,92307,92307,3,"Evidence of new service creation found in registry under HKLM\\System\\CurrentControlSet\\Services\\WdNisSvc\\ImagePath binary is: \""%%ProgramData%%\\Microsoft\\Windows Defender\\Platform\\4.18.26070.9-0\\NisSrv.exe\""",T1543.003,C:\\Windows\\system32\\services.exe,,,,
2026-08-06T00:07:31.178+0000,0,unlabelled,,,,92307,92307,3,"Evidence of new service creation found in registry under HKLM\\System\\CurrentControlSet\\Services\\MDCoreSvc\\ImagePath binary is: \""C:\\ProgramData\\Microsoft\\Windows Defender\\Platform\\4.18.26070.9-0\\MpDefenderCoreService.exe\""",T1543.003,C:\\Windows\\system32\\services.exe,,,,
2026-08-06T00:07:32.309+0000,0,unlabelled,,,,92307,92307,3,"Evidence of new service creation found in registry under HKLM\\System\\CurrentControlSet\\Services\\WinDefend\\ImagePath binary is: \""C:\\ProgramData\\Microsoft\\Windows Defender\\Platform\\4.18.26070.9-0\\MsMpEng.exe\""",T1543.003,C:\\Windows\\system32\\services.exe,,,,
2026-08-06T00:07:38.944+0000,0,unlabelled,,,,61138,61138,5,New Windows Service Created,T1543.003,,,,,
2026-08-06T00:07:40.922+0000,0,unlabelled,,,,60642,60642,3,Software protection service scheduled successfully.,,,,,,
2026-08-06T00:07:41.487+0000,0,unlabelled,,,,92052,cmd-spawned-by-nonshell-parent,4,Windows command prompt started by an abnormal process,T1059.003,C:\\Windows\\System32\\cmd.exe,C:\\Windows\\System32\\WindowsPowerShell\\v1.0\\powershell.exe,"\""cmd.exe\"" /c net user &amp; dir c:\\Users\\ &amp; cmdkey.exe /list &amp; net localgroup \""Users\"" &amp; net localgroup","\""cmd.exe\"" /c net user &amp; dir c:\Users\ &amp; cmdkey.exe /list &amp; net localgroup \""Users\"" &amp; net localgroup",
2026-08-06T00:07:41.541+0000,0,unlabelled,,,,100200,100200,10,T1087.001 Local Account Discovery via net.exe,T1087.001,C:\\Windows\\System32\\net.exe,C:\\Windows\\System32\\cmd.exe,net  user,net  user,
2026-08-06T00:07:41.585+0000,0,unlabelled,,,,92032,92032,3,Suspicious Windows cmd shell execution,T1087;T1059.003,C:\\Windows\\System32\\cmdkey.exe,C:\\Windows\\System32\\cmd.exe,cmdkey.exe  /list,cmdkey.exe  /list,
2026-08-06T00:07:41.684+0000,0,unlabelled,,,,100200,100200,10,T1087.001 Local Account Discovery via net.exe,T1087.001,C:\\Windows\\System32\\net.exe,C:\\Windows\\System32\\cmd.exe,"net  localgroup \""Users\""","net  localgroup \""Users\""",
2026-08-06T00:07:41.786+0000,0,unlabelled,,,,100200,100200,10,T1087.001 Local Account Discovery via net.exe,T1087.001,C:\\Windows\\System32\\net.exe,C:\\Windows\\System32\\cmd.exe,net  localgroup,net  localgroup,
2026-08-06T00:07:45.021+0000,0,unlabelled,,,,92027,92027,4,Powershell process spawned powershell instance,T1059.001,C:\\Windows\\System32\\WindowsPowerShell\\v1.0\\powershell.exe,C:\\Windows\\System32\\WindowsPowerShell\\v1.0\\powershell.exe,"\""powershell.exe\"" &amp; {net user get-localuser get-localgroupmember -group Users cmdkey.exe /list ls C:/Users get-childitem C:\\Users\\ dir C:\\Users\\ get-localgroup net localgroup}","\""powershell.exe\"" &amp; {net user get-localuser get-localgroupmember -group Users cmdkey.exe /list ls C:/Users get-childitem C:\Users\ dir C:\Users\ get-localgroup net localgroup}",
2026-08-06T00:07:47.664+0000,0,unlabelled,,,,100200,100200,10,T1087.001 Local Account Discovery via net.exe,T1087.001,C:\\Windows\\System32\\net.exe,C:\\Windows\\System32\\WindowsPowerShell\\v1.0\\powershell.exe,"\""C:\\Windows\\system32\\net.exe\"" user","\""net.exe\"" user",
2026-08-06T00:07:50.412+0000,0,unlabelled,,,,100200,100200,10,T1087.001 Local Account Discovery via net.exe,T1087.001,C:\\Windows\\System32\\net.exe,C:\\Windows\\System32\\WindowsPowerShell\\v1.0\\powershell.exe,"\""C:\\Windows\\system32\\net.exe\"" localgroup","\""net.exe\"" localgroup",
2026-08-06T00:07:51.785+0000,0,unlabelled,,,,92052,cmd-spawned-by-nonshell-parent,4,Windows command prompt started by an abnormal process,T1059.003,C:\\Windows\\System32\\cmd.exe,C:\\Windows\\System32\\WindowsPowerShell\\v1.0\\powershell.exe,"\""cmd.exe\"" /c query user","\""cmd.exe\"" /c query user",
2026-08-06T00:07:51.786+0000,0,unlabelled,,,,92032,92032,3,Suspicious Windows cmd shell execution,T1087;T1059.003,C:\\Windows\\System32\\query.exe,C:\\Windows\\System32\\cmd.exe,query  user,query  user,
2026-08-06T00:07:58.082+0000,0,unlabelled,,,,61104,61104,3,Service startup type was changed,,,,,,
2026-08-06T00:08:11.955+0000,0,unlabelled,,,,100200,100200,10,T1087.001 Local Account Discovery via net.exe,T1087.001,C:\\Windows\\System32\\net.exe,C:\\Windows\\System32\\WindowsPowerShell\\v1.0\\powershell.exe,"\""C:\\Windows\\system32\\net.exe\"" user","\""net.exe\"" user",
2026-08-06T00:08:18.475+0000,0,unlabelled,,,,100200,100200,10,T1087.001 Local Account Discovery via net.exe,T1087.001,C:\\Windows\\System32\\net.exe,C:\\Windows\\System32\\WindowsPowerShell\\v1.0\\powershell.exe,"\""C:\\Windows\\system32\\net.exe\"" localgroup administrators","\""net.exe\"" localgroup administrators",
2026-08-06T00:12:01.115+0000,0,unlabelled,,,,100200,100200,10,T1087.001 Local Account Discovery via net.exe,T1087.001,C:\\Windows\\System32\\net.exe,C:\\Windows\\System32\\WindowsPowerShell\\v1.0\\powershell.exe,"\""C:\\Windows\\system32\\net.exe\"" user","\""net.exe\"" user",
2026-08-06T00:12:06.295+0000,0,unlabelled,,,,100200,100200,10,T1087.001 Local Account Discovery via net.exe,T1087.001,C:\\Windows\\System32\\net.exe,C:\\Windows\\System32\\WindowsPowerShell\\v1.0\\powershell.exe,"\""C:\\Windows\\system32\\net.exe\"" localgroup administrators","\""net.exe\"" localgroup administrators",
2026-08-06T00:17:56.103+0000,0,unlabelled,,,,92200,92200,6,Scripting file created under Windows Temp or User folder,T1059;T1105,C:\\Windows\\system32\\taskhostw.exe,,,,C:\\Windows\\Temp\\SDIAG_b120313e-3dc4-4553-9969-922c094cafad\\CL_Utility.ps1
2026-08-06T00:17:56.158+0000,0,unlabelled,,,,92217,92217,6,Executable dropped in Windows root folder,T1570,C:\\Windows\\system32\\taskhostw.exe,,,,C:\\Windows\\Temp\\SDIAG_b120313e-3dc4-4553-9969-922c094cafad\\DiagPackage.dll
2026-08-06T00:17:56.198+0000,0,unlabelled,,,,92200,92200,6,Scripting file created under Windows Temp or User folder,T1059;T1105,C:\\Windows\\system32\\taskhostw.exe,,,,C:\\Windows\\Temp\\SDIAG_b120313e-3dc4-4553-9969-922c094cafad\\RS_AdminDiagnosticHistory.ps1
2026-08-06T00:17:56.309+0000,0,unlabelled,,,,92200,92200,6,Scripting file created under Windows Temp or User folder,T1059;T1105,C:\\Windows\\system32\\taskhostw.exe,,,,C:\\Windows\\Temp\\SDIAG_b120313e-3dc4-4553-9969-922c094cafad\\RS_MachineWERQueue.ps1
2026-08-06T00:17:56.482+0000,0,unlabelled,,,,92200,92200,6,Scripting file created under Windows Temp or User folder,T1059;T1105,C:\\Windows\\system32\\taskhostw.exe,,,,C:\\Windows\\Temp\\SDIAG_b120313e-3dc4-4553-9969-922c094cafad\\RS_SyncSystemTime.ps1
2026-08-06T00:17:56.529+0000,0,unlabelled,,,,92200,92200,6,Scripting file created under Windows Temp or User folder,T1059;T1105,C:\\Windows\\system32\\taskhostw.exe,,,,C:\\Windows\\Temp\\SDIAG_b120313e-3dc4-4553-9969-922c094cafad\\RS_UserDiagnosticHistory.ps1
2026-08-06T00:17:56.531+0000,0,unlabelled,,,,92200,92200,6,Scripting file created under Windows Temp or User folder,T1059;T1105,C:\\Windows\\system32\\taskhostw.exe,,,,C:\\Windows\\Temp\\SDIAG_b120313e-3dc4-4553-9969-922c094cafad\\RS_UserWERQueue.ps1
2026-08-06T00:17:56.578+0000,0,unlabelled,,,,92200,92200,6,Scripting file created under Windows Temp or User folder,T1059;T1105,C:\\Windows\\system32\\taskhostw.exe,,,,C:\\Windows\\Temp\\SDIAG_b120313e-3dc4-4553-9969-922c094cafad\\TS_DiagnosticHistory.ps1
2026-08-06T00:17:56.630+0000,0,unlabelled,,,,92200,92200,6,Scripting file created under Windows Temp or User folder,T1059;T1105,C:\\Windows\\system32\\taskhostw.exe,,,,C:\\Windows\\Temp\\SDIAG_b120313e-3dc4-4553-9969-922c094cafad\\TS_InaccurateSystemTime.ps1
2026-08-06T00:17:56.663+0000,0,unlabelled,,,,92200,92200,6,Scripting file created under Windows Temp or User folder,T1059;T1105,C:\\Windows\\system32\\taskhostw.exe,,,,C:\\Windows\\Temp\\SDIAG_b120313e-3dc4-4553-9969-922c094cafad\\TS_WERQueue.ps1
2026-08-06T00:18:09.760+0000,0,unlabelled,,,,60805,60805,3,The database engine is starting a new instance.,,,,,,
2026-08-06T00:18:09.825+0000,0,unlabelled,,,,60807,60807,3,The database engine is initiating recovery steps.,,,,,,
2026-08-06T00:18:10.086+0000,0,unlabelled,,,,60808,60808,3,The database engine is replaying log file C:\Winnt\system32\wins\j50.log.,,,,,,
2026-08-06T00:18:10.313+0000,0,unlabelled,,,,60809,60809,3,The database engine has completed recovery steps.,,,,,,
2026-08-06T00:18:10.628+0000,0,unlabelled,,,,60798,60798,3,The database engine attached a database.,,,,,,
2026-08-06T00:18:14.965+0000,0,unlabelled,,,,61104,61104,3,Service startup type was changed,,,,,,
2026-08-06T00:18:18.079+0000,0,unlabelled,,,,60608,60608,4,Summary event of the report's signatures.,,,,,,
2026-08-06T00:18:18.079+0000,0,unlabelled,,,,60608,60608,4,Summary event of the report's signatures.,,,,,,
2026-08-06T00:18:29.342+0000,0,unlabelled,,,,60132,60132,5,System time changed,,,,,,
2026-08-06T00:18:43.270+0000,0,unlabelled,,,,60602,60602,9,Windows application error event.,,,,,,
2026-08-06T00:18:49.587+0000,0,unlabelled,,,,61104,61104,3,Service startup type was changed,,,,,,
2026-08-06T00:18:53.402+0000,0,unlabelled,,,,61104,61104,3,Service startup type was changed,,,,,,
2026-08-06T00:19:35.948+0000,0,unlabelled,,,,92217,92217,6,Executable dropped in Windows root folder,T1570,C:\\Windows\\system32\\svchost.exe,,,,C:\\Windows\\SoftwareDistribution\\Download\\Install\\AM_Delta_Patch_1.457.20.0.exe
2026-08-06T00:19:56.700+0000,0,unlabelled,,,,60608,60608,4,Summary event of the report's signatures.,,,,,,
2026-08-06T00:20:23.735+0000,0,unlabelled,,,,92213,92213,15,Executable file dropped in folder commonly used by malware,T1105,C:\\Windows\\system32\\cleanmgr.exe,,,,C:\\Users\\Basit\\AppData\\Local\\Temp\\ED021F06-6774-4535-8A6B-675E29FA3600\\AppxProvider.dll
2026-08-06T00:20:23.782+0000,0,unlabelled,,,,92213,92213,15,Executable file dropped in folder commonly used by malware,T1105,C:\\Windows\\system32\\cleanmgr.exe,,,,C:\\Users\\Basit\\AppData\\Local\\Temp\\ED021F06-6774-4535-8A6B-675E29FA3600\\AssocProvider.dll
2026-08-06T00:20:26.232+0000,0,unlabelled,,,,92213,92213,15,Executable file dropped in folder commonly used by malware,T1105,C:\\Windows\\system32\\cleanmgr.exe,,,,C:\\Users\\Basit\\AppData\\Local\\Temp\\ED021F06-6774-4535-8A6B-675E29FA3600\\CbsProvider.dll
2026-08-06T00:20:26.235+0000,0,unlabelled,,,,92213,92213,15,Executable file dropped in folder commonly used by malware,T1105,C:\\Windows\\system32\\cleanmgr.exe,,,,C:\\Users\\Basit\\AppData\\Local\\Temp\\ED021F06-6774-4535-8A6B-675E29FA3600\\DismCore.dll
2026-08-06T00:20:32.789+0000,0,unlabelled,,,,92213,92213,15,Executable file dropped in folder commonly used by malware,T1105,C:\\Windows\\system32\\cleanmgr.exe,,,,C:\\Users\\Basit\\AppData\\Local\\Temp\\ED021F06-6774-4535-8A6B-675E29FA3600\\DismCorePS.dll
2026-08-06T00:20:35.179+0000,0,unlabelled,,,,92213,92213,15,Executable file dropped in folder commonly used by malware,T1105,C:\\Windows\\system32\\cleanmgr.exe,,,,C:\\Users\\Basit\\AppData\\Local\\Temp\\ED021F06-6774-4535-8A6B-675E29FA3600\\DismHost.exe
2026-08-06T00:20:39.234+0000,0,unlabelled,,,,92213,92213,15,Executable file dropped in folder commonly used by malware,T1105,C:\\Windows\\system32\\cleanmgr.exe,,,,C:\\Users\\Basit\\AppData\\Local\\Temp\\ED021F06-6774-4535-8A6B-675E29FA3600\\DismProv.dll
2026-08-06T00:20:41.089+0000,0,unlabelled,,,,60642,60642,3,Software protection service scheduled successfully.,,,,,,
2026-08-06T00:20:42.157+0000,0,unlabelled,,,,92213,92213,15,Executable file dropped in folder commonly used by malware,T1105,C:\\Windows\\system32\\cleanmgr.exe,,,,C:\\Users\\Basit\\AppData\\Local\\Temp\\ED021F06-6774-4535-8A6B-675E29FA3600\\DmiProvider.dll
2026-08-06T00:21:00.701+0000,0,unlabelled,,,,92213,92213,15,Executable file dropped in folder commonly used by malware,T1105,C:\\Windows\\system32\\cleanmgr.exe,,,,C:\\Users\\Basit\\AppData\\Local\\Temp\\ED021F06-6774-4535-8A6B-675E29FA3600\\FfuProvider.dll
2026-08-06T00:21:00.749+0000,0,unlabelled,,,,92213,92213,15,Executable file dropped in folder commonly used by malware,T1105,C:\\Windows\\system32\\cleanmgr.exe,,,,C:\\Users\\Basit\\AppData\\Local\\Temp\\ED021F06-6774-4535-8A6B-675E29FA3600\\FolderProvider.dll
2026-08-06T00:21:02.186+0000,0,unlabelled,,,,92213,92213,15,Executable file dropped in folder commonly used by malware,T1105,C:\\Windows\\system32\\cleanmgr.exe,,,,C:\\Users\\Basit\\AppData\\Local\\Temp\\ED021F06-6774-4535-8A6B-675E29FA3600\\GenericProvider.dll
2026-08-06T00:21:08.464+0000,0,unlabelled,,,,92213,92213,15,Executable file dropped in folder commonly used by malware,T1105,C:\\Windows\\system32\\cleanmgr.exe,,,,C:\\Users\\Basit\\AppData\\Local\\Temp\\ED021F06-6774-4535-8A6B-675E29FA3600\\IBSProvider.dll
2026-08-06T00:21:08.488+0000,0,unlabelled,,,,92213,92213,15,Executable file dropped in folder commonly used by malware,T1105,C:\\Windows\\system32\\cleanmgr.exe,,,,C:\\Users\\Basit\\AppData\\Local\\Temp\\ED021F06-6774-4535-8A6B-675E29FA3600\\ImagingProvider.dll
2026-08-06T00:21:08.489+0000,0,unlabelled,,,,92213,92213,15,Executable file dropped in folder commonly used by malware,T1105,C:\\Windows\\system32\\cleanmgr.exe,,,,C:\\Users\\Basit\\AppData\\Local\\Temp\\ED021F06-6774-4535-8A6B-675E29FA3600\\IntlProvider.dll
2026-08-06T00:21:11.774+0000,0,unlabelled,,,,92213,92213,15,Executable file dropped in folder commonly used by malware,T1105,C:\\Windows\\system32\\cleanmgr.exe,,,,C:\\Users\\Basit\\AppData\\Local\\Temp\\ED021F06-6774-4535-8A6B-675E29FA3600\\LogProvider.dll
2026-08-06T00:21:11.774+0000,0,unlabelled,,,,92213,92213,15,Executable file dropped in folder commonly used by malware,T1105,C:\\Windows\\system32\\cleanmgr.exe,,,,C:\\Users\\Basit\\AppData\\Local\\Temp\\ED021F06-6774-4535-8A6B-675E29FA3600\\MsiProvider.dll
2026-08-06T00:21:11.810+0000,0,unlabelled,,,,92213,92213,15,Executable file dropped in folder commonly used by malware,T1105,C:\\Windows\\system32\\cleanmgr.exe,,,,C:\\Users\\Basit\\AppData\\Local\\Temp\\ED021F06-6774-4535-8A6B-675E29FA3600\\OfflineSetupProvider.dll
2026-08-06T00:21:13.600+0000,0,unlabelled,,,,92213,92213,15,Executable file dropped in folder commonly used by malware,T1105,C:\\Windows\\system32\\cleanmgr.exe,,,,C:\\Users\\Basit\\AppData\\Local\\Temp\\ED021F06-6774-4535-8A6B-675E29FA3600\\OSProvider.dll
2026-08-06T00:21:15.778+0000,0,unlabelled,,,,92213,92213,15,Executable file dropped in folder commonly used by malware,T1105,C:\\Windows\\system32\\cleanmgr.exe,,,,C:\\Users\\Basit\\AppData\\Local\\Temp\\ED021F06-6774-4535-8A6B-675E29FA3600\\ProvProvider.dll
2026-08-06T00:21:15.793+0000,0,unlabelled,,,,92217,92217,6,Executable dropped in Windows root folder,T1570,C:\\Windows\\Microsoft.NET\\Framework\\v4.0.30319\\mscorsvw.exe,,,,C:\\Windows\\assembly\\NativeImages_v4.0.30319_32\\Temp\\cd0-0\\AuditPolicyGPManagedStubs.Interop.dll
2026-08-06T00:21:15.793+0000,0,unlabelled,,,,92213,92213,15,Executable file dropped in folder commonly used by malware,T1105,C:\\Windows\\system32\\cleanmgr.exe,,,,C:\\Users\\Basit\\AppData\\Local\\Temp\\ED021F06-6774-4535-8A6B-675E29FA3600\\SetupPlatformProvider.dll
2026-08-06T00:21:15.812+0000,0,unlabelled,,,,92213,92213,15,Executable file dropped in folder commonly used by malware,T1105,C:\\Windows\\system32\\cleanmgr.exe,,,,C:\\Users\\Basit\\AppData\\Local\\Temp\\ED021F06-6774-4535-8A6B-675E29FA3600\\SmiProvider.dll
2026-08-06T00:21:15.862+0000,0,unlabelled,,,,92213,92213,15,Executable file dropped in folder commonly used by malware,T1105,C:\\Windows\\system32\\cleanmgr.exe,,,,C:\\Users\\Basit\\AppData\\Local\\Temp\\ED021F06-6774-4535-8A6B-675E29FA3600\\SysprepProvider.dll
2026-08-06T00:21:15.864+0000,0,unlabelled,,,,92213,92213,15,Executable file dropped in folder commonly used by malware,T1105,C:\\Windows\\system32\\cleanmgr.exe,,,,C:\\Users\\Basit\\AppData\\Local\\Temp\\ED021F06-6774-4535-8A6B-675E29FA3600\\TransmogProvider.dll
2026-08-06T00:21:15.891+0000,0,unlabelled,,,,92213,92213,15,Executable file dropped in folder commonly used by malware,T1105,C:\\Windows\\system32\\cleanmgr.exe,,,,C:\\Users\\Basit\\AppData\\Local\\Temp\\ED021F06-6774-4535-8A6B-675E29FA3600\\UnattendProvider.dll
2026-08-06T00:21:15.932+0000,0,unlabelled,,,,92213,92213,15,Executable file dropped in folder commonly used by malware,T1105,C:\\Windows\\system32\\cleanmgr.exe,,,,C:\\Users\\Basit\\AppData\\Local\\Temp\\ED021F06-6774-4535-8A6B-675E29FA3600\\VhdProvider.dll
2026-08-06T00:21:15.944+0000,0,unlabelled,,,,92213,92213,15,Executable file dropped in folder commonly used by malware,T1105,C:\\Windows\\system32\\cleanmgr.exe,,,,C:\\Users\\Basit\\AppData\\Local\\Temp\\ED021F06-6774-4535-8A6B-675E29FA3600\\WimProvider.dll
2026-08-06T04:29:46.317+0000,0,unlabelled,,,,92217,92217,6,Executable dropped in Windows root folder,T1570,C:\\Windows\\Microsoft.NET\\Framework\\v4.0.30319\\mscorsvw.exe,,,,C:\\Windows\\assembly\\NativeImages_v4.0.30319_32\\Temp\\cc8-0\\EventViewer.dll
2026-08-06T04:30:33.729+0000,0,unlabelled,,,,92217,92217,6,Executable dropped in Windows root folder,T1570,C:\\Windows\\Microsoft.NET\\Framework\\v4.0.30319\\mscorsvw.exe,,,,C:\\Windows\\assembly\\NativeImages_v4.0.30319_32\\Temp\\7ac-0\\Microsoft.ApplicationId.Framework.dll
2026-08-06T04:31:39.569+0000,0,unlabelled,,,,92217,92217,6,Executable dropped in Windows root folder,T1570,C:\\Windows\\Microsoft.NET\\Framework\\v4.0.30319\\mscorsvw.exe,,,,C:\\Windows\\assembly\\NativeImages_v4.0.30319_32\\Temp\\14b0-0\\Microsoft.ApplicationId.RuleWizard.dll
2026-08-06T04:32:28.463+0000,0,unlabelled,,,,61104,61104,3,Service startup type was changed,,,,,,
2026-08-06T04:32:35.302+0000,0,unlabelled,,,,61104,61104,3,Service startup type was changed,,,,,,
2026-08-06T04:33:10.167+0000,0,unlabelled,,,,61104,61104,3,Service startup type was changed,,,,,,
2026-08-06T04:33:38.832+0000,0,unlabelled,,,,92052,cmd-spawned-by-nonshell-parent,4,Windows command prompt started by an abnormal process,T1059.003,C:\\Windows\\System32\\cmd.exe,C:\\Windows\\System32\\WindowsPowerShell\\v1.0\\powershell.exe,"\""cmd.exe\"" /c net user &amp; dir c:\\Users\\ &amp; cmdkey.exe /list &amp; net localgroup \""Users\"" &amp; net localgroup","\""cmd.exe\"" /c net user &amp; dir c:\Users\ &amp; cmdkey.exe /list &amp; net localgroup \""Users\"" &amp; net localgroup",
2026-08-06T04:33:38.859+0000,0,unlabelled,,,,100200,100200,10,T1087.001 Local Account Discovery via net.exe,T1087.001,C:\\Windows\\System32\\net.exe,C:\\Windows\\System32\\cmd.exe,net  user,net  user,
2026-08-06T04:33:38.869+0000,0,unlabelled,,,,92032,92032,3,Suspicious Windows cmd shell execution,T1087;T1059.003,C:\\Windows\\System32\\cmdkey.exe,C:\\Windows\\System32\\cmd.exe,cmdkey.exe  /list,cmdkey.exe  /list,
2026-08-06T04:33:38.912+0000,0,unlabelled,,,,100200,100200,10,T1087.001 Local Account Discovery via net.exe,T1087.001,C:\\Windows\\System32\\net.exe,C:\\Windows\\System32\\cmd.exe,"net  localgroup \""Users\""","net  localgroup \""Users\""",
2026-08-06T04:33:38.943+0000,0,unlabelled,,,,100200,100200,10,T1087.001 Local Account Discovery via net.exe,T1087.001,C:\\Windows\\System32\\net.exe,C:\\Windows\\System32\\cmd.exe,net  localgroup,net  localgroup,
2026-08-06T04:33:42.600+0000,0,unlabelled,,,,92027,92027,4,Powershell process spawned powershell instance,T1059.001,C:\\Windows\\System32\\WindowsPowerShell\\v1.0\\powershell.exe,C:\\Windows\\System32\\WindowsPowerShell\\v1.0\\powershell.exe,"\""powershell.exe\"" &amp; {net user get-localuser get-localgroupmember -group Users cmdkey.exe /list ls C:/Users get-childitem C:\\Users\\ dir C:\\Users\\ get-localgroup net localgroup}","\""powershell.exe\"" &amp; {net user get-localuser get-localgroupmember -group Users cmdkey.exe /list ls C:/Users get-childitem C:\Users\ dir C:\Users\ get-localgroup net localgroup}",
2026-08-06T04:33:43.966+0000,0,unlabelled,,,,100200,100200,10,T1087.001 Local Account Discovery via net.exe,T1087.001,C:\\Windows\\System32\\net.exe,C:\\Windows\\System32\\WindowsPowerShell\\v1.0\\powershell.exe,"\""C:\\Windows\\system32\\net.exe\"" user","\""net.exe\"" user",
2026-08-06T04:33:45.460+0000,0,unlabelled,,,,100200,100200,10,T1087.001 Local Account Discovery via net.exe,T1087.001,C:\\Windows\\System32\\net.exe,C:\\Windows\\System32\\WindowsPowerShell\\v1.0\\powershell.exe,"\""C:\\Windows\\system32\\net.exe\"" localgroup","\""net.exe\"" localgroup",
2026-08-06T04:33:45.479+0000,0,unlabelled,,,,92052,cmd-spawned-by-nonshell-parent,4,Windows command prompt started by an abnormal process,T1059.003,C:\\Windows\\System32\\cmd.exe,C:\\Windows\\System32\\WindowsPowerShell\\v1.0\\powershell.exe,"\""cmd.exe\"" /c query user","\""cmd.exe\"" /c query user",
2026-08-06T04:33:46.505+0000,0,unlabelled,,,,92032,92032,3,Suspicious Windows cmd shell execution,T1087;T1059.003,C:\\Windows\\System32\\query.exe,C:\\Windows\\System32\\cmd.exe,query  user,query  user,
2026-08-06T04:36:20.325+0000,0,unlabelled,,,,100200,100200,10,T1087.001 Local Account Discovery via net.exe,T1087.001,C:\\Windows\\System32\\net.exe,C:\\Windows\\System32\\WindowsPowerShell\\v1.0\\powershell.exe,"\""C:\\Windows\\system32\\net.exe\"" user","\""net.exe\"" user",
2026-08-06T04:36:23.752+0000,0,unlabelled,,,,100200,100200,10,T1087.001 Local Account Discovery via net.exe,T1087.001,C:\\Windows\\System32\\net.exe,C:\\Windows\\System32\\WindowsPowerShell\\v1.0\\powershell.exe,"\""C:\\Windows\\system32\\net.exe\"" localgroup administrators","\""net.exe\"" localgroup administrators",
2026-08-06T04:38:31.163+0000,0,unlabelled,,,,100200,100200,10,T1087.001 Local Account Discovery via net.exe,T1087.001,C:\\Windows\\System32\\net.exe,C:\\Windows\\System32\\WindowsPowerShell\\v1.0\\powershell.exe,"\""C:\\Windows\\system32\\net.exe\"" user","\""net.exe\"" user",
2026-08-06T04:38:33.802+0000,0,unlabelled,,,,100200,100200,10,T1087.001 Local Account Discovery via net.exe,T1087.001,C:\\Windows\\System32\\net.exe,C:\\Windows\\System32\\WindowsPowerShell\\v1.0\\powershell.exe,"\""C:\\Windows\\system32\\net.exe\"" localgroup administrators","\""net.exe\"" localgroup administrators",
2026-08-06T04:42:58.480+0000,0,unlabelled,,,,92213,92213,15,Executable file dropped in folder commonly used by malware,T1105,C:\\Windows\\system32\\cleanmgr.exe,,,,C:\\Users\\Basit\\AppData\\Local\\Temp\\EA561B74-01F6-4D51-85A4-577223E1DDFB\\AppxProvider.dll
2026-08-06T04:42:58.483+0000,0,unlabelled,,,,92213,92213,15,Executable file dropped in folder commonly used by malware,T1105,C:\\Windows\\system32\\cleanmgr.exe,,,,C:\\Users\\Basit\\AppData\\Local\\Temp\\EA561B74-01F6-4D51-85A4-577223E1DDFB\\AssocProvider.dll
2026-08-06T04:42:58.506+0000,0,unlabelled,,,,92213,92213,15,Executable file dropped in folder commonly used by malware,T1105,C:\\Windows\\system32\\cleanmgr.exe,,,,C:\\Users\\Basit\\AppData\\Local\\Temp\\EA561B74-01F6-4D51-85A4-577223E1DDFB\\CbsProvider.dll
2026-08-06T04:42:58.539+0000,0,unlabelled,,,,92213,92213,15,Executable file dropped in folder commonly used by malware,T1105,C:\\Windows\\system32\\cleanmgr.exe,,,,C:\\Users\\Basit\\AppData\\Local\\Temp\\EA561B74-01F6-4D51-85A4-577223E1DDFB\\DismCore.dll
2026-08-06T04:42:58.574+0000,0,unlabelled,,,,92213,92213,15,Executable file dropped in folder commonly used by malware,T1105,C:\\Windows\\system32\\cleanmgr.exe,,,,C:\\Users\\Basit\\AppData\\Local\\Temp\\EA561B74-01F6-4D51-85A4-577223E1DDFB\\DismCorePS.dll
2026-08-06T04:42:58.595+0000,0,unlabelled,,,,92213,92213,15,Executable file dropped in folder commonly used by malware,T1105,C:\\Windows\\system32\\cleanmgr.exe,,,,C:\\Users\\Basit\\AppData\\Local\\Temp\\EA561B74-01F6-4D51-85A4-577223E1DDFB\\DismHost.exe
2026-08-06T04:43:00.151+0000,0,unlabelled,,,,92213,92213,15,Executable file dropped in folder commonly used by malware,T1105,C:\\Windows\\system32\\cleanmgr.exe,,,,C:\\Users\\Basit\\AppData\\Local\\Temp\\EA561B74-01F6-4D51-85A4-577223E1DDFB\\DismProv.dll
2026-08-06T04:43:02.200+0000,0,unlabelled,,,,92213,92213,15,Executable file dropped in folder commonly used by malware,T1105,C:\\Windows\\system32\\cleanmgr.exe,,,,C:\\Users\\Basit\\AppData\\Local\\Temp\\EA561B74-01F6-4D51-85A4-577223E1DDFB\\DmiProvider.dll
2026-08-06T04:43:12.319+0000,0,unlabelled,,,,92213,92213,15,Executable file dropped in folder commonly used by malware,T1105,C:\\Windows\\system32\\cleanmgr.exe,,,,C:\\Users\\Basit\\AppData\\Local\\Temp\\EA561B74-01F6-4D51-85A4-577223E1DDFB\\FfuProvider.dll
2026-08-06T04:43:12.354+0000,0,unlabelled,,,,92213,92213,15,Executable file dropped in folder commonly used by malware,T1105,C:\\Windows\\system32\\cleanmgr.exe,,,,C:\\Users\\Basit\\AppData\\Local\\Temp\\EA561B74-01F6-4D51-85A4-577223E1DDFB\\FolderProvider.dll
2026-08-06T04:43:12.357+0000,0,unlabelled,,,,92213,92213,15,Executable file dropped in folder commonly used by malware,T1105,C:\\Windows\\system32\\cleanmgr.exe,,,,C:\\Users\\Basit\\AppData\\Local\\Temp\\EA561B74-01F6-4D51-85A4-577223E1DDFB\\GenericProvider.dll
2026-08-06T04:43:13.589+0000,0,unlabelled,,,,92213,92213,15,Executable file dropped in folder commonly used by malware,T1105,C:\\Windows\\system32\\cleanmgr.exe,,,,C:\\Users\\Basit\\AppData\\Local\\Temp\\EA561B74-01F6-4D51-85A4-577223E1DDFB\\IBSProvider.dll
2026-08-06T04:43:13.612+0000,0,unlabelled,,,,92213,92213,15,Executable file dropped in folder commonly used by malware,T1105,C:\\Windows\\system32\\cleanmgr.exe,,,,C:\\Users\\Basit\\AppData\\Local\\Temp\\EA561B74-01F6-4D51-85A4-577223E1DDFB\\ImagingProvider.dll
2026-08-06T04:43:13.613+0000,0,unlabelled,,,,92213,92213,15,Executable file dropped in folder commonly used by malware,T1105,C:\\Windows\\system32\\cleanmgr.exe,,,,C:\\Users\\Basit\\AppData\\Local\\Temp\\EA561B74-01F6-4D51-85A4-577223E1DDFB\\IntlProvider.dll
2026-08-06T04:43:13.654+0000,0,unlabelled,,,,92213,92213,15,Executable file dropped in folder commonly used by malware,T1105,C:\\Windows\\system32\\cleanmgr.exe,,,,C:\\Users\\Basit\\AppData\\Local\\Temp\\EA561B74-01F6-4D51-85A4-577223E1DDFB\\LogProvider.dll
2026-08-06T04:43:13.733+0000,0,unlabelled,,,,92213,92213,15,Executable file dropped in folder commonly used by malware,T1105,C:\\Windows\\system32\\cleanmgr.exe,,,,C:\\Users\\Basit\\AppData\\Local\\Temp\\EA561B74-01F6-4D51-85A4-577223E1DDFB\\MsiProvider.dll
2026-08-06T04:43:14.698+0000,0,unlabelled,,,,92213,92213,15,Executable file dropped in folder commonly used by malware,T1105,C:\\Windows\\system32\\cleanmgr.exe,,,,C:\\Users\\Basit\\AppData\\Local\\Temp\\EA561B74-01F6-4D51-85A4-577223E1DDFB\\OfflineSetupProvider.dll
2026-08-06T04:43:14.704+0000,0,unlabelled,,,,92213,92213,15,Executable file dropped in folder commonly used by malware,T1105,C:\\Windows\\system32\\cleanmgr.exe,,,,C:\\Users\\Basit\\AppData\\Local\\Temp\\EA561B74-01F6-4D51-85A4-577223E1DDFB\\OSProvider.dll
2026-08-06T04:43:16.816+0000,0,unlabelled,,,,92213,92213,15,Executable file dropped in folder commonly used by malware,T1105,C:\\Windows\\system32\\cleanmgr.exe,,,,C:\\Users\\Basit\\AppData\\Local\\Temp\\EA561B74-01F6-4D51-85A4-577223E1DDFB\\ProvProvider.dll
2026-08-06T04:43:27.701+0000,0,unlabelled,,,,92217,92217,6,Executable dropped in Windows root folder,T1570,C:\\Windows\\Microsoft.NET\\Framework64\\v4.0.30319\\mscorsvw.exe,,,,C:\\Windows\\assembly\\NativeImages_v4.0.30319_64\\Temp\\11ac-0\\Microsoft.GroupPolicy.Reporting.dll
2026-08-06T04:43:28.870+0000,0,unlabelled,,,,92213,92213,15,Executable file dropped in folder commonly used by malware,T1105,C:\\Windows\\system32\\cleanmgr.exe,,,,C:\\Users\\Basit\\AppData\\Local\\Temp\\EA561B74-01F6-4D51-85A4-577223E1DDFB\\SetupPlatformProvider.dll
2026-08-06T04:43:28.880+0000,0,unlabelled,,,,92213,92213,15,Executable file dropped in folder commonly used by malware,T1105,C:\\Windows\\system32\\cleanmgr.exe,,,,C:\\Users\\Basit\\AppData\\Local\\Temp\\EA561B74-01F6-4D51-85A4-577223E1DDFB\\SmiProvider.dll
2026-08-06T04:43:36.862+0000,0,unlabelled,,,,92213,92213,15,Executable file dropped in folder commonly used by malware,T1105,C:\\Windows\\system32\\cleanmgr.exe,,,,C:\\Users\\Basit\\AppData\\Local\\Temp\\EA561B74-01F6-4D51-85A4-577223E1DDFB\\SysprepProvider.dll
2026-08-06T04:43:38.123+0000,0,unlabelled,,,,92213,92213,15,Executable file dropped in folder commonly used by malware,T1105,C:\\Windows\\system32\\cleanmgr.exe,,,,C:\\Users\\Basit\\AppData\\Local\\Temp\\EA561B74-01F6-4D51-85A4-577223E1DDFB\\TransmogProvider.dll
2026-08-06T04:43:39.303+0000,0,unlabelled,,,,92213,92213,15,Executable file dropped in folder commonly used by malware,T1105,C:\\Windows\\system32\\cleanmgr.exe,,,,C:\\Users\\Basit\\AppData\\Local\\Temp\\EA561B74-01F6-4D51-85A4-577223E1DDFB\\UnattendProvider.dll
2026-08-06T04:43:39.309+0000,0,unlabelled,,,,92213,92213,15,Executable file dropped in folder commonly used by malware,T1105,C:\\Windows\\system32\\cleanmgr.exe,,,,C:\\Users\\Basit\\AppData\\Local\\Temp\\EA561B74-01F6-4D51-85A4-577223E1DDFB\\VhdProvider.dll
2026-08-06T04:43:39.324+0000,0,unlabelled,,,,92213,92213,15,Executable file dropped in folder commonly used by malware,T1105,C:\\Windows\\system32\\cleanmgr.exe,,,,C:\\Users\\Basit\\AppData\\Local\\Temp\\EA561B74-01F6-4D51-85A4-577223E1DDFB\\WimProvider.dll
2026-08-06T04:45:43.695+0000,0,unlabelled,,,,92217,92217,6,Executable dropped in Windows root folder,T1570,C:\\Windows\\Microsoft.NET\\Framework64\\v4.0.30319\\mscorsvw.exe,,,,C:\\Windows\\assembly\\NativeImages_v4.0.30319_64\\Temp\\7e0-0\\Microsoft.InternationalSettings.Commands.dll
2026-08-06T04:56:32.739+0000,0,unlabelled,,,,92213,92213,15,Executable file dropped in folder commonly used by malware,T1105,C:\\Windows\\system32\\cleanmgr.exe,,,,C:\\Users\\Basit\\AppData\\Local\\Temp\\D8798E77-01B4-4088-8EDE-36FE0353C03F\\AppxProvider.dll
2026-08-06T04:56:32.741+0000,0,unlabelled,,,,92213,92213,15,Executable file dropped in folder commonly used by malware,T1105,C:\\Windows\\system32\\cleanmgr.exe,,,,C:\\Users\\Basit\\AppData\\Local\\Temp\\D8798E77-01B4-4088-8EDE-36FE0353C03F\\AssocProvider.dll
2026-08-06T04:56:32.747+0000,0,unlabelled,,,,92213,92213,15,Executable file dropped in folder commonly used by malware,T1105,C:\\Windows\\system32\\cleanmgr.exe,,,,C:\\Users\\Basit\\AppData\\Local\\Temp\\D8798E77-01B4-4088-8EDE-36FE0353C03F\\CbsProvider.dll
2026-08-06T04:56:32.769+0000,0,unlabelled,,,,92213,92213,15,Executable file dropped in folder commonly used by malware,T1105,C:\\Windows\\system32\\cleanmgr.exe,,,,C:\\Users\\Basit\\AppData\\Local\\Temp\\D8798E77-01B4-4088-8EDE-36FE0353C03F\\DismCore.dll
2026-08-06T04:56:34.487+0000,0,unlabelled,,,,92213,92213,15,Executable file dropped in folder commonly used by malware,T1105,C:\\Windows\\system32\\cleanmgr.exe,,,,C:\\Users\\Basit\\AppData\\Local\\Temp\\D8798E77-01B4-4088-8EDE-36FE0353C03F\\DismCorePS.dll
2026-08-06T04:56:34.491+0000,0,unlabelled,,,,92213,92213,15,Executable file dropped in folder commonly used by malware,T1105,C:\\Windows\\system32\\cleanmgr.exe,,,,C:\\Users\\Basit\\AppData\\Local\\Temp\\D8798E77-01B4-4088-8EDE-36FE0353C03F\\DismHost.exe
2026-08-06T04:56:35.973+0000,0,unlabelled,,,,92213,92213,15,Executable file dropped in folder commonly used by malware,T1105,C:\\Windows\\system32\\cleanmgr.exe,,,,C:\\Users\\Basit\\AppData\\Local\\Temp\\D8798E77-01B4-4088-8EDE-36FE0353C03F\\DismProv.dll
2026-08-06T04:56:38.990+0000,0,unlabelled,,,,92213,92213,15,Executable file dropped in folder commonly used by malware,T1105,C:\\Windows\\system32\\cleanmgr.exe,,,,C:\\Users\\Basit\\AppData\\Local\\Temp\\D8798E77-01B4-4088-8EDE-36FE0353C03F\\DmiProvider.dll
2026-08-06T04:57:08.751+0000,0,unlabelled,,,,92213,92213,15,Executable file dropped in folder commonly used by malware,T1105,C:\\Windows\\system32\\cleanmgr.exe,,,,C:\\Users\\Basit\\AppData\\Local\\Temp\\D8798E77-01B4-4088-8EDE-36FE0353C03F\\FfuProvider.dll
2026-08-06T04:57:11.929+0000,0,unlabelled,,,,92213,92213,15,Executable file dropped in folder commonly used by malware,T1105,C:\\Windows\\system32\\cleanmgr.exe,,,,C:\\Users\\Basit\\AppData\\Local\\Temp\\D8798E77-01B4-4088-8EDE-36FE0353C03F\\FolderProvider.dll
2026-08-06T04:57:13.213+0000,0,unlabelled,,,,92213,92213,15,Executable file dropped in folder commonly used by malware,T1105,C:\\Windows\\system32\\cleanmgr.exe,,,,C:\\Users\\Basit\\AppData\\Local\\Temp\\D8798E77-01B4-4088-8EDE-36FE0353C03F\\GenericProvider.dll
2026-08-06T04:57:16.787+0000,0,unlabelled,,,,92213,92213,15,Executable file dropped in folder commonly used by malware,T1105,C:\\Windows\\system32\\cleanmgr.exe,,,,C:\\Users\\Basit\\AppData\\Local\\Temp\\D8798E77-01B4-4088-8EDE-36FE0353C03F\\IBSProvider.dll
2026-08-06T04:57:16.790+0000,0,unlabelled,,,,92213,92213,15,Executable file dropped in folder commonly used by malware,T1105,C:\\Windows\\system32\\cleanmgr.exe,,,,C:\\Users\\Basit\\AppData\\Local\\Temp\\D8798E77-01B4-4088-8EDE-36FE0353C03F\\ImagingProvider.dll
2026-08-06T04:57:16.828+0000,0,unlabelled,,,,92213,92213,15,Executable file dropped in folder commonly used by malware,T1105,C:\\Windows\\system32\\cleanmgr.exe,,,,C:\\Users\\Basit\\AppData\\Local\\Temp\\D8798E77-01B4-4088-8EDE-36FE0353C03F\\IntlProvider.dll
2026-08-06T04:57:16.835+0000,0,unlabelled,,,,92213,92213,15,Executable file dropped in folder commonly used by malware,T1105,C:\\Windows\\system32\\cleanmgr.exe,,,,C:\\Users\\Basit\\AppData\\Local\\Temp\\D8798E77-01B4-4088-8EDE-36FE0353C03F\\LogProvider.dll
2026-08-06T04:57:16.886+0000,0,unlabelled,,,,92213,92213,15,Executable file dropped in folder commonly used by malware,T1105,C:\\Windows\\system32\\cleanmgr.exe,,,,C:\\Users\\Basit\\AppData\\Local\\Temp\\D8798E77-01B4-4088-8EDE-36FE0353C03F\\MsiProvider.dll
2026-08-06T04:57:17.813+0000,0,unlabelled,,,,92213,92213,15,Executable file dropped in folder commonly used by malware,T1105,C:\\Windows\\system32\\cleanmgr.exe,,,,C:\\Users\\Basit\\AppData\\Local\\Temp\\D8798E77-01B4-4088-8EDE-36FE0353C03F\\OfflineSetupProvider.dll
2026-08-06T04:57:17.817+0000,0,unlabelled,,,,92213,92213,15,Executable file dropped in folder commonly used by malware,T1105,C:\\Windows\\system32\\cleanmgr.exe,,,,C:\\Users\\Basit\\AppData\\Local\\Temp\\D8798E77-01B4-4088-8EDE-36FE0353C03F\\OSProvider.dll
2026-08-06T04:57:17.834+0000,0,unlabelled,,,,92213,92213,15,Executable file dropped in folder commonly used by malware,T1105,C:\\Windows\\system32\\cleanmgr.exe,,,,C:\\Users\\Basit\\AppData\\Local\\Temp\\D8798E77-01B4-4088-8EDE-36FE0353C03F\\ProvProvider.dll
2026-08-06T04:57:17.858+0000,0,unlabelled,,,,92213,92213,15,Executable file dropped in folder commonly used by malware,T1105,C:\\Windows\\system32\\cleanmgr.exe,,,,C:\\Users\\Basit\\AppData\\Local\\Temp\\D8798E77-01B4-4088-8EDE-36FE0353C03F\\SetupPlatformProvider.dll
2026-08-06T04:57:17.860+0000,0,unlabelled,,,,92213,92213,15,Executable file dropped in folder commonly used by malware,T1105,C:\\Windows\\system32\\cleanmgr.exe,,,,C:\\Users\\Basit\\AppData\\Local\\Temp\\D8798E77-01B4-4088-8EDE-36FE0353C03F\\SmiProvider.dll
2026-08-06T04:57:17.895+0000,0,unlabelled,,,,92213,92213,15,Executable file dropped in folder commonly used by malware,T1105,C:\\Windows\\system32\\cleanmgr.exe,,,,C:\\Users\\Basit\\AppData\\Local\\Temp\\D8798E77-01B4-4088-8EDE-36FE0353C03F\\SysprepProvider.dll
2026-08-06T04:57:17.896+0000,0,unlabelled,,,,92213,92213,15,Executable file dropped in folder commonly used by malware,T1105,C:\\Windows\\system32\\cleanmgr.exe,,,,C:\\Users\\Basit\\AppData\\Local\\Temp\\D8798E77-01B4-4088-8EDE-36FE0353C03F\\TransmogProvider.dll
2026-08-06T04:57:17.917+0000,0,unlabelled,,,,92213,92213,15,Executable file dropped in folder commonly used by malware,T1105,C:\\Windows\\system32\\cleanmgr.exe,,,,C:\\Users\\Basit\\AppData\\Local\\Temp\\D8798E77-01B4-4088-8EDE-36FE0353C03F\\UnattendProvider.dll
2026-08-06T04:57:17.947+0000,0,unlabelled,,,,92213,92213,15,Executable file dropped in folder commonly used by malware,T1105,C:\\Windows\\system32\\cleanmgr.exe,,,,C:\\Users\\Basit\\AppData\\Local\\Temp\\D8798E77-01B4-4088-8EDE-36FE0353C03F\\VhdProvider.dll
2026-08-06T04:57:17.961+0000,0,unlabelled,,,,92213,92213,15,Executable file dropped in folder commonly used by malware,T1105,C:\\Windows\\system32\\cleanmgr.exe,,,,C:\\Users\\Basit\\AppData\\Local\\Temp\\D8798E77-01B4-4088-8EDE-36FE0353C03F\\WimProvider.dll
2026-08-06T04:57:20.665+0000,0,unlabelled,,,,92217,92217,6,Executable dropped in Windows root folder,T1570,C:\\Windows\\Microsoft.NET\\Framework\\v4.0.30319\\mscorsvw.exe,,,,C:\\Windows\\assembly\\NativeImages_v4.0.30319_32\\Temp\\1d0c-0\\Microsoft.Dtc.PowerShell.dll
2026-08-06T04:57:30.898+0000,0,unlabelled,,,,92217,92217,6,Executable dropped in Windows root folder,T1570,C:\\Windows\\Microsoft.NET\\Framework\\v4.0.30319\\mscorsvw.exe,,,,C:\\Windows\\assembly\\NativeImages_v4.0.30319_32\\Temp\\1b38-0\\Microsoft.GroupPolicy.AdmTmplEditor.dll
2026-08-06T04:57:40.681+0000,0,unlabelled,,,,92217,92217,6,Executable dropped in Windows root folder,T1570,C:\\Windows\\Microsoft.NET\\Framework\\v4.0.30319\\mscorsvw.exe,,,,C:\\Windows\\assembly\\NativeImages_v4.0.30319_32\\Temp\\1e70-0\\Microsoft.Isam.Esent.Interop.dll
2026-08-06T04:57:49.582+0000,0,unlabelled,,,,92217,92217,6,Executable dropped in Windows root folder,T1570,C:\\Windows\\Microsoft.NET\\Framework\\v4.0.30319\\mscorsvw.exe,,,,C:\\Windows\\assembly\\NativeImages_v4.0.30319_32\\Temp\\438-0\\Microsoft.Isam.Esent.Interop.Wsa.dll
2026-08-06T04:57:56.028+0000,0,unlabelled,,,,92217,92217,6,Executable dropped in Windows root folder,T1570,C:\\Windows\\Microsoft.NET\\Framework\\v4.0.30319\\mscorsvw.exe,,,,C:\\Windows\\assembly\\NativeImages_v4.0.30319_32\\Temp\\1d24-0\\Microsoft.Management.Infrastructure.dll
2026-08-06T04:58:08.494+0000,0,unlabelled,,,,92217,92217,6,Executable dropped in Windows root folder,T1570,C:\\Windows\\Microsoft.NET\\Framework\\v4.0.30319\\mscorsvw.exe,,,,C:\\Windows\\assembly\\NativeImages_v4.0.30319_32\\Temp\\568-0\\Microsoft.ManagementConsole.dll
2026-08-06T04:58:27.791+0000,0,unlabelled,,,,92217,92217,6,Executable dropped in Windows root folder,T1570,C:\\Windows\\Microsoft.NET\\Framework\\v4.0.30319\\mscorsvw.exe,,,,C:\\Windows\\assembly\\NativeImages_v4.0.30319_32\\Temp\\d9c-0\\Microsoft.PowerShell.Activities.dll
2026-08-06T04:58:32.170+0000,0,unlabelled,,,,92217,92217,6,Executable dropped in Windows root folder,T1570,C:\\Windows\\Microsoft.NET\\Framework\\v4.0.30319\\mscorsvw.exe,,,,C:\\Windows\\assembly\\NativeImages_v4.0.30319_32\\Temp\\b2c-0\\Microsoft.PowerShell.Commands.Diagnostics.dll
2026-08-06T04:58:46.765+0000,0,unlabelled,,,,92217,92217,6,Executable dropped in Windows root folder,T1570,C:\\Windows\\Microsoft.NET\\Framework\\v4.0.30319\\mscorsvw.exe,,,,C:\\Windows\\assembly\\NativeImages_v4.0.30319_32\\Temp\\42c-1\\Microsoft.PowerShell.Core.Activities.dll
2026-08-06T04:58:52.435+0000,0,unlabelled,,,,92217,92217,6,Executable dropped in Windows root folder,T1570,C:\\Windows\\Microsoft.NET\\Framework\\v4.0.30319\\mscorsvw.exe,,,,C:\\Windows\\assembly\\NativeImages_v4.0.30319_32\\Temp\\1308-0\\Microsoft.PowerShell.Diagnostics.Activities.dll
2026-08-06T04:59:09.628+0000,0,unlabelled,,,,92217,92217,6,Executable dropped in Windows root folder,T1570,C:\\Windows\\Microsoft.NET\\Framework\\v4.0.30319\\mscorsvw.exe,,,,C:\\Windows\\assembly\\NativeImages_v4.0.30319_32\\Temp\\1d44-0\\Microsoft.PowerShell.Management.Activities.dll
2026-08-06T04:59:14.160+0000,0,unlabelled,,,,92217,92217,6,Executable dropped in Windows root folder,T1570,C:\\Windows\\Microsoft.NET\\Framework\\v4.0.30319\\mscorsvw.exe,,,,C:\\Windows\\assembly\\NativeImages_v4.0.30319_32\\Temp\\1c8c-0\\Microsoft.PowerShell.Security.Activities.dll
2026-08-06T04:59:28.796+0000,0,unlabelled,,,,92217,92217,6,Executable dropped in Windows root folder,T1570,C:\\Windows\\Microsoft.NET\\Framework\\v4.0.30319\\mscorsvw.exe,,,,C:\\Windows\\assembly\\NativeImages_v4.0.30319_32\\Temp\\1da0-0\\Microsoft.PowerShell.Utility.Activities.dll
2026-08-06T04:59:35.925+0000,0,unlabelled,,,,92217,92217,6,Executable dropped in Windows root folder,T1570,C:\\Windows\\Microsoft.NET\\Framework\\v4.0.30319\\mscorsvw.exe,,,,C:\\Windows\\assembly\\NativeImages_v4.0.30319_32\\Temp\\1c94-0\\Microsoft.PowerShell.Workflow.ServiceCore.dll
2026-08-06T04:59:37.205+0000,0,unlabelled,,,,92217,92217,6,Executable dropped in Windows root folder,T1570,C:\\Windows\\Microsoft.NET\\Framework\\v4.0.30319\\mscorsvw.exe,,,,C:\\Windows\\assembly\\NativeImages_v4.0.30319_32\\Temp\\1ea0-0\\Microsoft.Security.ApplicationId.PolicyManagement.PolicyEngineApi.Interop.dll
2026-08-06T04:59:37.205+0000,0,unlabelled,,,,92217,92217,6,Executable dropped in Windows root folder,T1570,C:\\Windows\\Microsoft.NET\\Framework\\v4.0.30319\\mscorsvw.exe,,,,C:\\Windows\\assembly\\NativeImages_v4.0.30319_32\\Temp\\c20-0\\Microsoft.Security.ApplicationId.PolicyManagement.Cmdlets.dll
2026-08-06T04:59:38.337+0000,0,unlabelled,,,,92217,92217,6,Executable dropped in Windows root folder,T1570,C:\\Windows\\Microsoft.NET\\Framework\\v4.0.30319\\mscorsvw.exe,,,,C:\\Windows\\assembly\\NativeImages_v4.0.30319_32\\Temp\\1d70-0\\Microsoft.Security.ApplicationId.PolicyManagement.PolicyManager.dll
2026-08-06T04:59:38.341+0000,0,unlabelled,,,,92217,92217,6,Executable dropped in Windows root folder,T1570,C:\\Windows\\Microsoft.NET\\Framework\\v4.0.30319\\mscorsvw.exe,,,,C:\\Windows\\assembly\\NativeImages_v4.0.30319_32\\Temp\\20-0\\Microsoft.Security.ApplicationId.PolicyManagement.PolicyModel.dll
2026-08-06T04:59:39.455+0000,0,unlabelled,,,,92217,92217,6,Executable dropped in Windows root folder,T1570,C:\\Windows\\Microsoft.NET\\Framework\\v4.0.30319\\mscorsvw.exe,,,,C:\\Windows\\assembly\\NativeImages_v4.0.30319_32\\Temp\\1d28-0\\Microsoft.Security.ApplicationId.PolicyManagement.XmlHelper.dll
2026-08-06T04:59:39.456+0000,0,unlabelled,,,,92217,92217,6,Executable dropped in Windows root folder,T1570,C:\\Windows\\Microsoft.NET\\Framework\\v4.0.30319\\mscorsvw.exe,,,,C:\\Windows\\assembly\\NativeImages_v4.0.30319_32\\Temp\\1824-0\\Microsoft.Security.ApplicationId.Wizards.AutomaticRuleGenerationWizard.dll
2026-08-06T04:59:41.273+0000,0,unlabelled,,,,92217,92217,6,Executable dropped in Windows root folder,T1570,C:\\Windows\\Microsoft.NET\\Framework\\v4.0.30319\\mscorsvw.exe,,,,C:\\Windows\\assembly\\NativeImages_v4.0.30319_32\\Temp\\184-0\\Microsoft.Windows.Diagnosis.Commands.GetDiagInput.dll
2026-08-06T04:59:41.277+0000,0,unlabelled,,,,92217,92217,6,Executable dropped in Windows root folder,T1570,C:\\Windows\\Microsoft.NET\\Framework\\v4.0.30319\\mscorsvw.exe,,,,C:\\Windows\\assembly\\NativeImages_v4.0.30319_32\\Temp\\1b40-0\\Microsoft.Windows.Diagnosis.Commands.UpdateDiagReport.dll
2026-08-06T04:59:42.478+0000,0,unlabelled,,,,92217,92217,6,Executable dropped in Windows root folder,T1570,C:\\Windows\\Microsoft.NET\\Framework\\v4.0.30319\\mscorsvw.exe,,,,C:\\Windows\\assembly\\NativeImages_v4.0.30319_32\\Temp\\ed4-0\\Microsoft.Windows.Diagnosis.Commands.UpdateDiagRootcause.dll
2026-08-06T04:59:42.521+0000,0,unlabelled,,,,92217,92217,6,Executable dropped in Windows root folder,T1570,C:\\Windows\\Microsoft.NET\\Framework\\v4.0.30319\\mscorsvw.exe,,,,C:\\Windows\\assembly\\NativeImages_v4.0.30319_32\\Temp\\1a8c-0\\Microsoft.Windows.Diagnosis.Commands.WriteDiagProgress.dll
2026-08-06T04:59:43.796+0000,0,unlabelled,,,,92217,92217,6,Executable dropped in Windows root folder,T1570,C:\\Windows\\Microsoft.NET\\Framework\\v4.0.30319\\mscorsvw.exe,,,,C:\\Windows\\assembly\\NativeImages_v4.0.30319_32\\Temp\\1458-0\\Microsoft.Windows.Diagnosis.Commands.WriteDiagTelemetry.dll
2026-08-06T04:59:43.799+0000,0,unlabelled,,,,92217,92217,6,Executable dropped in Windows root folder,T1570,C:\\Windows\\Microsoft.NET\\Framework\\v4.0.30319\\mscorsvw.exe,,,,C:\\Windows\\assembly\\NativeImages_v4.0.30319_32\\Temp\\3cc-0\\Microsoft.Windows.Diagnosis.SDCommon.dll
2026-08-06T04:59:45.154+0000,0,unlabelled,,,,92217,92217,6,Executable dropped in Windows root folder,T1570,C:\\Windows\\Microsoft.NET\\Framework\\v4.0.30319\\mscorsvw.exe,,,,C:\\Windows\\assembly\\NativeImages_v4.0.30319_32\\Temp\\cb4-0\\Microsoft.Windows.Diagnosis.SDHost.dll
2026-08-06T04:59:45.159+0000,0,unlabelled,,,,92217,92217,6,Executable dropped in Windows root folder,T1570,C:\\Windows\\Microsoft.NET\\Framework\\v4.0.30319\\mscorsvw.exe,,,,C:\\Windows\\assembly\\NativeImages_v4.0.30319_32\\Temp\\80c-0\\Microsoft.Windows.Diagnosis.TroubleshootingPack.dll
2026-08-06T04:59:46.543+0000,0,unlabelled,,,,92217,92217,6,Executable dropped in Windows root folder,T1570,C:\\Windows\\Microsoft.NET\\Framework\\v4.0.30319\\mscorsvw.exe,,,,C:\\Windows\\assembly\\NativeImages_v4.0.30319_32\\Temp\\19e8-0\\Microsoft.WindowsSearch.Commands.dll
2026-08-06T04:59:47.728+0000,0,unlabelled,,,,92217,92217,6,Executable dropped in Windows root folder,T1570,C:\\Windows\\Microsoft.NET\\Framework\\v4.0.30319\\mscorsvw.exe,,,,C:\\Windows\\assembly\\NativeImages_v4.0.30319_32\\Temp\\bb4-0\\Microsoft.WSMan.Management.Activities.dll
2026-08-06T04:59:47.737+0000,0,unlabelled,,,,92217,92217,6,Executable dropped in Windows root folder,T1570,C:\\Windows\\Microsoft.NET\\Framework\\v4.0.30319\\mscorsvw.exe,,,,C:\\Windows\\assembly\\NativeImages_v4.0.30319_32\\Temp\\16b8-0\\Microsoft.WSMan.Runtime.dll
2026-08-06T04:59:49.247+0000,0,unlabelled,,,,92217,92217,6,Executable dropped in Windows root folder,T1570,C:\\Windows\\Microsoft.NET\\Framework\\v4.0.30319\\mscorsvw.exe,,,,C:\\Windows\\assembly\\NativeImages_v4.0.30319_32\\Temp\\1204-0\\MMCEx.dll
2026-08-06T04:59:50.478+0000,0,unlabelled,,,,92217,92217,6,Executable dropped in Windows root folder,T1570,C:\\Windows\\Microsoft.NET\\Framework\\v4.0.30319\\mscorsvw.exe,,,,C:\\Windows\\assembly\\NativeImages_v4.0.30319_32\\Temp\\1680-0\\MMCFxCommon.dll
2026-08-06T04:59:50.484+0000,0,unlabelled,,,,92217,92217,6,Executable dropped in Windows root folder,T1570,C:\\Windows\\Microsoft.NET\\Framework\\v4.0.30319\\mscorsvw.exe,,,,C:\\Windows\\assembly\\NativeImages_v4.0.30319_32\\Temp\\1b28-0\\napinit.dll
2026-08-06T04:59:51.712+0000,0,unlabelled,,,,92217,92217,6,Executable dropped in Windows root folder,T1570,C:\\Windows\\Microsoft.NET\\Framework\\v4.0.30319\\mscorsvw.exe,,,,C:\\Windows\\assembly\\NativeImages_v4.0.30319_32\\Temp\\1968-0\\SecurityAuditPoliciesSnapIn.dll
2026-08-06T04:59:51.719+0000,0,unlabelled,,,,92217,92217,6,Executable dropped in Windows root folder,T1570,C:\\Windows\\Microsoft.NET\\Framework\\v4.0.30319\\mscorsvw.exe,,,,C:\\Windows\\assembly\\NativeImages_v4.0.30319_32\\Temp\\d2c-0\\SrpUxSnapIn.dll
2026-08-06T04:59:53.516+0000,0,unlabelled,,,,92217,92217,6,Executable dropped in Windows root folder,T1570,C:\\Windows\\Microsoft.NET\\Framework\\v4.0.30319\\mscorsvw.exe,,,,C:\\Windows\\assembly\\NativeImages_v4.0.30319_32\\Temp\\1e74-0\\TaskScheduler.dll
2026-08-06T05:00:06.961+0000,0,unlabelled,,,,92217,92217,6,Executable dropped in Windows root folder,T1570,C:\\Windows\\Microsoft.NET\\Framework64\\v4.0.30319\\mscorsvw.exe,,,,C:\\Windows\\assembly\\NativeImages_v4.0.30319_64\\Temp\\4b8-0\\Microsoft.Isam.Esent.Interop.dll
2026-08-06T05:00:08.525+0000,0,unlabelled,,,,92217,92217,6,Executable dropped in Windows root folder,T1570,C:\\Windows\\Microsoft.NET\\Framework64\\v4.0.30319\\mscorsvw.exe,,,,C:\\Windows\\assembly\\NativeImages_v4.0.30319_64\\Temp\\80c-0\\Microsoft.Isam.Esent.Interop.Wsa.dll
2026-08-06T05:00:08.530+0000,0,unlabelled,,,,92217,92217,6,Executable dropped in Windows root folder,T1570,C:\\Windows\\Microsoft.NET\\Framework64\\v4.0.30319\\mscorsvw.exe,,,,C:\\Windows\\assembly\\NativeImages_v4.0.30319_64\\Temp\\1be0-0\\Microsoft.KeyDistributionService.Cmdlets.dll
2026-08-06T05:00:10.429+0000,0,unlabelled,,,,92217,92217,6,Executable dropped in Windows root folder,T1570,C:\\Windows\\Microsoft.NET\\Framework64\\v4.0.30319\\mscorsvw.exe,,,,C:\\Windows\\assembly\\NativeImages_v4.0.30319_64\\Temp\\bb4-0\\Microsoft.Management.Infrastructure.dll
2026-08-06T05:00:10.434+0000,0,unlabelled,,,,92217,92217,6,Executable dropped in Windows root folder,T1570,C:\\Windows\\Microsoft.NET\\Framework64\\v4.0.30319\\mscorsvw.exe,,,,C:\\Windows\\assembly\\NativeImages_v4.0.30319_64\\Temp\\acc-0\\Microsoft.Management.Infrastructure.CimCmdlets.dll
2026-08-06T05:00:12.181+0000,0,unlabelled,,,,92217,92217,6,Executable dropped in Windows root folder,T1570,C:\\Windows\\Microsoft.NET\\Framework64\\v4.0.30319\\mscorsvw.exe,,,,C:\\Windows\\assembly\\NativeImages_v4.0.30319_64\\Temp\\a60-0\\Microsoft.Management.Infrastructure.Native.dll
2026-08-06T05:00:13.348+0000,0,unlabelled,,,,92217,92217,6,Executable dropped in Windows root folder,T1570,C:\\Windows\\Microsoft.NET\\Framework64\\v4.0.30319\\mscorsvw.exe,,,,C:\\Windows\\assembly\\NativeImages_v4.0.30319_64\\Temp\\10a8-0\\Microsoft.ManagementConsole.dll
2026-08-06T05:00:17.134+0000,0,unlabelled,,,,92217,92217,6,Executable dropped in Windows root folder,T1570,C:\\Windows\\Microsoft.NET\\Framework64\\v4.0.30319\\mscorsvw.exe,,,,C:\\Windows\\assembly\\NativeImages_v4.0.30319_64\\Temp\\ea0-0\\Microsoft.PowerShell.Activities.dll
2026-08-06T05:00:17.139+0000,0,unlabelled,,,,92217,92217,6,Executable dropped in Windows root folder,T1570,C:\\Windows\\Microsoft.NET\\Framework64\\v4.0.30319\\mscorsvw.exe,,,,C:\\Windows\\assembly\\NativeImages_v4.0.30319_64\\Temp\\108-0\\Microsoft.PowerShell.Cmdletization.OData.dll
2026-08-06T05:00:19.203+0000,0,unlabelled,,,,92217,92217,6,Executable dropped in Windows root folder,T1570,C:\\Windows\\Microsoft.NET\\Framework64\\v4.0.30319\\mscorsvw.exe,,,,C:\\Windows\\assembly\\NativeImages_v4.0.30319_64\\Temp\\1e78-0\\Microsoft.PowerShell.Commands.Diagnostics.dll
2026-08-06T05:00:21.898+0000,0,unlabelled,,,,92217,92217,6,Executable dropped in Windows root folder,T1570,C:\\Windows\\Microsoft.NET\\Framework64\\v4.0.30319\\mscorsvw.exe,,,,C:\\Windows\\assembly\\NativeImages_v4.0.30319_64\\Temp\\1520-0\\Microsoft.PowerShell.Commands.Management.dll
2026-08-06T05:00:29.703+0000,0,unlabelled,,,,92217,92217,6,Executable dropped in Windows root folder,T1570,C:\\Windows\\Microsoft.NET\\Framework64\\v4.0.30319\\mscorsvw.exe,,,,C:\\Windows\\assembly\\NativeImages_v4.0.30319_64\\Temp\\f54-0\\Microsoft.PowerShell.Commands.Utility.dll
2026-08-06T05:00:31.256+0000,0,unlabelled,,,,92217,92217,6,Executable dropped in Windows root folder,T1570,C:\\Windows\\Microsoft.NET\\Framework64\\v4.0.30319\\mscorsvw.exe,,,,C:\\Windows\\assembly\\NativeImages_v4.0.30319_64\\Temp\\f30-0\\Microsoft.PowerShell.ConsoleHost.dll
2026-08-06T05:00:34.356+0000,0,unlabelled,,,,92217,92217,6,Executable dropped in Windows root folder,T1570,C:\\Windows\\Microsoft.NET\\Framework64\\v4.0.30319\\mscorsvw.exe,,,,C:\\Windows\\assembly\\NativeImages_v4.0.30319_64\\Temp\\1270-0\\Microsoft.PowerShell.Core.Activities.dll
2026-08-06T05:00:35.987+0000,0,unlabelled,,,,92217,92217,6,Executable dropped in Windows root folder,T1570,C:\\Windows\\Microsoft.NET\\Framework64\\v4.0.30319\\mscorsvw.exe,,,,C:\\Windows\\assembly\\NativeImages_v4.0.30319_64\\Temp\\14b8-0\\Microsoft.PowerShell.Diagnostics.Activities.dll
2026-08-06T05:00:46.131+0000,0,unlabelled,,,,92217,92217,6,Executable dropped in Windows root folder,T1570,C:\\Windows\\Microsoft.NET\\Framework64\\v4.0.30319\\mscorsvw.exe,,,,C:\\Windows\\assembly\\NativeImages_v4.0.30319_64\\Temp\\12c0-0\\Microsoft.PowerShell.Editor.dll
2026-08-06T05:00:51.592+0000,0,unlabelled,,,,92217,92217,6,Executable dropped in Windows root folder,T1570,C:\\Windows\\Microsoft.NET\\Framework64\\v4.0.30319\\mscorsvw.exe,,,,C:\\Windows\\assembly\\NativeImages_v4.0.30319_64\\Temp\\12c8-0\\Microsoft.PowerShell.GPowerShell.dll
2026-08-06T05:00:54.269+0000,0,unlabelled,,,,92217,92217,6,Executable dropped in Windows root folder,T1570,C:\\Windows\\Microsoft.NET\\Framework64\\v4.0.30319\\mscorsvw.exe,,,,C:\\Windows\\assembly\\NativeImages_v4.0.30319_64\\Temp\\680-0\\Microsoft.PowerShell.GraphicalHost.dll
2026-08-06T05:00:54.287+0000,0,unlabelled,,,,92217,92217,6,Executable dropped in Windows root folder,T1570,C:\\Windows\\Microsoft.NET\\Framework64\\v4.0.30319\\mscorsvw.exe,,,,C:\\Windows\\assembly\\NativeImages_v4.0.30319_64\\Temp\\e7c-0\\Microsoft.PowerShell.ISECommon.dll
2026-08-06T05:00:58.566+0000,0,unlabelled,,,,92217,92217,6,Executable dropped in Windows root folder,T1570,C:\\Windows\\Microsoft.NET\\Framework64\\v4.0.30319\\mscorsvw.exe,,,,C:\\Windows\\assembly\\NativeImages_v4.0.30319_64\\Temp\\1e8c-0\\Microsoft.PowerShell.Management.Activities.dll
2026-08-06T05:01:00.382+0000,0,unlabelled,,,,92217,92217,6,Executable dropped in Windows root folder,T1570,C:\\Windows\\Microsoft.NET\\Framework64\\v4.0.30319\\mscorsvw.exe,,,,C:\\Windows\\assembly\\NativeImages_v4.0.30319_64\\Temp\\1c0c-0\\Microsoft.PowerShell.ScheduledJob.dll
2026-08-06T05:01:01.468+0000,0,unlabelled,,,,92217,92217,6,Executable dropped in Windows root folder,T1570,C:\\Windows\\Microsoft.NET\\Framework64\\v4.0.30319\\mscorsvw.exe,,,,C:\\Windows\\assembly\\NativeImages_v4.0.30319_64\\Temp\\1bc8-0\\Microsoft.PowerShell.Security.dll
2026-08-06T05:01:01.474+0000,0,unlabelled,,,,92217,92217,6,Executable dropped in Windows root folder,T1570,C:\\Windows\\Microsoft.NET\\Framework64\\v4.0.30319\\mscorsvw.exe,,,,C:\\Windows\\assembly\\NativeImages_v4.0.30319_64\\Temp\\20-0\\Microsoft.PowerShell.Security.Activities.dll
2026-08-06T05:01:05.445+0000,0,unlabelled,,,,92217,92217,6,Executable dropped in Windows root folder,T1570,C:\\Windows\\Microsoft.NET\\Framework64\\v4.0.30319\\mscorsvw.exe,,,,C:\\Windows\\assembly\\NativeImages_v4.0.30319_64\\Temp\\1ec4-0\\Microsoft.PowerShell.Utility.Activities.dll
2026-08-06T05:01:09.091+0000,0,unlabelled,,,,92217,92217,6,Executable dropped in Windows root folder,T1570,C:\\Windows\\Microsoft.NET\\Framework64\\v4.0.30319\\mscorsvw.exe,,,,C:\\Windows\\assembly\\NativeImages_v4.0.30319_64\\Temp\\8e8-0\\Microsoft.PowerShell.Workflow.ServiceCore.dll
2026-08-06T05:01:09.100+0000,0,unlabelled,,,,92217,92217,6,Executable dropped in Windows root folder,T1570,C:\\Windows\\Microsoft.NET\\Framework64\\v4.0.30319\\mscorsvw.exe,,,,C:\\Windows\\assembly\\NativeImages_v4.0.30319_64\\Temp\\5e0-0\\Microsoft.SecureBoot.Commands.dll
2026-08-06T05:01:11.219+0000,0,unlabelled,,,,92217,92217,6,Executable dropped in Windows root folder,T1570,C:\\Windows\\Microsoft.NET\\Framework64\\v4.0.30319\\mscorsvw.exe,,,,C:\\Windows\\assembly\\NativeImages_v4.0.30319_64\\Temp\\1900-0\\Microsoft.Security.ApplicationId.PolicyManagement.PolicyEngineApi.Interop.dll
2026-08-06T05:01:11.221+0000,0,unlabelled,,,,92217,92217,6,Executable dropped in Windows root folder,T1570,C:\\Windows\\Microsoft.NET\\Framework64\\v4.0.30319\\mscorsvw.exe,,,,C:\\Windows\\assembly\\NativeImages_v4.0.30319_64\\Temp\\f28-0\\Microsoft.Security.ApplicationId.PolicyManagement.Cmdlets.dll
2026-08-06T05:01:12.705+0000,0,unlabelled,,,,92217,92217,6,Executable dropped in Windows root folder,T1570,C:\\Windows\\Microsoft.NET\\Framework64\\v4.0.30319\\mscorsvw.exe,,,,C:\\Windows\\assembly\\NativeImages_v4.0.30319_64\\Temp\\cc8-0\\Microsoft.Security.ApplicationId.PolicyManagement.PolicyManager.dll
2026-08-06T05:01:12.714+0000,0,unlabelled,,,,92217,92217,6,Executable dropped in Windows root folder,T1570,C:\\Windows\\Microsoft.NET\\Framework64\\v4.0.30319\\mscorsvw.exe,,,,C:\\Windows\\assembly\\NativeImages_v4.0.30319_64\\Temp\\e78-0\\Microsoft.Security.ApplicationId.PolicyManagement.PolicyModel.dll
2026-08-06T05:01:14.204+0000,0,unlabelled,,,,92217,92217,6,Executable dropped in Windows root folder,T1570,C:\\Windows\\Microsoft.NET\\Framework64\\v4.0.30319\\mscorsvw.exe,,,,C:\\Windows\\assembly\\NativeImages_v4.0.30319_64\\Temp\\13b8-0\\Microsoft.Security.ApplicationId.PolicyManagement.XmlHelper.dll
2026-08-06T05:01:15.309+0000,0,unlabelled,,,,92217,92217,6,Executable dropped in Windows root folder,T1570,C:\\Windows\\Microsoft.NET\\Framework64\\v4.0.30319\\mscorsvw.exe,,,,C:\\Windows\\assembly\\NativeImages_v4.0.30319_64\\Temp\\1050-0\\Microsoft.Security.ApplicationId.Wizards.AutomaticRuleGenerationWizard.dll
2026-08-06T05:01:15.314+0000,0,unlabelled,,,,92217,92217,6,Executable dropped in Windows root folder,T1570,C:\\Windows\\Microsoft.NET\\Framework64\\v4.0.30319\\mscorsvw.exe,,,,C:\\Windows\\assembly\\NativeImages_v4.0.30319_64\\Temp\\1d24-0\\Microsoft.Tpm.Commands.dll
2026-08-06T05:01:16.450+0000,0,unlabelled,,,,92217,92217,6,Executable dropped in Windows root folder,T1570,C:\\Windows\\Microsoft.NET\\Framework64\\v4.0.30319\\mscorsvw.exe,,,,C:\\Windows\\assembly\\NativeImages_v4.0.30319_64\\Temp\\2b0-0\\Microsoft.Windows.Diagnosis.Commands.GetDiagInput.dll
2026-08-06T05:01:16.451+0000,0,unlabelled,,,,92217,92217,6,Executable dropped in Windows root folder,T1570,C:\\Windows\\Microsoft.NET\\Framework64\\v4.0.30319\\mscorsvw.exe,,,,C:\\Windows\\assembly\\NativeImages_v4.0.30319_64\\Temp\\e40-0\\Microsoft.Windows.Diagnosis.Commands.UpdateDiagReport.dll
2026-08-06T05:01:16.479+0000,0,unlabelled,,,,92217,92217,6,Executable dropped in Windows root folder,T1570,C:\\Windows\\Microsoft.NET\\Framework64\\v4.0.30319\\mscorsvw.exe,,,,C:\\Windows\\assembly\\NativeImages_v4.0.30319_64\\Temp\\1204-0\\Microsoft.Windows.Diagnosis.Commands.UpdateDiagRootcause.dll
2026-08-06T05:01:18.050+0000,0,unlabelled,,,,92217,92217,6,Executable dropped in Windows root folder,T1570,C:\\Windows\\Microsoft.NET\\Framework64\\v4.0.30319\\mscorsvw.exe,,,,C:\\Windows\\assembly\\NativeImages_v4.0.30319_64\\Temp\\1f64-0\\Microsoft.Windows.Diagnosis.Commands.WriteDiagProgress.dll
2026-08-06T05:01:18.060+0000,0,unlabelled,,,,92217,92217,6,Executable dropped in Windows root folder,T1570,C:\\Windows\\Microsoft.NET\\Framework64\\v4.0.30319\\mscorsvw.exe,,,,C:\\Windows\\assembly\\NativeImages_v4.0.30319_64\\Temp\\1da4-0\\Microsoft.Windows.Diagnosis.Commands.WriteDiagTelemetry.dll
2026-08-06T05:01:18.073+0000,0,unlabelled,,,,92217,92217,6,Executable dropped in Windows root folder,T1570,C:\\Windows\\Microsoft.NET\\Framework64\\v4.0.30319\\mscorsvw.exe,,,,C:\\Windows\\assembly\\NativeImages_v4.0.30319_64\\Temp\\131c-0\\Microsoft.Windows.Diagnosis.SDCommon.dll
2026-08-06T05:01:19.853+0000,0,unlabelled,,,,92217,92217,6,Executable dropped in Windows root folder,T1570,C:\\Windows\\Microsoft.NET\\Framework64\\v4.0.30319\\mscorsvw.exe,,,,C:\\Windows\\assembly\\NativeImages_v4.0.30319_64\\Temp\\42c-0\\Microsoft.Windows.Diagnosis.SDEngine.dll
2026-08-06T05:01:19.853+0000,0,unlabelled,,,,92217,92217,6,Executable dropped in Windows root folder,T1570,C:\\Windows\\Microsoft.NET\\Framework64\\v4.0.30319\\mscorsvw.exe,,,,C:\\Windows\\assembly\\NativeImages_v4.0.30319_64\\Temp\\ae8-0\\Microsoft.Windows.Diagnosis.SDHost.dll
2026-08-06T05:01:19.863+0000,0,unlabelled,,,,92217,92217,6,Executable dropped in Windows root folder,T1570,C:\\Windows\\Microsoft.NET\\Framework64\\v4.0.30319\\mscorsvw.exe,,,,C:\\Windows\\assembly\\NativeImages_v4.0.30319_64\\Temp\\5bc-0\\Microsoft.Windows.Diagnosis.TroubleshootingPack.dll
2026-08-06T06:32:09.528+0000,0,unlabelled,,,,503,503,3,Wazuh agent started.,,,,,,
2026-08-06T06:32:13.116+0000,0,unlabelled,,,,60805,60805,3,The database engine is starting a new instance.,,,,,,
2026-08-06T06:32:13.164+0000,0,unlabelled,,,,61104,61104,3,Service startup type was changed,,,,,,
2026-08-06T06:32:13.164+0000,0,unlabelled,,,,60807,60807,3,The database engine is initiating recovery steps.,,,,,,
2026-08-06T06:32:13.276+0000,0,unlabelled,,,,60808,60808,3,The database engine is replaying log file C:\Winnt\system32\wins\j50.log.,,,,,,
2026-08-06T06:32:13.307+0000,0,unlabelled,,,,61104,61104,3,Service startup type was changed,,,,,,
2026-08-06T06:32:13.321+0000,0,unlabelled,,,,60809,60809,3,The database engine has completed recovery steps.,,,,,,
2026-08-06T06:32:13.449+0000,0,unlabelled,,,,60798,60798,3,The database engine attached a database.,,,,,,
2026-08-06T06:32:13.588+0000,0,unlabelled,,,,60668,60668,3,The Windows search service started.,,,,,,
2026-08-06T06:32:14.194+0000,0,unlabelled,,,,60646,60646,5,License activation (slui.exe) failed.,,,,,,
2026-08-06T06:32:14.245+0000,0,unlabelled,,,,60776,60776,7,SessionEnv was unavailable to handle a critical notification event.,,,,,,
2026-08-06T06:32:14.267+0000,0,unlabelled,,,,60775,60775,5,SessionEnv was unavailable to handle a notification event.,,,,,,
2026-08-06T06:32:14.432+0000,0,unlabelled,,,,60646,60646,5,License activation (slui.exe) failed.,,,,,,
2026-08-06T06:32:14.477+0000,0,unlabelled,,,,60642,60642,3,Software protection service scheduled successfully.,,,,,,
2026-08-06T06:32:14.661+0000,0,unlabelled,,,,60118,60118,3,Windows Workstation Logon Success,T1078,,,,,
2026-08-06T06:32:14.779+0000,0,unlabelled,,,,60118,60118,3,Windows Workstation Logon Success,T1078,,,,,
2026-08-06T06:32:14.879+0000,0,unlabelled,,,,67028,67028,3,Special privileges assigned to new logon.,T1484,,,,,
2026-08-06T06:32:15.038+0000,0,unlabelled,,,,60642,60642,3,Software protection service scheduled successfully.,,,,,,
2026-08-06T06:32:15.256+0000,0,unlabelled,,,,60642,60642,3,Software protection service scheduled successfully.,,,,,,
2026-08-06T06:32:15.387+0000,0,unlabelled,,,,60642,60642,3,Software protection service scheduled successfully.,,,,,,
2026-08-06T06:32:15.433+0000,0,unlabelled,,,,60702,60702,5,The VSS service is shutting down due to idle timeout.,,,,,,
2026-08-06T06:32:15.475+0000,0,unlabelled,,,,60702,60702,5,The VSS service is shutting down due to idle timeout.,,,,,,
2026-08-06T06:32:16.323+0000,0,unlabelled,,,,92307,92307,3,Evidence of new service creation found in registry under HKLM\\System\\CurrentControlSet\\Services\\AarSvc_6c01b\\ImagePath binary is: C:\\Windows\\system32\\svchost.exe -k AarSvcGroup -p,T1543.003,C:\\Windows\\system32\\services.exe,,,,
2026-08-06T06:32:16.402+0000,0,unlabelled,,,,92307,92307,3,Evidence of new service creation found in registry under HKLM\\System\\CurrentControlSet\\Services\\BcastDVRUserService_6c01b\\ImagePath binary is: C:\\Windows\\system32\\svchost.exe -k BcastDVRUserService,T1543.003,C:\\Windows\\system32\\services.exe,,,,
2026-08-06T06:32:16.411+0000,0,unlabelled,,,,92307,92307,3,Evidence of new service creation found in registry under HKLM\\System\\CurrentControlSet\\Services\\BluetoothUserService_6c01b\\ImagePath binary is: C:\\Windows\\system32\\svchost.exe -k BthAppGroup -p,T1543.003,C:\\Windows\\system32\\services.exe,,,,
2026-08-06T06:32:16.453+0000,0,unlabelled,,,,92307,92307,3,Evidence of new service creation found in registry under HKLM\\System\\CurrentControlSet\\Services\\CaptureService_6c01b\\ImagePath binary is: C:\\Windows\\system32\\svchost.exe -k LocalService -p,T1543.003,C:\\Windows\\system32\\services.exe,,,,
2026-08-06T06:32:16.463+0000,0,unlabelled,,,,92307,92307,3,Evidence of new service creation found in registry under HKLM\\System\\CurrentControlSet\\Services\\cbdhsvc_6c01b\\ImagePath binary is: C:\\Windows\\system32\\svchost.exe -k ClipboardSvcGroup -p,T1543.003,C:\\Windows\\system32\\services.exe,,,,
2026-08-06T06:32:16.522+0000,0,unlabelled,,,,92307,92307,3,Evidence of new service creation found in registry under HKLM\\System\\CurrentControlSet\\Services\\CDPUserSvc_6c01b\\ImagePath binary is: C:\\Windows\\system32\\svchost.exe -k UnistackSvcGroup,T1543.003,C:\\Windows\\system32\\services.exe,,,,
2026-08-06T06:32:16.588+0000,0,unlabelled,,,,92307,92307,3,Evidence of new service creation found in registry under HKLM\\System\\CurrentControlSet\\Services\\ConsentUxUserSvc_6c01b\\ImagePath binary is: C:\\Windows\\system32\\svchost.exe -k DevicesFlow,T1543.003,C:\\Windows\\system32\\services.exe,,,,
2026-08-06T06:32:16.592+0000,0,unlabelled,,,,92307,92307,3,Evidence of new service creation found in registry under HKLM\\System\\CurrentControlSet\\Services\\CredentialEnrollmentManagerUserSvc_6c01b\\ImagePath binary is: C:\\Windows\\system32\\CredentialEnrollmentManager.exe,T1543.003,C:\\Windows\\system32\\services.exe,,,,
2026-08-06T06:32:16.614+0000,0,unlabelled,,,,92307,92307,3,Evidence of new service creation found in registry under HKLM\\System\\CurrentControlSet\\Services\\DeviceAssociationBrokerSvc_6c01b\\ImagePath binary is: C:\\Windows\\system32\\svchost.exe -k DevicesFlow -p,T1543.003,C:\\Windows\\system32\\services.exe,,,,
2026-08-06T06:32:16.647+0000,0,unlabelled,,,,92307,92307,3,Evidence of new service creation found in registry under HKLM\\System\\CurrentControlSet\\Services\\DevicePickerUserSvc_6c01b\\ImagePath binary is: C:\\Windows\\system32\\svchost.exe -k DevicesFlow,T1543.003,C:\\Windows\\system32\\services.exe,,,,
2026-08-06T06:32:16.662+0000,0,unlabelled,,,,92307,92307,3,Evidence of new service creation found in registry under HKLM\\System\\CurrentControlSet\\Services\\DevicesFlowUserSvc_6c01b\\ImagePath binary is: C:\\Windows\\system32\\svchost.exe -k DevicesFlow,T1543.003,C:\\Windows\\system32\\services.exe,,,,
2026-08-06T06:32:16.670+0000,0,unlabelled,,,,92307,92307,3,Evidence of new service creation found in registry under HKLM\\System\\CurrentControlSet\\Services\\MessagingService_6c01b\\ImagePath binary is: C:\\Windows\\system32\\svchost.exe -k UnistackSvcGroup,T1543.003,C:\\Windows\\system32\\services.exe,,,,
2026-08-06T06:32:16.685+0000,0,unlabelled,,,,92307,92307,3,Evidence of new service creation found in registry under HKLM\\System\\CurrentControlSet\\Services\\OneSyncSvc_6c01b\\ImagePath binary is: C:\\Windows\\system32\\svchost.exe -k UnistackSvcGroup,T1543.003,C:\\Windows\\system32\\services.exe,,,,
2026-08-06T06:32:16.699+0000,0,unlabelled,,,,92307,92307,3,Evidence of new service creation found in registry under HKLM\\System\\CurrentControlSet\\Services\\PimIndexMaintenanceSvc_6c01b\\ImagePath binary is: C:\\Windows\\system32\\svchost.exe -k UnistackSvcGroup,T1543.003,C:\\Windows\\system32\\services.exe,,,,
2026-08-06T06:32:16.703+0000,0,unlabelled,,,,92307,92307,3,Evidence of new service creation found in registry under HKLM\\System\\CurrentControlSet\\Services\\PrintWorkflowUserSvc_6c01b\\ImagePath binary is: C:\\Windows\\system32\\svchost.exe -k PrintWorkflow,T1543.003,C:\\Windows\\system32\\services.exe,,,,
2026-08-06T06:32:16.720+0000,0,unlabelled,,,,92307,92307,3,Evidence of new service creation found in registry under HKLM\\System\\CurrentControlSet\\Services\\UdkUserSvc_6c01b\\ImagePath binary is: C:\\Windows\\system32\\svchost.exe -k UdkSvcGroup,T1543.003,C:\\Windows\\system32\\services.exe,,,,
2026-08-06T06:32:16.728+0000,0,unlabelled,,,,92307,92307,3,Evidence of new service creation found in registry under HKLM\\System\\CurrentControlSet\\Services\\UnistoreSvc_6c01b\\ImagePath binary is: C:\\Windows\\System32\\svchost.exe -k UnistackSvcGroup,T1543.003,C:\\Windows\\system32\\services.exe,,,,
2026-08-06T06:32:16.761+0000,0,unlabelled,,,,92307,92307,3,Evidence of new service creation found in registry under HKLM\\System\\CurrentControlSet\\Services\\UserDataSvc_6c01b\\ImagePath binary is: C:\\Windows\\system32\\svchost.exe -k UnistackSvcGroup,T1543.003,C:\\Windows\\system32\\services.exe,,,,
2026-08-06T06:32:16.769+0000,0,unlabelled,,,,92307,92307,3,Evidence of new service creation found in registry under HKLM\\System\\CurrentControlSet\\Services\\WpnUserService_6c01b\\ImagePath binary is: C:\\Windows\\system32\\svchost.exe -k UnistackSvcGroup,T1543.003,C:\\Windows\\system32\\services.exe,,,,
2026-08-06T06:32:19.926+0000,0,unlabelled,,,,506,506,3,Wazuh agent stopped.,T1562.001,,,,,
2026-08-06T06:39:13.932+0000,0,unlabelled,,,,503,503,3,Wazuh agent started.,,,,,,
2026-08-06T06:39:36.649+0000,0,unlabelled,,,,100200,100200,10,T1087.001 Local Account Discovery via net.exe,T1087.001,C:\\Windows\\System32\\net.exe,C:\\Windows\\System32\\WindowsPowerShell\\v1.0\\powershell.exe,"\""C:\\Windows\\system32\\net.exe\"" user","\""net.exe\"" user",
2026-08-06T06:45:25.799+0000,1,attack,T1082,baseline,20260806-064344-attack-r1,92052,cmd-spawned-by-nonshell-parent,4,Windows command prompt started by an abnormal process,T1059.003,C:\\Windows\\System32\\cmd.exe,C:\\Windows\\System32\\WindowsPowerShell\\v1.0\\powershell.exe,"\""cmd.exe\"" /c systeminfo &amp; reg query HKLM\\SYSTEM\\CurrentControlSet\\Services\\Disk\\Enum","\""cmd.exe\"" /c systeminfo &amp; reg query HKLM\SYSTEM\CurrentControlSet\Services\Disk\Enum",
2026-08-06T06:45:25.800+0000,1,attack,T1082,baseline,20260806-064344-attack-r1,92032,92032,3,Suspicious Windows cmd shell execution,T1087;T1059.003,C:\\Windows\\System32\\systeminfo.exe,C:\\Windows\\System32\\cmd.exe,systeminfo,systeminfo,
2026-08-06T06:45:28.497+0000,1,attack,T1082,baseline,20260806-064344-attack-r1,92052,cmd-spawned-by-nonshell-parent,4,Windows command prompt started by an abnormal process,T1059.003,C:\\Windows\\System32\\cmd.exe,C:\\Windows\\System32\\WindowsPowerShell\\v1.0\\powershell.exe,"\""cmd.exe\"" /c hostname","\""cmd.exe\"" /c hostname",
2026-08-06T06:45:28.514+0000,1,attack,T1082,baseline,20260806-064344-attack-r1,92032,92032,3,Suspicious Windows cmd shell execution,T1087;T1059.003,C:\\Windows\\System32\\HOSTNAME.EXE,C:\\Windows\\System32\\cmd.exe,hostname,hostname,
2026-08-06T06:45:28.535+0000,1,attack,T1082,baseline,20260806-064344-attack-r1,92052,cmd-spawned-by-nonshell-parent,4,Windows command prompt started by an abnormal process,T1059.003,C:\\Windows\\System32\\cmd.exe,C:\\Windows\\System32\\WindowsPowerShell\\v1.0\\powershell.exe,"\""cmd.exe\"" /c REG QUERY HKEY_LOCAL_MACHINE\\SOFTWARE\\Microsoft\\Cryptography /v MachineGuid","\""cmd.exe\"" /c REG QUERY HKEY_LOCAL_MACHINE\SOFTWARE\Microsoft\Cryptography /v MachineGuid",
2026-08-06T06:45:28.593+0000,1,attack,T1082,baseline,20260806-064344-attack-r1,92052,cmd-spawned-by-nonshell-parent,4,Windows command prompt started by an abnormal process,T1059.003,C:\\Windows\\System32\\cmd.exe,C:\\Windows\\System32\\WindowsPowerShell\\v1.0\\powershell.exe,"\""cmd.exe\"" /c set","\""cmd.exe\"" /c set",
2026-08-06T06:45:29.826+0000,1,attack,T1082,baseline,20260806-064344-attack-r1,92052,cmd-spawned-by-nonshell-parent,4,Windows command prompt started by an abnormal process,T1059.003,C:\\Windows\\System32\\cmd.exe,C:\\Windows\\System32\\WindowsPowerShell\\v1.0\\powershell.exe,"\""cmd.exe\"" /c wmic cpu get name &amp; wmic MEMPHYSICAL get MaxCapacity &amp; wmic baseboard get product &amp; wmic baseboard get version &amp; wmic bios get SMBIOSBIOSVersion &amp; wmic path win32_VideoController get name &amp; wmic path win32_VideoController get DriverVersion &amp; wmic path win32_VideoController get VideoModeDescription &amp; wmic OS get Caption,OSArchitecture,Version &amp; wmic DISKDRIVE get Caption &amp; Get-WmiObject win32_bios","\""cmd.exe\"" /c wmic cpu get name &amp; wmic MEMPHYSICAL get MaxCapacity &amp; wmic baseboard get product &amp; wmic baseboard get version &amp; wmic bios get SMBIOSBIOSVersion &amp; wmic path win32_VideoController get name &amp; wmic path win32_VideoController get DriverVersion &amp; wmic path win32_VideoController get VideoModeDescription &amp; wmic OS get Caption,OSArchitecture,Version &amp; wmic DISKDRIVE get Caption &amp; Get-WmiObject win32_bios",
2026-08-06T06:45:29.830+0000,1,attack,T1082,baseline,20260806-064344-attack-r1,92032,92032,3,Suspicious Windows cmd shell execution,T1087;T1059.003,C:\\Windows\\System32\\wbem\\WMIC.exe,C:\\Windows\\System32\\cmd.exe,wmic  MEMPHYSICAL get MaxCapacity,wmic  MEMPHYSICAL get MaxCapacity,
2026-08-06T06:45:29.825+0000,1,attack,T1082,baseline,20260806-064344-attack-r1,92032,92032,3,Suspicious Windows cmd shell execution,T1087;T1059.003,C:\\Windows\\System32\\wbem\\WMIC.exe,C:\\Windows\\System32\\cmd.exe,wmic  cpu get name,wmic  cpu get name,
2026-08-06T06:45:29.840+0000,1,attack,T1082,baseline,20260806-064344-attack-r1,92032,92032,3,Suspicious Windows cmd shell execution,T1087;T1059.003,C:\\Windows\\System32\\wbem\\WMIC.exe,C:\\Windows\\System32\\cmd.exe,wmic  baseboard get product,wmic  baseboard get product,
2026-08-06T06:45:29.856+0000,1,attack,T1082,baseline,20260806-064344-attack-r1,92032,92032,3,Suspicious Windows cmd shell execution,T1087;T1059.003,C:\\Windows\\System32\\wbem\\WMIC.exe,C:\\Windows\\System32\\cmd.exe,wmic  baseboard get version,wmic  baseboard get version,
2026-08-06T06:45:29.870+0000,1,attack,T1082,baseline,20260806-064344-attack-r1,92032,92032,3,Suspicious Windows cmd shell execution,T1087;T1059.003,C:\\Windows\\System32\\wbem\\WMIC.exe,C:\\Windows\\System32\\cmd.exe,wmic  bios get SMBIOSBIOSVersion,wmic  bios get SMBIOSBIOSVersion,
2026-08-06T06:45:29.888+0000,1,attack,T1082,baseline,20260806-064344-attack-r1,92032,92032,3,Suspicious Windows cmd shell execution,T1087;T1059.003,C:\\Windows\\System32\\wbem\\WMIC.exe,C:\\Windows\\System32\\cmd.exe,wmic  path win32_VideoController get name,wmic  path win32_VideoController get name,
2026-08-06T06:45:29.908+0000,1,attack,T1082,baseline,20260806-064344-attack-r1,92032,92032,3,Suspicious Windows cmd shell execution,T1087;T1059.003,C:\\Windows\\System32\\wbem\\WMIC.exe,C:\\Windows\\System32\\cmd.exe,wmic  path win32_VideoController get DriverVersion,wmic  path win32_VideoController get DriverVersion,
2026-08-06T06:45:29.935+0000,1,attack,T1082,baseline,20260806-064344-attack-r1,92032,92032,3,Suspicious Windows cmd shell execution,T1087;T1059.003,C:\\Windows\\System32\\wbem\\WMIC.exe,C:\\Windows\\System32\\cmd.exe,wmic  path win32_VideoController get VideoModeDescription,wmic  path win32_VideoController get VideoModeDescription,
2026-08-06T06:45:29.958+0000,1,attack,T1082,baseline,20260806-064344-attack-r1,92032,92032,3,Suspicious Windows cmd shell execution,T1087;T1059.003,C:\\Windows\\System32\\wbem\\WMIC.exe,C:\\Windows\\System32\\cmd.exe,"wmic  OS get Caption,OSArchitecture,Version","wmic  OS get Caption,OSArchitecture,Version",
2026-08-06T06:45:29.976+0000,1,attack,T1082,baseline,20260806-064344-attack-r1,92032,92032,3,Suspicious Windows cmd shell execution,T1087;T1059.003,C:\\Windows\\System32\\wbem\\WMIC.exe,C:\\Windows\\System32\\cmd.exe,wmic  DISKDRIVE get Caption,wmic  DISKDRIVE get Caption,
2026-08-06T06:45:30.882+0000,1,attack,T1082,baseline,20260806-064344-attack-r1,92052,cmd-spawned-by-nonshell-parent,4,Windows command prompt started by an abnormal process,T1059.003,C:\\Windows\\System32\\cmd.exe,C:\\Windows\\System32\\WindowsPowerShell\\v1.0\\powershell.exe,"\""cmd.exe\"" /c reg query \""HKEY_CURRENT_USER\\Control Panel\\International\\Geo\""","\""cmd.exe\"" /c reg query \""HKEY_CURRENT_USER\Control Panel\International\Geo\""",
2026-08-06T06:45:30.896+0000,1,attack,T1082,baseline,20260806-064344-attack-r1,92052,cmd-spawned-by-nonshell-parent,4,Windows command prompt started by an abnormal process,T1059.003,C:\\Windows\\System32\\cmd.exe,C:\\Windows\\System32\\WindowsPowerShell\\v1.0\\powershell.exe,"\""cmd.exe\"" /c reg query HKEY_LOCAL_MACHINE\\HARDWARE\\DESCRIPTION\\System /v SystemBiosVersion &amp; reg query HKEY_LOCAL_MACHINE\\HARDWARE\\DESCRIPTION\\System /v VideoBiosVersion","\""cmd.exe\"" /c reg query HKEY_LOCAL_MACHINE\HARDWARE\DESCRIPTION\System /v SystemBiosVersion &amp; reg query HKEY_LOCAL_MACHINE\HARDWARE\DESCRIPTION\System /v VideoBiosVersion",
2026-08-06T06:45:30.971+0000,1,attack,T1082,baseline,20260806-064344-attack-r1,92027,92027,4,Powershell process spawned powershell instance,T1059.001,C:\\Windows\\System32\\WindowsPowerShell\\v1.0\\powershell.exe,C:\\Windows\\System32\\WindowsPowerShell\\v1.0\\powershell.exe,"\""powershell.exe\"" &amp; {Get-CimInstance Win32_OperatingSystem | Select-Object Caption, Version, ServicePackMajorVersion, OSArchitecture, CSName, WindowsDirectory | Out-null}","\""powershell.exe\"" &amp; {Get-CimInstance Win32_OperatingSystem | Select-Object Caption, Version, ServicePackMajorVersion, OSArchitecture, CSName, WindowsDirectory | Out-null}",
2026-08-06T06:45:32.003+0000,1,attack,T1082,baseline,20260806-064344-attack-r1,92052,cmd-spawned-by-nonshell-parent,4,Windows command prompt started by an abnormal process,T1059.003,C:\\Windows\\System32\\cmd.exe,C:\\Windows\\System32\\WindowsPowerShell\\v1.0\\powershell.exe,"\""cmd.exe\"" /c ver","\""cmd.exe\"" /c ver",
2026-08-06T06:45:33.619+0000,1,attack,T1082,baseline,20260806-064344-attack-r1,92052,cmd-spawned-by-nonshell-parent,4,Windows command prompt started by an abnormal process,T1059.003,C:\\Windows\\System32\\cmd.exe,C:\\Windows\\System32\\WindowsPowerShell\\v1.0\\powershell.exe,"\""cmd.exe\"" /c vssadmin.exe list shadows","\""cmd.exe\"" /c vssadmin.exe list shadows",
2026-08-06T06:45:33.633+0000,1,attack,T1082,baseline,20260806-064344-attack-r1,92032,92032,3,Suspicious Windows cmd shell execution,T1087;T1059.003,C:\\Windows\\System32\\vssadmin.exe,C:\\Windows\\System32\\cmd.exe,vssadmin.exe  list shadows,vssadmin.exe  list shadows,
2026-08-06T06:45:33.666+0000,1,attack,T1082,baseline,20260806-064344-attack-r1,92052,cmd-spawned-by-nonshell-parent,4,Windows command prompt started by an abnormal process,T1059.003,C:\\Windows\\System32\\cmd.exe,C:\\Windows\\System32\\WindowsPowerShell\\v1.0\\powershell.exe,"\""cmd.exe\"" /c powershell.exe -c \""Get-Culture | Format-List | Out-File -FilePath %%TMP%%\\a.txt\""","\""cmd.exe\"" /c powershell.exe -c \""Get-Culture | Format-List | Out-File -FilePath %%TMP%%\a.txt\""",
2026-08-06T06:45:33.680+0000,1,attack,T1082,baseline,20260806-064344-attack-r1,92032,92032,3,Suspicious Windows cmd shell execution,T1087;T1059.003,C:\\Windows\\System32\\WindowsPowerShell\\v1.0\\powershell.exe,C:\\Windows\\System32\\cmd.exe,"powershell.exe  -c \""Get-Culture | Format-List | Out-File -FilePath C:\\Users\\Basit\\AppData\\Local\\Temp\\a.txt\""","powershell.exe  -c \""Get-Culture | Format-List | Out-File -FilePath C:\Users\Basit\AppData\Local\Temp\a.txt\""",
2026-08-06T06:45:35.083+0000,1,attack,T1082,baseline,20260806-064344-attack-r1,92052,cmd-spawned-by-nonshell-parent,4,Windows command prompt started by an abnormal process,T1059.003,C:\\Windows\\System32\\cmd.exe,C:\\Windows\\System32\\WindowsPowerShell\\v1.0\\powershell.exe,"\""cmd.exe\"" /c powershell.exe -c \""gdr -PSProvider 'FileSystem'\""","\""cmd.exe\"" /c powershell.exe -c \""gdr -PSProvider 'FileSystem'\""",
2026-08-06T06:45:35.084+0000,1,attack,T1082,baseline,20260806-064344-attack-r1,92032,92032,3,Suspicious Windows cmd shell execution,T1087;T1059.003,C:\\Windows\\System32\\WindowsPowerShell\\v1.0\\powershell.exe,C:\\Windows\\System32\\cmd.exe,"powershell.exe  -c \""gdr -PSProvider 'FileSystem'\""","powershell.exe  -c \""gdr -PSProvider 'FileSystem'\""",
2026-08-06T06:45:36.250+0000,1,attack,T1082,baseline,20260806-064344-attack-r1,92052,cmd-spawned-by-nonshell-parent,4,Windows command prompt started by an abnormal process,T1059.003,C:\\Windows\\System32\\cmd.exe,C:\\Windows\\System32\\WindowsPowerShell\\v1.0\\powershell.exe,"\""cmd.exe\"" /c reg query \""HKLM\\SOFTWARE\\Microsoft\\Windows NT\\CurrentVersion\"" /v ProductName","\""cmd.exe\"" /c reg query \""HKLM\SOFTWARE\Microsoft\Windows NT\CurrentVersion\"" /v ProductName",
2026-08-06T06:45:36.266+0000,1,attack,T1082,baseline,20260806-064344-attack-r1,92052,cmd-spawned-by-nonshell-parent,4,Windows command prompt started by an abnormal process,T1059.003,C:\\Windows\\System32\\cmd.exe,C:\\Windows\\System32\\WindowsPowerShell\\v1.0\\powershell.exe,"\""cmd.exe\"" /c reg query \""HKLM\\SOFTWARE\\Microsoft\\Windows NT\\CurrentVersion\"" /v CurrentBuildNumber","\""cmd.exe\"" /c reg query \""HKLM\SOFTWARE\Microsoft\Windows NT\CurrentVersion\"" /v CurrentBuildNumber",
2026-08-06T06:47:17.065+0000,1,attack,T1082,baseline,20260806-064344-attack-r1,92052,cmd-spawned-by-nonshell-parent,4,Windows command prompt started by an abnormal process,T1059.003,C:\\Windows\\System32\\cmd.exe,C:\\Windows\\System32\\WindowsPowerShell\\v1.0\\powershell.exe,"\""cmd.exe\"" /c systeminfo &amp; reg query HKLM\\SYSTEM\\CurrentControlSet\\Services\\Disk\\Enum","\""cmd.exe\"" /c systeminfo &amp; reg query HKLM\SYSTEM\CurrentControlSet\Services\Disk\Enum",
2026-08-06T06:47:17.097+0000,1,attack,T1082,baseline,20260806-064344-attack-r1,92032,92032,3,Suspicious Windows cmd shell execution,T1087;T1059.003,C:\\Windows\\System32\\systeminfo.exe,C:\\Windows\\System32\\cmd.exe,systeminfo,systeminfo,
2026-08-06T06:47:19.080+0000,1,attack,T1082,baseline,20260806-064344-attack-r1,92052,cmd-spawned-by-nonshell-parent,4,Windows command prompt started by an abnormal process,T1059.003,C:\\Windows\\System32\\cmd.exe,C:\\Windows\\System32\\WindowsPowerShell\\v1.0\\powershell.exe,"\""cmd.exe\"" /c hostname","\""cmd.exe\"" /c hostname",
2026-08-06T06:47:19.081+0000,1,attack,T1082,baseline,20260806-064344-attack-r1,92032,92032,3,Suspicious Windows cmd shell execution,T1087;T1059.003,C:\\Windows\\System32\\HOSTNAME.EXE,C:\\Windows\\System32\\cmd.exe,hostname,hostname,
2026-08-06T06:47:20.425+0000,1,attack,T1082,baseline,20260806-064344-attack-r1,92052,cmd-spawned-by-nonshell-parent,4,Windows command prompt started by an abnormal process,T1059.003,C:\\Windows\\System32\\cmd.exe,C:\\Windows\\System32\\WindowsPowerShell\\v1.0\\powershell.exe,"\""cmd.exe\"" /c REG QUERY HKEY_LOCAL_MACHINE\\SOFTWARE\\Microsoft\\Cryptography /v MachineGuid","\""cmd.exe\"" /c REG QUERY HKEY_LOCAL_MACHINE\SOFTWARE\Microsoft\Cryptography /v MachineGuid",
2026-08-06T06:47:20.472+0000,1,attack,T1082,baseline,20260806-064344-attack-r1,92052,cmd-spawned-by-nonshell-parent,4,Windows command prompt started by an abnormal process,T1059.003,C:\\Windows\\System32\\cmd.exe,C:\\Windows\\System32\\WindowsPowerShell\\v1.0\\powershell.exe,"\""cmd.exe\"" /c set","\""cmd.exe\"" /c set",
2026-08-06T06:47:21.453+0000,1,attack,T1082,baseline,20260806-064344-attack-r1,92052,cmd-spawned-by-nonshell-parent,4,Windows command prompt started by an abnormal process,T1059.003,C:\\Windows\\System32\\cmd.exe,C:\\Windows\\System32\\WindowsPowerShell\\v1.0\\powershell.exe,"\""cmd.exe\"" /c wmic cpu get name &amp; wmic MEMPHYSICAL get MaxCapacity &amp; wmic baseboard get product &amp; wmic baseboard get version &amp; wmic bios get SMBIOSBIOSVersion &amp; wmic path win32_VideoController get name &amp; wmic path win32_VideoController get DriverVersion &amp; wmic path win32_VideoController get VideoModeDescription &amp; wmic OS get Caption,OSArchitecture,Version &amp; wmic DISKDRIVE get Caption &amp; Get-WmiObject win32_bios","\""cmd.exe\"" /c wmic cpu get name &amp; wmic MEMPHYSICAL get MaxCapacity &amp; wmic baseboard get product &amp; wmic baseboard get version &amp; wmic bios get SMBIOSBIOSVersion &amp; wmic path win32_VideoController get name &amp; wmic path win32_VideoController get DriverVersion &amp; wmic path win32_VideoController get VideoModeDescription &amp; wmic OS get Caption,OSArchitecture,Version &amp; wmic DISKDRIVE get Caption &amp; Get-WmiObject win32_bios",
2026-08-06T06:47:21.469+0000,1,attack,T1082,baseline,20260806-064344-attack-r1,92032,92032,3,Suspicious Windows cmd shell execution,T1087;T1059.003,C:\\Windows\\System32\\wbem\\WMIC.exe,C:\\Windows\\System32\\cmd.exe,wmic  cpu get name,wmic  cpu get name,
2026-08-06T06:47:21.487+0000,1,attack,T1082,baseline,20260806-064344-attack-r1,92032,92032,3,Suspicious Windows cmd shell execution,T1087;T1059.003,C:\\Windows\\System32\\wbem\\WMIC.exe,C:\\Windows\\System32\\cmd.exe,wmic  MEMPHYSICAL get MaxCapacity,wmic  MEMPHYSICAL get MaxCapacity,
2026-08-06T06:47:21.503+0000,1,attack,T1082,baseline,20260806-064344-attack-r1,92032,92032,3,Suspicious Windows cmd shell execution,T1087;T1059.003,C:\\Windows\\System32\\wbem\\WMIC.exe,C:\\Windows\\System32\\cmd.exe,wmic  baseboard get product,wmic  baseboard get product,
2026-08-06T06:47:21.529+0000,1,attack,T1082,baseline,20260806-064344-attack-r1,92032,92032,3,Suspicious Windows cmd shell execution,T1087;T1059.003,C:\\Windows\\System32\\wbem\\WMIC.exe,C:\\Windows\\System32\\cmd.exe,wmic  baseboard get version,wmic  baseboard get version,
2026-08-06T06:47:21.545+0000,1,attack,T1082,baseline,20260806-064344-attack-r1,92032,92032,3,Suspicious Windows cmd shell execution,T1087;T1059.003,C:\\Windows\\System32\\wbem\\WMIC.exe,C:\\Windows\\System32\\cmd.exe,wmic  bios get SMBIOSBIOSVersion,wmic  bios get SMBIOSBIOSVersion,
2026-08-06T06:47:21.563+0000,1,attack,T1082,baseline,20260806-064344-attack-r1,92032,92032,3,Suspicious Windows cmd shell execution,T1087;T1059.003,C:\\Windows\\System32\\wbem\\WMIC.exe,C:\\Windows\\System32\\cmd.exe,wmic  path win32_VideoController get name,wmic  path win32_VideoController get name,
2026-08-06T06:47:21.585+0000,1,attack,T1082,baseline,20260806-064344-attack-r1,92032,92032,3,Suspicious Windows cmd shell execution,T1087;T1059.003,C:\\Windows\\System32\\wbem\\WMIC.exe,C:\\Windows\\System32\\cmd.exe,wmic  path win32_VideoController get DriverVersion,wmic  path win32_VideoController get DriverVersion,
2026-08-06T06:47:21.610+0000,1,attack,T1082,baseline,20260806-064344-attack-r1,92032,92032,3,Suspicious Windows cmd shell execution,T1087;T1059.003,C:\\Windows\\System32\\wbem\\WMIC.exe,C:\\Windows\\System32\\cmd.exe,wmic  path win32_VideoController get VideoModeDescription,wmic  path win32_VideoController get VideoModeDescription,
2026-08-06T06:47:21.628+0000,1,attack,T1082,baseline,20260806-064344-attack-r1,92032,92032,3,Suspicious Windows cmd shell execution,T1087;T1059.003,C:\\Windows\\System32\\wbem\\WMIC.exe,C:\\Windows\\System32\\cmd.exe,"wmic  OS get Caption,OSArchitecture,Version","wmic  OS get Caption,OSArchitecture,Version",
2026-08-06T06:47:21.650+0000,1,attack,T1082,baseline,20260806-064344-attack-r1,92032,92032,3,Suspicious Windows cmd shell execution,T1087;T1059.003,C:\\Windows\\System32\\wbem\\WMIC.exe,C:\\Windows\\System32\\cmd.exe,wmic  DISKDRIVE get Caption,wmic  DISKDRIVE get Caption,
2026-08-06T06:47:22.551+0000,1,attack,T1082,baseline,20260806-064344-attack-r1,92052,cmd-spawned-by-nonshell-parent,4,Windows command prompt started by an abnormal process,T1059.003,C:\\Windows\\System32\\cmd.exe,C:\\Windows\\System32\\WindowsPowerShell\\v1.0\\powershell.exe,"\""cmd.exe\"" /c reg query \""HKEY_CURRENT_USER\\Control Panel\\International\\Geo\""","\""cmd.exe\"" /c reg query \""HKEY_CURRENT_USER\Control Panel\International\Geo\""",
2026-08-06T06:47:22.577+0000,1,attack,T1082,baseline,20260806-064344-attack-r1,92052,cmd-spawned-by-nonshell-parent,4,Windows command prompt started by an abnormal process,T1059.003,C:\\Windows\\System32\\cmd.exe,C:\\Windows\\System32\\WindowsPowerShell\\v1.0\\powershell.exe,"\""cmd.exe\"" /c reg query HKEY_LOCAL_MACHINE\\HARDWARE\\DESCRIPTION\\System /v SystemBiosVersion &amp; reg query HKEY_LOCAL_MACHINE\\HARDWARE\\DESCRIPTION\\System /v VideoBiosVersion","\""cmd.exe\"" /c reg query HKEY_LOCAL_MACHINE\HARDWARE\DESCRIPTION\System /v SystemBiosVersion &amp; reg query HKEY_LOCAL_MACHINE\HARDWARE\DESCRIPTION\System /v VideoBiosVersion",
2026-08-06T06:47:22.641+0000,1,attack,T1082,baseline,20260806-064344-attack-r1,92027,92027,4,Powershell process spawned powershell instance,T1059.001,C:\\Windows\\System32\\WindowsPowerShell\\v1.0\\powershell.exe,C:\\Windows\\System32\\WindowsPowerShell\\v1.0\\powershell.exe,"\""powershell.exe\"" &amp; {Get-CimInstance Win32_OperatingSystem | Select-Object Caption, Version, ServicePackMajorVersion, OSArchitecture, CSName, WindowsDirectory | Out-null}","\""powershell.exe\"" &amp; {Get-CimInstance Win32_OperatingSystem | Select-Object Caption, Version, ServicePackMajorVersion, OSArchitecture, CSName, WindowsDirectory | Out-null}",
2026-08-06T06:47:24.068+0000,1,attack,T1082,baseline,20260806-064344-attack-r1,92052,cmd-spawned-by-nonshell-parent,4,Windows command prompt started by an abnormal process,T1059.003,C:\\Windows\\System32\\cmd.exe,C:\\Windows\\System32\\WindowsPowerShell\\v1.0\\powershell.exe,"\""cmd.exe\"" /c ver","\""cmd.exe\"" /c ver",
2026-08-06T06:47:24.070+0000,1,attack,T1082,baseline,20260806-064344-attack-r1,92052,cmd-spawned-by-nonshell-parent,4,Windows command prompt started by an abnormal process,T1059.003,C:\\Windows\\System32\\cmd.exe,C:\\Windows\\System32\\WindowsPowerShell\\v1.0\\powershell.exe,"\""cmd.exe\"" /c vssadmin.exe list shadows","\""cmd.exe\"" /c vssadmin.exe list shadows",
2026-08-06T06:47:24.095+0000,1,attack,T1082,baseline,20260806-064344-attack-r1,92032,92032,3,Suspicious Windows cmd shell execution,T1087;T1059.003,C:\\Windows\\System32\\vssadmin.exe,C:\\Windows\\System32\\cmd.exe,vssadmin.exe  list shadows,vssadmin.exe  list shadows,
2026-08-06T06:47:24.115+0000,1,attack,T1082,baseline,20260806-064344-attack-r1,92052,cmd-spawned-by-nonshell-parent,4,Windows command prompt started by an abnormal process,T1059.003,C:\\Windows\\System32\\cmd.exe,C:\\Windows\\System32\\WindowsPowerShell\\v1.0\\powershell.exe,"\""cmd.exe\"" /c powershell.exe -c \""Get-Culture | Format-List | Out-File -FilePath %%TMP%%\\a.txt\""","\""cmd.exe\"" /c powershell.exe -c \""Get-Culture | Format-List | Out-File -FilePath %%TMP%%\a.txt\""",
2026-08-06T06:47:25.090+0000,1,attack,T1082,baseline,20260806-064344-attack-r1,92032,92032,3,Suspicious Windows cmd shell execution,T1087;T1059.003,C:\\Windows\\System32\\WindowsPowerShell\\v1.0\\powershell.exe,C:\\Windows\\System32\\cmd.exe,"powershell.exe  -c \""Get-Culture | Format-List | Out-File -FilePath C:\\Users\\Basit\\AppData\\Local\\Temp\\a.txt\""","powershell.exe  -c \""Get-Culture | Format-List | Out-File -FilePath C:\Users\Basit\AppData\Local\Temp\a.txt\""",
2026-08-06T06:47:25.097+0000,1,attack,T1082,baseline,20260806-064344-attack-r1,92052,cmd-spawned-by-nonshell-parent,4,Windows command prompt started by an abnormal process,T1059.003,C:\\Windows\\System32\\cmd.exe,C:\\Windows\\System32\\WindowsPowerShell\\v1.0\\powershell.exe,"\""cmd.exe\"" /c powershell.exe -c \""gdr -PSProvider 'FileSystem'\""","\""cmd.exe\"" /c powershell.exe -c \""gdr -PSProvider 'FileSystem'\""",
2026-08-06T06:47:25.110+0000,1,attack,T1082,baseline,20260806-064344-attack-r1,92032,92032,3,Suspicious Windows cmd shell execution,T1087;T1059.003,C:\\Windows\\System32\\WindowsPowerShell\\v1.0\\powershell.exe,C:\\Windows\\System32\\cmd.exe,"powershell.exe  -c \""gdr -PSProvider 'FileSystem'\""","powershell.exe  -c \""gdr -PSProvider 'FileSystem'\""",
2026-08-06T06:47:27.117+0000,1,attack,T1082,baseline,20260806-064344-attack-r1,92052,cmd-spawned-by-nonshell-parent,4,Windows command prompt started by an abnormal process,T1059.003,C:\\Windows\\System32\\cmd.exe,C:\\Windows\\System32\\WindowsPowerShell\\v1.0\\powershell.exe,"\""cmd.exe\"" /c reg query \""HKLM\\SOFTWARE\\Microsoft\\Windows NT\\CurrentVersion\"" /v ProductName","\""cmd.exe\"" /c reg query \""HKLM\SOFTWARE\Microsoft\Windows NT\CurrentVersion\"" /v ProductName",
2026-08-06T06:47:28.207+0000,1,attack,T1082,baseline,20260806-064344-attack-r1,92052,cmd-spawned-by-nonshell-parent,4,Windows command prompt started by an abnormal process,T1059.003,C:\\Windows\\System32\\cmd.exe,C:\\Windows\\System32\\WindowsPowerShell\\v1.0\\powershell.exe,"\""cmd.exe\"" /c reg query \""HKLM\\SOFTWARE\\Microsoft\\Windows NT\\CurrentVersion\"" /v CurrentBuildNumber","\""cmd.exe\"" /c reg query \""HKLM\SOFTWARE\Microsoft\Windows NT\CurrentVersion\"" /v CurrentBuildNumber",
2026-08-06T06:48:38.600+0000,1,attack,T1082,baseline,20260806-064706-attack-r2,92032,92032,3,Suspicious Windows cmd shell execution,T1087;T1059.003,C:\\Windows\\System32\\systeminfo.exe,C:\\Windows\\System32\\cmd.exe,systeminfo,systeminfo,
2026-08-06T06:48:38.596+0000,1,attack,T1082,baseline,20260806-064706-attack-r2,92052,cmd-spawned-by-nonshell-parent,4,Windows command prompt started by an abnormal process,T1059.003,C:\\Windows\\System32\\cmd.exe,C:\\Windows\\System32\\WindowsPowerShell\\v1.0\\powershell.exe,"\""cmd.exe\"" /c systeminfo &amp; reg query HKLM\\SYSTEM\\CurrentControlSet\\Services\\Disk\\Enum","\""cmd.exe\"" /c systeminfo &amp; reg query HKLM\SYSTEM\CurrentControlSet\Services\Disk\Enum",
2026-08-06T06:48:41.940+0000,1,attack,T1082,baseline,20260806-064706-attack-r2,92052,cmd-spawned-by-nonshell-parent,4,Windows command prompt started by an abnormal process,T1059.003,C:\\Windows\\System32\\cmd.exe,C:\\Windows\\System32\\WindowsPowerShell\\v1.0\\powershell.exe,"\""cmd.exe\"" /c hostname","\""cmd.exe\"" /c hostname",
2026-08-06T06:48:41.944+0000,1,attack,T1082,baseline,20260806-064706-attack-r2,92032,92032,3,Suspicious Windows cmd shell execution,T1087;T1059.003,C:\\Windows\\System32\\HOSTNAME.EXE,C:\\Windows\\System32\\cmd.exe,hostname,hostname,
2026-08-06T06:48:44.561+0000,1,attack,T1082,baseline,20260806-064706-attack-r2,92052,cmd-spawned-by-nonshell-parent,4,Windows command prompt started by an abnormal process,T1059.003,C:\\Windows\\System32\\cmd.exe,C:\\Windows\\System32\\WindowsPowerShell\\v1.0\\powershell.exe,"\""cmd.exe\"" /c REG QUERY HKEY_LOCAL_MACHINE\\SOFTWARE\\Microsoft\\Cryptography /v MachineGuid","\""cmd.exe\"" /c REG QUERY HKEY_LOCAL_MACHINE\SOFTWARE\Microsoft\Cryptography /v MachineGuid",
2026-08-06T06:48:46.089+0000,1,attack,T1082,baseline,20260806-064706-attack-r2,92052,cmd-spawned-by-nonshell-parent,4,Windows command prompt started by an abnormal process,T1059.003,C:\\Windows\\System32\\cmd.exe,C:\\Windows\\System32\\WindowsPowerShell\\v1.0\\powershell.exe,"\""cmd.exe\"" /c set","\""cmd.exe\"" /c set",
2026-08-06T06:48:47.957+0000,1,attack,T1082,baseline,20260806-064706-attack-r2,92052,cmd-spawned-by-nonshell-parent,4,Windows command prompt started by an abnormal process,T1059.003,C:\\Windows\\System32\\cmd.exe,C:\\Windows\\System32\\WindowsPowerShell\\v1.0\\powershell.exe,"\""cmd.exe\"" /c wmic cpu get name &amp; wmic MEMPHYSICAL get MaxCapacity &amp; wmic baseboard get product &amp; wmic baseboard get version &amp; wmic bios get SMBIOSBIOSVersion &amp; wmic path win32_VideoController get name &amp; wmic path win32_VideoController get DriverVersion &amp; wmic path win32_VideoController get VideoModeDescription &amp; wmic OS get Caption,OSArchitecture,Version &amp; wmic DISKDRIVE get Caption &amp; Get-WmiObject win32_bios","\""cmd.exe\"" /c wmic cpu get name &amp; wmic MEMPHYSICAL get MaxCapacity &amp; wmic baseboard get product &amp; wmic baseboard get version &amp; wmic bios get SMBIOSBIOSVersion &amp; wmic path win32_VideoController get name &amp; wmic path win32_VideoController get DriverVersion &amp; wmic path win32_VideoController get VideoModeDescription &amp; wmic OS get Caption,OSArchitecture,Version &amp; wmic DISKDRIVE get Caption &amp; Get-WmiObject win32_bios",
2026-08-06T06:48:47.959+0000,1,attack,T1082,baseline,20260806-064706-attack-r2,92032,92032,3,Suspicious Windows cmd shell execution,T1087;T1059.003,C:\\Windows\\System32\\wbem\\WMIC.exe,C:\\Windows\\System32\\cmd.exe,wmic  cpu get name,wmic  cpu get name,
2026-08-06T06:48:47.980+0000,1,attack,T1082,baseline,20260806-064706-attack-r2,92032,92032,3,Suspicious Windows cmd shell execution,T1087;T1059.003,C:\\Windows\\System32\\wbem\\WMIC.exe,C:\\Windows\\System32\\cmd.exe,wmic  MEMPHYSICAL get MaxCapacity,wmic  MEMPHYSICAL get MaxCapacity,
2026-08-06T06:48:48.015+0000,1,attack,T1082,baseline,20260806-064706-attack-r2,92032,92032,3,Suspicious Windows cmd shell execution,T1087;T1059.003,C:\\Windows\\System32\\wbem\\WMIC.exe,C:\\Windows\\System32\\cmd.exe,wmic  baseboard get product,wmic  baseboard get product,
2026-08-06T06:48:48.038+0000,1,attack,T1082,baseline,20260806-064706-attack-r2,92032,92032,3,Suspicious Windows cmd shell execution,T1087;T1059.003,C:\\Windows\\System32\\wbem\\WMIC.exe,C:\\Windows\\System32\\cmd.exe,wmic  baseboard get version,wmic  baseboard get version,
2026-08-06T06:48:49.067+0000,1,attack,T1082,baseline,20260806-064706-attack-r2,92032,92032,3,Suspicious Windows cmd shell execution,T1087;T1059.003,C:\\Windows\\System32\\wbem\\WMIC.exe,C:\\Windows\\System32\\cmd.exe,wmic  bios get SMBIOSBIOSVersion,wmic  bios get SMBIOSBIOSVersion,
2026-08-06T06:48:49.070+0000,1,attack,T1082,baseline,20260806-064706-attack-r2,92032,92032,3,Suspicious Windows cmd shell execution,T1087;T1059.003,C:\\Windows\\System32\\wbem\\WMIC.exe,C:\\Windows\\System32\\cmd.exe,wmic  path win32_VideoController get name,wmic  path win32_VideoController get name,
2026-08-06T06:48:49.095+0000,1,attack,T1082,baseline,20260806-064706-attack-r2,92032,92032,3,Suspicious Windows cmd shell execution,T1087;T1059.003,C:\\Windows\\System32\\wbem\\WMIC.exe,C:\\Windows\\System32\\cmd.exe,wmic  path win32_VideoController get DriverVersion,wmic  path win32_VideoController get DriverVersion,
2026-08-06T06:48:49.131+0000,1,attack,T1082,baseline,20260806-064706-attack-r2,92032,92032,3,Suspicious Windows cmd shell execution,T1087;T1059.003,C:\\Windows\\System32\\wbem\\WMIC.exe,C:\\Windows\\System32\\cmd.exe,wmic  path win32_VideoController get VideoModeDescription,wmic  path win32_VideoController get VideoModeDescription,
2026-08-06T06:48:49.143+0000,1,attack,T1082,baseline,20260806-064706-attack-r2,92032,92032,3,Suspicious Windows cmd shell execution,T1087;T1059.003,C:\\Windows\\System32\\wbem\\WMIC.exe,C:\\Windows\\System32\\cmd.exe,"wmic  OS get Caption,OSArchitecture,Version","wmic  OS get Caption,OSArchitecture,Version",
2026-08-06T06:49:12.192+0000,1,attack,T1082,baseline,20260806-064706-attack-r2,92032,92032,3,Suspicious Windows cmd shell execution,T1087;T1059.003,C:\\Windows\\System32\\wbem\\WMIC.exe,C:\\Windows\\System32\\cmd.exe,wmic  DISKDRIVE get Caption,wmic  DISKDRIVE get Caption,
2026-08-06T06:49:13.513+0000,1,attack,T1082,baseline,20260806-064706-attack-r2,92052,cmd-spawned-by-nonshell-parent,4,Windows command prompt started by an abnormal process,T1059.003,C:\\Windows\\System32\\cmd.exe,C:\\Windows\\System32\\WindowsPowerShell\\v1.0\\powershell.exe,"\""cmd.exe\"" /c reg query \""HKEY_CURRENT_USER\\Control Panel\\International\\Geo\""","\""cmd.exe\"" /c reg query \""HKEY_CURRENT_USER\Control Panel\International\Geo\""",
2026-08-06T06:49:13.530+0000,1,attack,T1082,baseline,20260806-064706-attack-r2,92052,cmd-spawned-by-nonshell-parent,4,Windows command prompt started by an abnormal process,T1059.003,C:\\Windows\\System32\\cmd.exe,C:\\Windows\\System32\\WindowsPowerShell\\v1.0\\powershell.exe,"\""cmd.exe\"" /c reg query HKEY_LOCAL_MACHINE\\HARDWARE\\DESCRIPTION\\System /v SystemBiosVersion &amp; reg query HKEY_LOCAL_MACHINE\\HARDWARE\\DESCRIPTION\\System /v VideoBiosVersion","\""cmd.exe\"" /c reg query HKEY_LOCAL_MACHINE\HARDWARE\DESCRIPTION\System /v SystemBiosVersion &amp; reg query HKEY_LOCAL_MACHINE\HARDWARE\DESCRIPTION\System /v VideoBiosVersion",
2026-08-06T06:49:14.667+0000,1,attack,T1082,baseline,20260806-064706-attack-r2,92027,92027,4,Powershell process spawned powershell instance,T1059.001,C:\\Windows\\System32\\WindowsPowerShell\\v1.0\\powershell.exe,C:\\Windows\\System32\\WindowsPowerShell\\v1.0\\powershell.exe,"\""powershell.exe\"" &amp; {Get-CimInstance Win32_OperatingSystem | Select-Object Caption, Version, ServicePackMajorVersion, OSArchitecture, CSName, WindowsDirectory | Out-null}","\""powershell.exe\"" &amp; {Get-CimInstance Win32_OperatingSystem | Select-Object Caption, Version, ServicePackMajorVersion, OSArchitecture, CSName, WindowsDirectory | Out-null}",
2026-08-06T06:49:14.681+0000,1,attack,T1082,baseline,20260806-064706-attack-r2,92052,cmd-spawned-by-nonshell-parent,4,Windows command prompt started by an abnormal process,T1059.003,C:\\Windows\\System32\\cmd.exe,C:\\Windows\\System32\\WindowsPowerShell\\v1.0\\powershell.exe,"\""cmd.exe\"" /c ver","\""cmd.exe\"" /c ver",
2026-08-06T06:49:16.248+0000,1,attack,T1082,baseline,20260806-064816-attack-r3,92052,cmd-spawned-by-nonshell-parent,4,Windows command prompt started by an abnormal process,T1059.003,C:\\Windows\\System32\\cmd.exe,C:\\Windows\\System32\\WindowsPowerShell\\v1.0\\powershell.exe,"\""cmd.exe\"" /c vssadmin.exe list shadows","\""cmd.exe\"" /c vssadmin.exe list shadows",
2026-08-06T06:49:16.263+0000,1,attack,T1082,baseline,20260806-064816-attack-r3,92032,92032,3,Suspicious Windows cmd shell execution,T1087;T1059.003,C:\\Windows\\System32\\vssadmin.exe,C:\\Windows\\System32\\cmd.exe,vssadmin.exe  list shadows,vssadmin.exe  list shadows,
2026-08-06T06:49:16.278+0000,1,attack,T1082,baseline,20260806-064816-attack-r3,92052,cmd-spawned-by-nonshell-parent,4,Windows command prompt started by an abnormal process,T1059.003,C:\\Windows\\System32\\cmd.exe,C:\\Windows\\System32\\WindowsPowerShell\\v1.0\\powershell.exe,"\""cmd.exe\"" /c powershell.exe -c \""Get-Culture | Format-List | Out-File -FilePath %%TMP%%\\a.txt\""","\""cmd.exe\"" /c powershell.exe -c \""Get-Culture | Format-List | Out-File -FilePath %%TMP%%\a.txt\""",
2026-08-06T06:49:16.293+0000,1,attack,T1082,baseline,20260806-064816-attack-r3,92032,92032,3,Suspicious Windows cmd shell execution,T1087;T1059.003,C:\\Windows\\System32\\WindowsPowerShell\\v1.0\\powershell.exe,C:\\Windows\\System32\\cmd.exe,"powershell.exe  -c \""Get-Culture | Format-List | Out-File -FilePath C:\\Users\\Basit\\AppData\\Local\\Temp\\a.txt\""","powershell.exe  -c \""Get-Culture | Format-List | Out-File -FilePath C:\Users\Basit\AppData\Local\Temp\a.txt\""",
2026-08-06T06:49:17.639+0000,1,attack,T1082,baseline,20260806-064816-attack-r3,92052,cmd-spawned-by-nonshell-parent,4,Windows command prompt started by an abnormal process,T1059.003,C:\\Windows\\System32\\cmd.exe,C:\\Windows\\System32\\WindowsPowerShell\\v1.0\\powershell.exe,"\""cmd.exe\"" /c powershell.exe -c \""gdr -PSProvider 'FileSystem'\""","\""cmd.exe\"" /c powershell.exe -c \""gdr -PSProvider 'FileSystem'\""",
2026-08-06T06:49:17.640+0000,1,attack,T1082,baseline,20260806-064816-attack-r3,92032,92032,3,Suspicious Windows cmd shell execution,T1087;T1059.003,C:\\Windows\\System32\\WindowsPowerShell\\v1.0\\powershell.exe,C:\\Windows\\System32\\cmd.exe,"powershell.exe  -c \""gdr -PSProvider 'FileSystem'\""","powershell.exe  -c \""gdr -PSProvider 'FileSystem'\""",
2026-08-06T06:49:18.889+0000,1,attack,T1082,baseline,20260806-064816-attack-r3,92052,cmd-spawned-by-nonshell-parent,4,Windows command prompt started by an abnormal process,T1059.003,C:\\Windows\\System32\\cmd.exe,C:\\Windows\\System32\\WindowsPowerShell\\v1.0\\powershell.exe,"\""cmd.exe\"" /c reg query \""HKLM\\SOFTWARE\\Microsoft\\Windows NT\\CurrentVersion\"" /v ProductName","\""cmd.exe\"" /c reg query \""HKLM\SOFTWARE\Microsoft\Windows NT\CurrentVersion\"" /v ProductName",
2026-08-06T06:49:18.921+0000,1,attack,T1082,baseline,20260806-064816-attack-r3,92052,cmd-spawned-by-nonshell-parent,4,Windows command prompt started by an abnormal process,T1059.003,C:\\Windows\\System32\\cmd.exe,C:\\Windows\\System32\\WindowsPowerShell\\v1.0\\powershell.exe,"\""cmd.exe\"" /c reg query \""HKLM\\SOFTWARE\\Microsoft\\Windows NT\\CurrentVersion\"" /v CurrentBuildNumber","\""cmd.exe\"" /c reg query \""HKLM\SOFTWARE\Microsoft\Windows NT\CurrentVersion\"" /v CurrentBuildNumber",
2026-08-06T06:49:21.296+0000,1,attack,T1082,baseline,20260806-064816-attack-r3,61104,61104,3,Service startup type was changed,,,,,,
2026-08-06T06:50:58.789+0000,1,attack,T1082,baseline,20260806-064816-attack-r3,92052,cmd-spawned-by-nonshell-parent,4,Windows command prompt started by an abnormal process,T1059.003,C:\\Windows\\System32\\cmd.exe,C:\\Windows\\System32\\WindowsPowerShell\\v1.0\\powershell.exe,"\""cmd.exe\"" /c systeminfo &amp; reg query HKLM\\SYSTEM\\CurrentControlSet\\Services\\Disk\\Enum","\""cmd.exe\"" /c systeminfo &amp; reg query HKLM\SYSTEM\CurrentControlSet\Services\Disk\Enum",
2026-08-06T06:50:58.822+0000,1,attack,T1082,baseline,20260806-064816-attack-r3,92032,92032,3,Suspicious Windows cmd shell execution,T1087;T1059.003,C:\\Windows\\System32\\systeminfo.exe,C:\\Windows\\System32\\cmd.exe,systeminfo,systeminfo,
2026-08-06T06:51:01.012+0000,1,attack,T1082,baseline,20260806-064816-attack-r3,92052,cmd-spawned-by-nonshell-parent,4,Windows command prompt started by an abnormal process,T1059.003,C:\\Windows\\System32\\cmd.exe,C:\\Windows\\System32\\WindowsPowerShell\\v1.0\\powershell.exe,"\""cmd.exe\"" /c hostname","\""cmd.exe\"" /c hostname",
2026-08-06T06:51:01.023+0000,1,attack,T1082,baseline,20260806-064816-attack-r3,92032,92032,3,Suspicious Windows cmd shell execution,T1087;T1059.003,C:\\Windows\\System32\\HOSTNAME.EXE,C:\\Windows\\System32\\cmd.exe,hostname,hostname,
2026-08-06T06:51:02.026+0000,1,attack,T1082,baseline,20260806-064816-attack-r3,92052,cmd-spawned-by-nonshell-parent,4,Windows command prompt started by an abnormal process,T1059.003,C:\\Windows\\System32\\cmd.exe,C:\\Windows\\System32\\WindowsPowerShell\\v1.0\\powershell.exe,"\""cmd.exe\"" /c REG QUERY HKEY_LOCAL_MACHINE\\SOFTWARE\\Microsoft\\Cryptography /v MachineGuid","\""cmd.exe\"" /c REG QUERY HKEY_LOCAL_MACHINE\SOFTWARE\Microsoft\Cryptography /v MachineGuid",
2026-08-06T06:51:02.039+0000,1,attack,T1082,baseline,20260806-064816-attack-r3,92052,cmd-spawned-by-nonshell-parent,4,Windows command prompt started by an abnormal process,T1059.003,C:\\Windows\\System32\\cmd.exe,C:\\Windows\\System32\\WindowsPowerShell\\v1.0\\powershell.exe,"\""cmd.exe\"" /c set","\""cmd.exe\"" /c set",
2026-08-06T06:51:02.053+0000,1,attack,T1082,baseline,20260806-064816-attack-r3,92052,cmd-spawned-by-nonshell-parent,4,Windows command prompt started by an abnormal process,T1059.003,C:\\Windows\\System32\\cmd.exe,C:\\Windows\\System32\\WindowsPowerShell\\v1.0\\powershell.exe,"\""cmd.exe\"" /c wmic cpu get name &amp; wmic MEMPHYSICAL get MaxCapacity &amp; wmic baseboard get product &amp; wmic baseboard get version &amp; wmic bios get SMBIOSBIOSVersion &amp; wmic path win32_VideoController get name &amp; wmic path win32_VideoController get DriverVersion &amp; wmic path win32_VideoController get VideoModeDescription &amp; wmic OS get Caption,OSArchitecture,Version &amp; wmic DISKDRIVE get Caption &amp; Get-WmiObject win32_bios","\""cmd.exe\"" /c wmic cpu get name &amp; wmic MEMPHYSICAL get MaxCapacity &amp; wmic baseboard get product &amp; wmic baseboard get version &amp; wmic bios get SMBIOSBIOSVersion &amp; wmic path win32_VideoController get name &amp; wmic path win32_VideoController get DriverVersion &amp; wmic path win32_VideoController get VideoModeDescription &amp; wmic OS get Caption,OSArchitecture,Version &amp; wmic DISKDRIVE get Caption &amp; Get-WmiObject win32_bios",
2026-08-06T06:51:02.070+0000,1,attack,T1082,baseline,20260806-064816-attack-r3,92032,92032,3,Suspicious Windows cmd shell execution,T1087;T1059.003,C:\\Windows\\System32\\wbem\\WMIC.exe,C:\\Windows\\System32\\cmd.exe,wmic  cpu get name,wmic  cpu get name,
2026-08-06T06:51:03.065+0000,1,attack,T1082,baseline,20260806-064816-attack-r3,92032,92032,3,Suspicious Windows cmd shell execution,T1087;T1059.003,C:\\Windows\\System32\\wbem\\WMIC.exe,C:\\Windows\\System32\\cmd.exe,wmic  MEMPHYSICAL get MaxCapacity,wmic  MEMPHYSICAL get MaxCapacity,
2026-08-06T06:51:03.068+0000,1,attack,T1082,baseline,20260806-064816-attack-r3,92032,92032,3,Suspicious Windows cmd shell execution,T1087;T1059.003,C:\\Windows\\System32\\wbem\\WMIC.exe,C:\\Windows\\System32\\cmd.exe,wmic  baseboard get product,wmic  baseboard get product,
2026-08-06T06:51:03.080+0000,1,attack,T1082,baseline,20260806-064816-attack-r3,92032,92032,3,Suspicious Windows cmd shell execution,T1087;T1059.003,C:\\Windows\\System32\\wbem\\WMIC.exe,C:\\Windows\\System32\\cmd.exe,wmic  baseboard get version,wmic  baseboard get version,
2026-08-06T06:51:03.126+0000,1,attack,T1082,baseline,20260806-064816-attack-r3,92032,92032,3,Suspicious Windows cmd shell execution,T1087;T1059.003,C:\\Windows\\System32\\wbem\\WMIC.exe,C:\\Windows\\System32\\cmd.exe,wmic  bios get SMBIOSBIOSVersion,wmic  bios get SMBIOSBIOSVersion,
2026-08-06T06:51:03.127+0000,1,attack,T1082,baseline,20260806-064816-attack-r3,92032,92032,3,Suspicious Windows cmd shell execution,T1087;T1059.003,C:\\Windows\\System32\\wbem\\WMIC.exe,C:\\Windows\\System32\\cmd.exe,wmic  path win32_VideoController get name,wmic  path win32_VideoController get name,
2026-08-06T06:51:03.131+0000,1,attack,T1082,baseline,20260806-064816-attack-r3,92032,92032,3,Suspicious Windows cmd shell execution,T1087;T1059.003,C:\\Windows\\System32\\wbem\\WMIC.exe,C:\\Windows\\System32\\cmd.exe,wmic  path win32_VideoController get DriverVersion,wmic  path win32_VideoController get DriverVersion,
2026-08-06T06:51:03.131+0000,1,attack,T1082,baseline,20260806-064816-attack-r3,92032,92032,3,Suspicious Windows cmd shell execution,T1087;T1059.003,C:\\Windows\\System32\\wbem\\WMIC.exe,C:\\Windows\\System32\\cmd.exe,wmic  path win32_VideoController get VideoModeDescription,wmic  path win32_VideoController get VideoModeDescription,
2026-08-06T06:51:03.132+0000,1,attack,T1082,baseline,20260806-064816-attack-r3,92032,92032,3,Suspicious Windows cmd shell execution,T1087;T1059.003,C:\\Windows\\System32\\wbem\\WMIC.exe,C:\\Windows\\System32\\cmd.exe,"wmic  OS get Caption,OSArchitecture,Version","wmic  OS get Caption,OSArchitecture,Version",
2026-08-06T06:51:03.145+0000,1,attack,T1082,baseline,20260806-064816-attack-r3,92032,92032,3,Suspicious Windows cmd shell execution,T1087;T1059.003,C:\\Windows\\System32\\wbem\\WMIC.exe,C:\\Windows\\System32\\cmd.exe,wmic  DISKDRIVE get Caption,wmic  DISKDRIVE get Caption,
2026-08-06T06:51:04.298+0000,1,attack,T1082,baseline,20260806-064816-attack-r3,92052,cmd-spawned-by-nonshell-parent,4,Windows command prompt started by an abnormal process,T1059.003,C:\\Windows\\System32\\cmd.exe,C:\\Windows\\System32\\WindowsPowerShell\\v1.0\\powershell.exe,"\""cmd.exe\"" /c reg query \""HKEY_CURRENT_USER\\Control Panel\\International\\Geo\""","\""cmd.exe\"" /c reg query \""HKEY_CURRENT_USER\Control Panel\International\Geo\""",
2026-08-06T06:51:04.331+0000,1,attack,T1082,baseline,20260806-064816-attack-r3,92052,cmd-spawned-by-nonshell-parent,4,Windows command prompt started by an abnormal process,T1059.003,C:\\Windows\\System32\\cmd.exe,C:\\Windows\\System32\\WindowsPowerShell\\v1.0\\powershell.exe,"\""cmd.exe\"" /c reg query HKEY_LOCAL_MACHINE\\HARDWARE\\DESCRIPTION\\System /v SystemBiosVersion &amp; reg query HKEY_LOCAL_MACHINE\\HARDWARE\\DESCRIPTION\\System /v VideoBiosVersion","\""cmd.exe\"" /c reg query HKEY_LOCAL_MACHINE\HARDWARE\DESCRIPTION\System /v SystemBiosVersion &amp; reg query HKEY_LOCAL_MACHINE\HARDWARE\DESCRIPTION\System /v VideoBiosVersion",
2026-08-06T06:51:04.381+0000,1,attack,T1082,baseline,20260806-064816-attack-r3,92027,92027,4,Powershell process spawned powershell instance,T1059.001,C:\\Windows\\System32\\WindowsPowerShell\\v1.0\\powershell.exe,C:\\Windows\\System32\\WindowsPowerShell\\v1.0\\powershell.exe,"\""powershell.exe\"" &amp; {Get-CimInstance Win32_OperatingSystem | Select-Object Caption, Version, ServicePackMajorVersion, OSArchitecture, CSName, WindowsDirectory | Out-null}","\""powershell.exe\"" &amp; {Get-CimInstance Win32_OperatingSystem | Select-Object Caption, Version, ServicePackMajorVersion, OSArchitecture, CSName, WindowsDirectory | Out-null}",
2026-08-06T06:51:05.534+0000,1,attack,T1082,baseline,20260806-064816-attack-r3,92052,cmd-spawned-by-nonshell-parent,4,Windows command prompt started by an abnormal process,T1059.003,C:\\Windows\\System32\\cmd.exe,C:\\Windows\\System32\\WindowsPowerShell\\v1.0\\powershell.exe,"\""cmd.exe\"" /c ver","\""cmd.exe\"" /c ver",
2026-08-06T06:51:05.536+0000,1,attack,T1082,baseline,20260806-064816-attack-r3,92052,cmd-spawned-by-nonshell-parent,4,Windows command prompt started by an abnormal process,T1059.003,C:\\Windows\\System32\\cmd.exe,C:\\Windows\\System32\\WindowsPowerShell\\v1.0\\powershell.exe,"\""cmd.exe\"" /c vssadmin.exe list shadows","\""cmd.exe\"" /c vssadmin.exe list shadows",
2026-08-06T06:51:05.548+0000,1,attack,T1082,baseline,20260806-064816-attack-r3,92032,92032,3,Suspicious Windows cmd shell execution,T1087;T1059.003,C:\\Windows\\System32\\vssadmin.exe,C:\\Windows\\System32\\cmd.exe,vssadmin.exe  list shadows,vssadmin.exe  list shadows,
2026-08-06T06:51:05.564+0000,1,attack,T1082,baseline,20260806-064816-attack-r3,92052,cmd-spawned-by-nonshell-parent,4,Windows command prompt started by an abnormal process,T1059.003,C:\\Windows\\System32\\cmd.exe,C:\\Windows\\System32\\WindowsPowerShell\\v1.0\\powershell.exe,"\""cmd.exe\"" /c powershell.exe -c \""Get-Culture | Format-List | Out-File -FilePath %%TMP%%\\a.txt\""","\""cmd.exe\"" /c powershell.exe -c \""Get-Culture | Format-List | Out-File -FilePath %%TMP%%\a.txt\""",
2026-08-06T06:51:05.580+0000,1,attack,T1082,baseline,20260806-064816-attack-r3,92032,92032,3,Suspicious Windows cmd shell execution,T1087;T1059.003,C:\\Windows\\System32\\WindowsPowerShell\\v1.0\\powershell.exe,C:\\Windows\\System32\\cmd.exe,"powershell.exe  -c \""Get-Culture | Format-List | Out-File -FilePath C:\\Users\\Basit\\AppData\\Local\\Temp\\a.txt\""","powershell.exe  -c \""Get-Culture | Format-List | Out-File -FilePath C:\Users\Basit\AppData\Local\Temp\a.txt\""",
2026-08-06T06:51:06.807+0000,1,attack,T1082,baseline,20260806-064816-attack-r3,92052,cmd-spawned-by-nonshell-parent,4,Windows command prompt started by an abnormal process,T1059.003,C:\\Windows\\System32\\cmd.exe,C:\\Windows\\System32\\WindowsPowerShell\\v1.0\\powershell.exe,"\""cmd.exe\"" /c powershell.exe -c \""gdr -PSProvider 'FileSystem'\""","\""cmd.exe\"" /c powershell.exe -c \""gdr -PSProvider 'FileSystem'\""",
2026-08-06T06:51:06.808+0000,1,attack,T1082,baseline,20260806-064816-attack-r3,92032,92032,3,Suspicious Windows cmd shell execution,T1087;T1059.003,C:\\Windows\\System32\\WindowsPowerShell\\v1.0\\powershell.exe,C:\\Windows\\System32\\cmd.exe,"powershell.exe  -c \""gdr -PSProvider 'FileSystem'\""","powershell.exe  -c \""gdr -PSProvider 'FileSystem'\""",
2026-08-06T06:51:06.833+0000,1,attack,T1082,baseline,20260806-064816-attack-r3,92052,cmd-spawned-by-nonshell-parent,4,Windows command prompt started by an abnormal process,T1059.003,C:\\Windows\\System32\\cmd.exe,C:\\Windows\\System32\\WindowsPowerShell\\v1.0\\powershell.exe,"\""cmd.exe\"" /c reg query \""HKLM\\SOFTWARE\\Microsoft\\Windows NT\\CurrentVersion\"" /v ProductName","\""cmd.exe\"" /c reg query \""HKLM\SOFTWARE\Microsoft\Windows NT\CurrentVersion\"" /v ProductName",
2026-08-06T06:51:07.976+0000,1,attack,T1082,baseline,20260806-064816-attack-r3,92052,cmd-spawned-by-nonshell-parent,4,Windows command prompt started by an abnormal process,T1059.003,C:\\Windows\\System32\\cmd.exe,C:\\Windows\\System32\\WindowsPowerShell\\v1.0\\powershell.exe,"\""cmd.exe\"" /c reg query \""HKLM\\SOFTWARE\\Microsoft\\Windows NT\\CurrentVersion\"" /v CurrentBuildNumber","\""cmd.exe\"" /c reg query \""HKLM\SOFTWARE\Microsoft\Windows NT\CurrentVersion\"" /v CurrentBuildNumber",
2026-08-06T06:51:25.897+0000,1,attack,T1082,baseline,20260806-065039-attack-r4,61104,61104,3,Service startup type was changed,,,,,,
2026-08-06T06:52:40.312+0000,1,attack,T1082,baseline,20260806-065039-attack-r4,92052,cmd-spawned-by-nonshell-parent,4,Windows command prompt started by an abnormal process,T1059.003,C:\\Windows\\System32\\cmd.exe,C:\\Windows\\System32\\WindowsPowerShell\\v1.0\\powershell.exe,"\""cmd.exe\"" /c systeminfo &amp; reg query HKLM\\SYSTEM\\CurrentControlSet\\Services\\Disk\\Enum","\""cmd.exe\"" /c systeminfo &amp; reg query HKLM\SYSTEM\CurrentControlSet\Services\Disk\Enum",
2026-08-06T06:52:40.327+0000,1,attack,T1082,baseline,20260806-065039-attack-r4,92032,92032,3,Suspicious Windows cmd shell execution,T1087;T1059.003,C:\\Windows\\System32\\systeminfo.exe,C:\\Windows\\System32\\cmd.exe,systeminfo,systeminfo,
2026-08-06T06:52:42.449+0000,1,attack,T1082,baseline,20260806-065039-attack-r4,92052,cmd-spawned-by-nonshell-parent,4,Windows command prompt started by an abnormal process,T1059.003,C:\\Windows\\System32\\cmd.exe,C:\\Windows\\System32\\WindowsPowerShell\\v1.0\\powershell.exe,"\""cmd.exe\"" /c hostname","\""cmd.exe\"" /c hostname",
2026-08-06T06:52:42.468+0000,1,attack,T1082,baseline,20260806-065039-attack-r4,92032,92032,3,Suspicious Windows cmd shell execution,T1087;T1059.003,C:\\Windows\\System32\\HOSTNAME.EXE,C:\\Windows\\System32\\cmd.exe,hostname,hostname,
2026-08-06T06:52:43.527+0000,1,attack,T1082,baseline,20260806-065039-attack-r4,92052,cmd-spawned-by-nonshell-parent,4,Windows command prompt started by an abnormal process,T1059.003,C:\\Windows\\System32\\cmd.exe,C:\\Windows\\System32\\WindowsPowerShell\\v1.0\\powershell.exe,"\""cmd.exe\"" /c REG QUERY HKEY_LOCAL_MACHINE\\SOFTWARE\\Microsoft\\Cryptography /v MachineGuid","\""cmd.exe\"" /c REG QUERY HKEY_LOCAL_MACHINE\SOFTWARE\Microsoft\Cryptography /v MachineGuid",
2026-08-06T06:52:43.547+0000,1,attack,T1082,baseline,20260806-065039-attack-r4,92052,cmd-spawned-by-nonshell-parent,4,Windows command prompt started by an abnormal process,T1059.003,C:\\Windows\\System32\\cmd.exe,C:\\Windows\\System32\\WindowsPowerShell\\v1.0\\powershell.exe,"\""cmd.exe\"" /c set","\""cmd.exe\"" /c set",
2026-08-06T06:52:43.570+0000,1,attack,T1082,baseline,20260806-065039-attack-r4,92052,cmd-spawned-by-nonshell-parent,4,Windows command prompt started by an abnormal process,T1059.003,C:\\Windows\\System32\\cmd.exe,C:\\Windows\\System32\\WindowsPowerShell\\v1.0\\powershell.exe,"\""cmd.exe\"" /c wmic cpu get name &amp; wmic MEMPHYSICAL get MaxCapacity &amp; wmic baseboard get product &amp; wmic baseboard get version &amp; wmic bios get SMBIOSBIOSVersion &amp; wmic path win32_VideoController get name &amp; wmic path win32_VideoController get DriverVersion &amp; wmic path win32_VideoController get VideoModeDescription &amp; wmic OS get Caption,OSArchitecture,Version &amp; wmic DISKDRIVE get Caption &amp; Get-WmiObject win32_bios","\""cmd.exe\"" /c wmic cpu get name &amp; wmic MEMPHYSICAL get MaxCapacity &amp; wmic baseboard get product &amp; wmic baseboard get version &amp; wmic bios get SMBIOSBIOSVersion &amp; wmic path win32_VideoController get name &amp; wmic path win32_VideoController get DriverVersion &amp; wmic path win32_VideoController get VideoModeDescription &amp; wmic OS get Caption,OSArchitecture,Version &amp; wmic DISKDRIVE get Caption &amp; Get-WmiObject win32_bios",
2026-08-06T06:52:43.586+0000,1,attack,T1082,baseline,20260806-065039-attack-r4,92032,92032,3,Suspicious Windows cmd shell execution,T1087;T1059.003,C:\\Windows\\System32\\wbem\\WMIC.exe,C:\\Windows\\System32\\cmd.exe,wmic  cpu get name,wmic  cpu get name,
2026-08-06T06:52:43.602+0000,1,attack,T1082,baseline,20260806-065039-attack-r4,92032,92032,3,Suspicious Windows cmd shell execution,T1087;T1059.003,C:\\Windows\\System32\\wbem\\WMIC.exe,C:\\Windows\\System32\\cmd.exe,wmic  MEMPHYSICAL get MaxCapacity,wmic  MEMPHYSICAL get MaxCapacity,
2026-08-06T06:52:44.575+0000,1,attack,T1082,baseline,20260806-065039-attack-r4,92032,92032,3,Suspicious Windows cmd shell execution,T1087;T1059.003,C:\\Windows\\System32\\wbem\\WMIC.exe,C:\\Windows\\System32\\cmd.exe,wmic  baseboard get product,wmic  baseboard get product,
2026-08-06T06:52:44.581+0000,1,attack,T1082,baseline,20260806-065039-attack-r4,92032,92032,3,Suspicious Windows cmd shell execution,T1087;T1059.003,C:\\Windows\\System32\\wbem\\WMIC.exe,C:\\Windows\\System32\\cmd.exe,wmic  baseboard get version,wmic  baseboard get version,
2026-08-06T06:52:44.599+0000,1,attack,T1082,baseline,20260806-065039-attack-r4,92032,92032,3,Suspicious Windows cmd shell execution,T1087;T1059.003,C:\\Windows\\System32\\wbem\\WMIC.exe,C:\\Windows\\System32\\cmd.exe,wmic  bios get SMBIOSBIOSVersion,wmic  bios get SMBIOSBIOSVersion,
2026-08-06T06:52:44.617+0000,1,attack,T1082,baseline,20260806-065039-attack-r4,92032,92032,3,Suspicious Windows cmd shell execution,T1087;T1059.003,C:\\Windows\\System32\\wbem\\WMIC.exe,C:\\Windows\\System32\\cmd.exe,wmic  path win32_VideoController get name,wmic  path win32_VideoController get name,
2026-08-06T06:52:44.633+0000,1,attack,T1082,baseline,20260806-065039-attack-r4,92032,92032,3,Suspicious Windows cmd shell execution,T1087;T1059.003,C:\\Windows\\System32\\wbem\\WMIC.exe,C:\\Windows\\System32\\cmd.exe,wmic  path win32_VideoController get DriverVersion,wmic  path win32_VideoController get DriverVersion,
2026-08-06T06:52:44.653+0000,1,attack,T1082,baseline,20260806-065039-attack-r4,92032,92032,3,Suspicious Windows cmd shell execution,T1087;T1059.003,C:\\Windows\\System32\\wbem\\WMIC.exe,C:\\Windows\\System32\\cmd.exe,wmic  path win32_VideoController get VideoModeDescription,wmic  path win32_VideoController get VideoModeDescription,
2026-08-06T06:52:44.679+0000,1,attack,T1082,baseline,20260806-065039-attack-r4,92032,92032,3,Suspicious Windows cmd shell execution,T1087;T1059.003,C:\\Windows\\System32\\wbem\\WMIC.exe,C:\\Windows\\System32\\cmd.exe,"wmic  OS get Caption,OSArchitecture,Version","wmic  OS get Caption,OSArchitecture,Version",
2026-08-06T06:52:44.711+0000,1,attack,T1082,baseline,20260806-065039-attack-r4,92032,92032,3,Suspicious Windows cmd shell execution,T1087;T1059.003,C:\\Windows\\System32\\wbem\\WMIC.exe,C:\\Windows\\System32\\cmd.exe,wmic  DISKDRIVE get Caption,wmic  DISKDRIVE get Caption,
2026-08-06T06:52:44.712+0000,1,attack,T1082,baseline,20260806-065039-attack-r4,92052,cmd-spawned-by-nonshell-parent,4,Windows command prompt started by an abnormal process,T1059.003,C:\\Windows\\System32\\cmd.exe,C:\\Windows\\System32\\WindowsPowerShell\\v1.0\\powershell.exe,"\""cmd.exe\"" /c reg query \""HKEY_CURRENT_USER\\Control Panel\\International\\Geo\""","\""cmd.exe\"" /c reg query \""HKEY_CURRENT_USER\Control Panel\International\Geo\""",
2026-08-06T06:52:45.919+0000,1,attack,T1082,baseline,20260806-065039-attack-r4,92052,cmd-spawned-by-nonshell-parent,4,Windows command prompt started by an abnormal process,T1059.003,C:\\Windows\\System32\\cmd.exe,C:\\Windows\\System32\\WindowsPowerShell\\v1.0\\powershell.exe,"\""cmd.exe\"" /c reg query HKEY_LOCAL_MACHINE\\HARDWARE\\DESCRIPTION\\System /v SystemBiosVersion &amp; reg query HKEY_LOCAL_MACHINE\\HARDWARE\\DESCRIPTION\\System /v VideoBiosVersion","\""cmd.exe\"" /c reg query HKEY_LOCAL_MACHINE\HARDWARE\DESCRIPTION\System /v SystemBiosVersion &amp; reg query HKEY_LOCAL_MACHINE\HARDWARE\DESCRIPTION\System /v VideoBiosVersion",
2026-08-06T06:52:45.951+0000,1,attack,T1082,baseline,20260806-065039-attack-r4,92027,92027,4,Powershell process spawned powershell instance,T1059.001,C:\\Windows\\System32\\WindowsPowerShell\\v1.0\\powershell.exe,C:\\Windows\\System32\\WindowsPowerShell\\v1.0\\powershell.exe,"\""powershell.exe\"" &amp; {Get-CimInstance Win32_OperatingSystem | Select-Object Caption, Version, ServicePackMajorVersion, OSArchitecture, CSName, WindowsDirectory | Out-null}","\""powershell.exe\"" &amp; {Get-CimInstance Win32_OperatingSystem | Select-Object Caption, Version, ServicePackMajorVersion, OSArchitecture, CSName, WindowsDirectory | Out-null}",
2026-08-06T06:52:47.237+0000,1,attack,T1082,baseline,20260806-065039-attack-r4,92052,cmd-spawned-by-nonshell-parent,4,Windows command prompt started by an abnormal process,T1059.003,C:\\Windows\\System32\\cmd.exe,C:\\Windows\\System32\\WindowsPowerShell\\v1.0\\powershell.exe,"\""cmd.exe\"" /c ver","\""cmd.exe\"" /c ver",
2026-08-06T06:52:47.258+0000,1,attack,T1082,baseline,20260806-065039-attack-r4,92032,92032,3,Suspicious Windows cmd shell execution,T1087;T1059.003,C:\\Windows\\System32\\vssadmin.exe,C:\\Windows\\System32\\cmd.exe,vssadmin.exe  list shadows,vssadmin.exe  list shadows,
2026-08-06T06:52:47.259+0000,1,attack,T1082,baseline,20260806-065039-attack-r4,92052,cmd-spawned-by-nonshell-parent,4,Windows command prompt started by an abnormal process,T1059.003,C:\\Windows\\System32\\cmd.exe,C:\\Windows\\System32\\WindowsPowerShell\\v1.0\\powershell.exe,"\""cmd.exe\"" /c vssadmin.exe list shadows","\""cmd.exe\"" /c vssadmin.exe list shadows",
2026-08-06T06:52:47.274+0000,1,attack,T1082,baseline,20260806-065039-attack-r4,92052,cmd-spawned-by-nonshell-parent,4,Windows command prompt started by an abnormal process,T1059.003,C:\\Windows\\System32\\cmd.exe,C:\\Windows\\System32\\WindowsPowerShell\\v1.0\\powershell.exe,"\""cmd.exe\"" /c powershell.exe -c \""Get-Culture | Format-List | Out-File -FilePath %%TMP%%\\a.txt\""","\""cmd.exe\"" /c powershell.exe -c \""Get-Culture | Format-List | Out-File -FilePath %%TMP%%\a.txt\""",
2026-08-06T06:52:47.291+0000,1,attack,T1082,baseline,20260806-065039-attack-r4,92032,92032,3,Suspicious Windows cmd shell execution,T1087;T1059.003,C:\\Windows\\System32\\WindowsPowerShell\\v1.0\\powershell.exe,C:\\Windows\\System32\\cmd.exe,"powershell.exe  -c \""Get-Culture | Format-List | Out-File -FilePath C:\\Users\\Basit\\AppData\\Local\\Temp\\a.txt\""","powershell.exe  -c \""Get-Culture | Format-List | Out-File -FilePath C:\Users\Basit\AppData\Local\Temp\a.txt\""",
2026-08-06T06:52:48.580+0000,1,attack,T1082,baseline,20260806-065039-attack-r4,92052,cmd-spawned-by-nonshell-parent,4,Windows command prompt started by an abnormal process,T1059.003,C:\\Windows\\System32\\cmd.exe,C:\\Windows\\System32\\WindowsPowerShell\\v1.0\\powershell.exe,"\""cmd.exe\"" /c powershell.exe -c \""gdr -PSProvider 'FileSystem'\""","\""cmd.exe\"" /c powershell.exe -c \""gdr -PSProvider 'FileSystem'\""",
2026-08-06T06:52:48.580+0000,1,attack,T1082,baseline,20260806-065039-attack-r4,92032,92032,3,Suspicious Windows cmd shell execution,T1087;T1059.003,C:\\Windows\\System32\\WindowsPowerShell\\v1.0\\powershell.exe,C:\\Windows\\System32\\cmd.exe,"powershell.exe  -c \""gdr -PSProvider 'FileSystem'\""","powershell.exe  -c \""gdr -PSProvider 'FileSystem'\""",
2026-08-06T06:52:49.582+0000,1,attack,T1082,baseline,20260806-065039-attack-r4,92052,cmd-spawned-by-nonshell-parent,4,Windows command prompt started by an abnormal process,T1059.003,C:\\Windows\\System32\\cmd.exe,C:\\Windows\\System32\\WindowsPowerShell\\v1.0\\powershell.exe,"\""cmd.exe\"" /c reg query \""HKLM\\SOFTWARE\\Microsoft\\Windows NT\\CurrentVersion\"" /v ProductName","\""cmd.exe\"" /c reg query \""HKLM\SOFTWARE\Microsoft\Windows NT\CurrentVersion\"" /v ProductName",
2026-08-06T06:52:49.595+0000,1,attack,T1082,baseline,20260806-065039-attack-r4,92052,cmd-spawned-by-nonshell-parent,4,Windows command prompt started by an abnormal process,T1059.003,C:\\Windows\\System32\\cmd.exe,C:\\Windows\\System32\\WindowsPowerShell\\v1.0\\powershell.exe,"\""cmd.exe\"" /c reg query \""HKLM\\SOFTWARE\\Microsoft\\Windows NT\\CurrentVersion\"" /v CurrentBuildNumber","\""cmd.exe\"" /c reg query \""HKLM\SOFTWARE\Microsoft\Windows NT\CurrentVersion\"" /v CurrentBuildNumber",
2026-08-06T06:55:46.471+0000,0,unlabelled,,,,60702,60702,5,The VSS service is shutting down due to idle timeout.,,,,,,
2026-08-06T07:05:47.151+0000,0,unlabelled,,,,61104,61104,3,Service startup type was changed,,,,,,
2026-08-06T07:06:14.284+0000,0,unlabelled,,,,60642,60642,3,Software protection service scheduled successfully.,,,,,,
2026-08-06T07:06:15.251+0000,0,unlabelled,,,,60608,60608,4,Summary event of the report's signatures.,,,,,,
2026-08-06T07:06:15.258+0000,0,unlabelled,,,,60608,60608,4,Summary event of the report's signatures.,,,,,,
2026-08-06T07:06:15.478+0000,0,unlabelled,,,,60608,60608,4,Summary event of the report's signatures.,,,,,,
2026-08-06T07:06:15.484+0000,0,unlabelled,,,,60608,60608,4,Summary event of the report's signatures.,,,,,,
2026-08-06T07:06:16.488+0000,0,unlabelled,,,,61104,61104,3,Service startup type was changed,,,,,,
2026-08-06T07:06:16.491+0000,0,unlabelled,,,,61104,61104,3,Service startup type was changed,,,,,,
2026-08-06T07:06:16.542+0000,0,unlabelled,,,,61102,61102,5,Windows System error event,,,,,,
2026-08-06T07:06:18.144+0000,0,unlabelled,,,,60608,60608,4,Summary event of the report's signatures.,,,,,,
2026-08-06T07:06:19.424+0000,0,unlabelled,,,,60608,60608,4,Summary event of the report's signatures.,,,,,,
2026-08-06T07:08:20.239+0000,0,unlabelled,,,,92219,92219,6,Possible DLL search order hijack by C:\\Windows\\SoftwareDistribution\\Download\\4d66174c828f4fab25d44eca6778ab4c\\Metadata\\UpdateAgent.dll created in Windows root folder,T1574.001;T1574.002,C:\\Windows\\system32\\svchost.exe,,,,C:\\Windows\\SoftwareDistribution\\Download\\4d66174c828f4fab25d44eca6778ab4c\\Metadata\\UpdateAgent.dll
2026-08-06T07:08:20.243+0000,0,unlabelled,,,,92219,92219,6,Possible DLL search order hijack by C:\\Windows\\SoftwareDistribution\\Download\\4d66174c828f4fab25d44eca6778ab4c\\Metadata\\dpx.dll created in Windows root folder,T1574.001;T1574.002,C:\\Windows\\system32\\svchost.exe,,,,C:\\Windows\\SoftwareDistribution\\Download\\4d66174c828f4fab25d44eca6778ab4c\\Metadata\\dpx.dll
2026-08-06T07:08:20.251+0000,0,unlabelled,,,,92219,92219,6,Possible DLL search order hijack by C:\\Windows\\SoftwareDistribution\\Download\\4d66174c828f4fab25d44eca6778ab4c\\Metadata\\Mitigation.dll created in Windows root folder,T1574.001;T1574.002,C:\\Windows\\system32\\svchost.exe,,,,C:\\Windows\\SoftwareDistribution\\Download\\4d66174c828f4fab25d44eca6778ab4c\\Metadata\\Mitigation.dll
2026-08-06T07:08:20.269+0000,0,unlabelled,,,,92219,92219,6,Possible DLL search order hijack by C:\\Windows\\SoftwareDistribution\\Download\\4d66174c828f4fab25d44eca6778ab4c\\Metadata\\UAOneSettings.dll created in Windows root folder,T1574.001;T1574.002,C:\\Windows\\system32\\svchost.exe,,,,C:\\Windows\\SoftwareDistribution\\Download\\4d66174c828f4fab25d44eca6778ab4c\\Metadata\\UAOneSettings.dll
2026-08-06T07:08:20.284+0000,0,unlabelled,,,,92219,92219,6,Possible DLL search order hijack by C:\\Windows\\SoftwareDistribution\\Download\\4d66174c828f4fab25d44eca6778ab4c\\Metadata\\wcp.dll created in Windows root folder,T1574.001;T1574.002,C:\\Windows\\system32\\svchost.exe,,,,C:\\Windows\\SoftwareDistribution\\Download\\4d66174c828f4fab25d44eca6778ab4c\\Metadata\\wcp.dll
2026-08-06T07:08:20.303+0000,0,unlabelled,,,,92219,92219,6,Possible DLL search order hijack by C:\\Windows\\SoftwareDistribution\\Download\\4d66174c828f4fab25d44eca6778ab4c\\Metadata\\TurboStack.dll created in Windows root folder,T1574.001;T1574.002,C:\\Windows\\system32\\svchost.exe,,,,C:\\Windows\\SoftwareDistribution\\Download\\4d66174c828f4fab25d44eca6778ab4c\\Metadata\\TurboStack.dll
2026-08-06T07:08:20.318+0000,0,unlabelled,,,,92219,92219,6,Possible DLL search order hijack by C:\\Windows\\SoftwareDistribution\\Download\\4d66174c828f4fab25d44eca6778ab4c\\Metadata\\ReserveManager.dll created in Windows root folder,T1574.001;T1574.002,C:\\Windows\\system32\\svchost.exe,,,,C:\\Windows\\SoftwareDistribution\\Download\\4d66174c828f4fab25d44eca6778ab4c\\Metadata\\ReserveManager.dll
2026-08-06T07:08:20.365+0000,0,unlabelled,,,,92219,92219,6,Possible DLL search order hijack by C:\\Windows\\SoftwareDistribution\\Download\\4d66174c828f4fab25d44eca6778ab4c\\Metadata\\WinREAgent.dll created in Windows root folder,T1574.001;T1574.002,C:\\Windows\\system32\\svchost.exe,,,,C:\\Windows\\SoftwareDistribution\\Download\\4d66174c828f4fab25d44eca6778ab4c\\Metadata\\WinREAgent.dll
2026-08-06T07:08:31.487+0000,0,unlabelled,,,,60642,60642,3,Software protection service scheduled successfully.,,,,,,
2026-08-06T07:08:44.061+0000,0,unlabelled,,,,92219,92219,6,Possible DLL search order hijack by C:\\Windows\\SoftwareDistribution\\Download\\4d66174c828f4fab25d44eca6778ab4c\\Metadata\\UpdateAgent.dll created in Windows root folder,T1574.001;T1574.002,C:\\Windows\\system32\\svchost.exe,,,,C:\\Windows\\SoftwareDistribution\\Download\\4d66174c828f4fab25d44eca6778ab4c\\Metadata\\UpdateAgent.dll
2026-08-06T07:08:44.064+0000,0,unlabelled,,,,92219,92219,6,Possible DLL search order hijack by C:\\Windows\\SoftwareDistribution\\Download\\4d66174c828f4fab25d44eca6778ab4c\\Metadata\\dpx.dll created in Windows root folder,T1574.001;T1574.002,C:\\Windows\\system32\\svchost.exe,,,,C:\\Windows\\SoftwareDistribution\\Download\\4d66174c828f4fab25d44eca6778ab4c\\Metadata\\dpx.dll
2026-08-06T07:08:44.064+0000,0,unlabelled,,,,92219,92219,6,Possible DLL search order hijack by C:\\Windows\\SoftwareDistribution\\Download\\4d66174c828f4fab25d44eca6778ab4c\\Metadata\\Mitigation.dll created in Windows root folder,T1574.001;T1574.002,C:\\Windows\\system32\\svchost.exe,,,,C:\\Windows\\SoftwareDistribution\\Download\\4d66174c828f4fab25d44eca6778ab4c\\Metadata\\Mitigation.dll
2026-08-06T07:08:44.087+0000,0,unlabelled,,,,92219,92219,6,Possible DLL search order hijack by C:\\Windows\\SoftwareDistribution\\Download\\4d66174c828f4fab25d44eca6778ab4c\\Metadata\\UAOneSettings.dll created in Windows root folder,T1574.001;T1574.002,C:\\Windows\\system32\\svchost.exe,,,,C:\\Windows\\SoftwareDistribution\\Download\\4d66174c828f4fab25d44eca6778ab4c\\Metadata\\UAOneSettings.dll
2026-08-06T07:08:44.104+0000,0,unlabelled,,,,92219,92219,6,Possible DLL search order hijack by C:\\Windows\\SoftwareDistribution\\Download\\4d66174c828f4fab25d44eca6778ab4c\\Metadata\\wcp.dll created in Windows root folder,T1574.001;T1574.002,C:\\Windows\\system32\\svchost.exe,,,,C:\\Windows\\SoftwareDistribution\\Download\\4d66174c828f4fab25d44eca6778ab4c\\Metadata\\wcp.dll
2026-08-06T07:08:44.123+0000,0,unlabelled,,,,92219,92219,6,Possible DLL search order hijack by C:\\Windows\\SoftwareDistribution\\Download\\4d66174c828f4fab25d44eca6778ab4c\\Metadata\\TurboStack.dll created in Windows root folder,T1574.001;T1574.002,C:\\Windows\\system32\\svchost.exe,,,,C:\\Windows\\SoftwareDistribution\\Download\\4d66174c828f4fab25d44eca6778ab4c\\Metadata\\TurboStack.dll
2026-08-06T07:08:44.149+0000,0,unlabelled,,,,92219,92219,6,Possible DLL search order hijack by C:\\Windows\\SoftwareDistribution\\Download\\4d66174c828f4fab25d44eca6778ab4c\\Metadata\\ReserveManager.dll created in Windows root folder,T1574.001;T1574.002,C:\\Windows\\system32\\svchost.exe,,,,C:\\Windows\\SoftwareDistribution\\Download\\4d66174c828f4fab25d44eca6778ab4c\\Metadata\\ReserveManager.dll
2026-08-06T07:08:44.170+0000,0,unlabelled,,,,92219,92219,6,Possible DLL search order hijack by C:\\Windows\\SoftwareDistribution\\Download\\4d66174c828f4fab25d44eca6778ab4c\\Metadata\\WinREAgent.dll created in Windows root folder,T1574.001;T1574.002,C:\\Windows\\system32\\svchost.exe,,,,C:\\Windows\\SoftwareDistribution\\Download\\4d66174c828f4fab25d44eca6778ab4c\\Metadata\\WinREAgent.dll
2026-08-06T07:09:45.373+0000,0,unlabelled,,,,60702,60702,5,The VSS service is shutting down due to idle timeout.,,,,,,
2026-08-06T07:41:53.597+0000,0,unlabelled,,,,503,503,3,Wazuh agent started.,,,,,,
2026-08-06T07:42:00.855+0000,0,unlabelled,,,,60805,60805,3,The database engine is starting a new instance.,,,,,,
2026-08-06T07:42:00.878+0000,0,unlabelled,,,,60807,60807,3,The database engine is initiating recovery steps.,,,,,,
2026-08-06T07:42:00.905+0000,0,unlabelled,,,,60808,60808,3,The database engine is replaying log file C:\Winnt\system32\wins\j50.log.,,,,,,
2026-08-06T07:42:00.922+0000,0,unlabelled,,,,60808,60808,3,The database engine is replaying log file C:\Winnt\system32\wins\j50.log.,,,,,,
2026-08-06T07:42:00.952+0000,0,unlabelled,,,,60809,60809,3,The database engine has completed recovery steps.,,,,,,
2026-08-06T07:42:00.971+0000,0,unlabelled,,,,60798,60798,3,The database engine attached a database.,,,,,,
2026-08-06T07:42:02.011+0000,0,unlabelled,,,,60668,60668,3,The Windows search service started.,,,,,,
2026-08-06T07:42:02.085+0000,0,unlabelled,,,,60776,60776,7,SessionEnv was unavailable to handle a critical notification event.,,,,,,
2026-08-06T07:42:02.311+0000,0,unlabelled,,,,60118,60118,3,Windows Workstation Logon Success,T1078,,,,,
2026-08-06T07:42:02.334+0000,0,unlabelled,,,,60118,60118,3,Windows Workstation Logon Success,T1078,,,,,
2026-08-06T07:42:02.358+0000,0,unlabelled,,,,67028,67028,3,Special privileges assigned to new logon.,T1484,,,,,
2026-08-06T07:42:02.439+0000,0,unlabelled,,,,60775,60775,5,SessionEnv was unavailable to handle a notification event.,,,,,,
2026-08-06T07:42:03.482+0000,0,unlabelled,,,,92307,92307,3,Evidence of new service creation found in registry under HKLM\\System\\CurrentControlSet\\Services\\AarSvc_5c016\\ImagePath binary is: C:\\Windows\\system32\\svchost.exe -k AarSvcGroup -p,T1543.003,C:\\Windows\\system32\\services.exe,,,,
2026-08-06T07:42:03.643+0000,0,unlabelled,,,,92307,92307,3,Evidence of new service creation found in registry under HKLM\\System\\CurrentControlSet\\Services\\BcastDVRUserService_5c016\\ImagePath binary is: C:\\Windows\\system32\\svchost.exe -k BcastDVRUserService,T1543.003,C:\\Windows\\system32\\services.exe,,,,
2026-08-06T07:42:03.690+0000,0,unlabelled,,,,92307,92307,3,Evidence of new service creation found in registry under HKLM\\System\\CurrentControlSet\\Services\\BluetoothUserService_5c016\\ImagePath binary is: C:\\Windows\\system32\\svchost.exe -k BthAppGroup -p,T1543.003,C:\\Windows\\system32\\services.exe,,,,
2026-08-06T07:42:03.735+0000,0,unlabelled,,,,92307,92307,3,Evidence of new service creation found in registry under HKLM\\System\\CurrentControlSet\\Services\\CaptureService_5c016\\ImagePath binary is: C:\\Windows\\system32\\svchost.exe -k LocalService -p,T1543.003,C:\\Windows\\system32\\services.exe,,,,
2026-08-06T07:42:03.780+0000,0,unlabelled,,,,92307,92307,3,Evidence of new service creation found in registry under HKLM\\System\\CurrentControlSet\\Services\\cbdhsvc_5c016\\ImagePath binary is: C:\\Windows\\system32\\svchost.exe -k ClipboardSvcGroup -p,T1543.003,C:\\Windows\\system32\\services.exe,,,,
2026-08-06T07:42:03.813+0000,0,unlabelled,,,,92307,92307,3,Evidence of new service creation found in registry under HKLM\\System\\CurrentControlSet\\Services\\CDPUserSvc_5c016\\ImagePath binary is: C:\\Windows\\system32\\svchost.exe -k UnistackSvcGroup,T1543.003,C:\\Windows\\system32\\services.exe,,,,
2026-08-06T07:42:03.859+0000,0,unlabelled,,,,92307,92307,3,Evidence of new service creation found in registry under HKLM\\System\\CurrentControlSet\\Services\\ConsentUxUserSvc_5c016\\ImagePath binary is: C:\\Windows\\system32\\svchost.exe -k DevicesFlow,T1543.003,C:\\Windows\\system32\\services.exe,,,,
2026-08-06T07:42:03.922+0000,0,unlabelled,,,,92307,92307,3,Evidence of new service creation found in registry under HKLM\\System\\CurrentControlSet\\Services\\CredentialEnrollmentManagerUserSvc_5c016\\ImagePath binary is: C:\\Windows\\system32\\CredentialEnrollmentManager.exe,T1543.003,C:\\Windows\\system32\\services.exe,,,,
2026-08-06T07:42:03.954+0000,0,unlabelled,,,,92307,92307,3,Evidence of new service creation found in registry under HKLM\\System\\CurrentControlSet\\Services\\DeviceAssociationBrokerSvc_5c016\\ImagePath binary is: C:\\Windows\\system32\\svchost.exe -k DevicesFlow -p,T1543.003,C:\\Windows\\system32\\services.exe,,,,
2026-08-06T07:42:04.052+0000,0,unlabelled,,,,92307,92307,3,Evidence of new service creation found in registry under HKLM\\System\\CurrentControlSet\\Services\\DevicePickerUserSvc_5c016\\ImagePath binary is: C:\\Windows\\system32\\svchost.exe -k DevicesFlow,T1543.003,C:\\Windows\\system32\\services.exe,,,,
2026-08-06T07:42:04.114+0000,0,unlabelled,,,,92307,92307,3,Evidence of new service creation found in registry under HKLM\\System\\CurrentControlSet\\Services\\DevicesFlowUserSvc_5c016\\ImagePath binary is: C:\\Windows\\system32\\svchost.exe -k DevicesFlow,T1543.003,C:\\Windows\\system32\\services.exe,,,,
2026-08-06T07:42:04.146+0000,0,unlabelled,,,,92307,92307,3,Evidence of new service creation found in registry under HKLM\\System\\CurrentControlSet\\Services\\MessagingService_5c016\\ImagePath binary is: C:\\Windows\\system32\\svchost.exe -k UnistackSvcGroup,T1543.003,C:\\Windows\\system32\\services.exe,,,,
2026-08-06T07:42:04.202+0000,0,unlabelled,,,,92307,92307,3,Evidence of new service creation found in registry under HKLM\\System\\CurrentControlSet\\Services\\OneSyncSvc_5c016\\ImagePath binary is: C:\\Windows\\system32\\svchost.exe -k UnistackSvcGroup,T1543.003,C:\\Windows\\system32\\services.exe,,,,
2026-08-06T07:42:04.234+0000,0,unlabelled,,,,92307,92307,3,Evidence of new service creation found in registry under HKLM\\System\\CurrentControlSet\\Services\\PimIndexMaintenanceSvc_5c016\\ImagePath binary is: C:\\Windows\\system32\\svchost.exe -k UnistackSvcGroup,T1543.003,C:\\Windows\\system32\\services.exe,,,,
2026-08-06T07:42:04.268+0000,0,unlabelled,,,,92307,92307,3,Evidence of new service creation found in registry under HKLM\\System\\CurrentControlSet\\Services\\PrintWorkflowUserSvc_5c016\\ImagePath binary is: C:\\Windows\\system32\\svchost.exe -k PrintWorkflow,T1543.003,C:\\Windows\\system32\\services.exe,,,,
2026-08-06T07:42:04.329+0000,0,unlabelled,,,,92307,92307,3,Evidence of new service creation found in registry under HKLM\\System\\CurrentControlSet\\Services\\UdkUserSvc_5c016\\ImagePath binary is: C:\\Windows\\system32\\svchost.exe -k UdkSvcGroup,T1543.003,C:\\Windows\\system32\\services.exe,,,,
2026-08-06T07:42:04.374+0000,0,unlabelled,,,,92307,92307,3,Evidence of new service creation found in registry under HKLM\\System\\CurrentControlSet\\Services\\UnistoreSvc_5c016\\ImagePath binary is: C:\\Windows\\System32\\svchost.exe -k UnistackSvcGroup,T1543.003,C:\\Windows\\system32\\services.exe,,,,
2026-08-06T07:42:04.407+0000,0,unlabelled,,,,92307,92307,3,Evidence of new service creation found in registry under HKLM\\System\\CurrentControlSet\\Services\\UserDataSvc_5c016\\ImagePath binary is: C:\\Windows\\system32\\svchost.exe -k UnistackSvcGroup,T1543.003,C:\\Windows\\system32\\services.exe,,,,
2026-08-06T07:42:04.453+0000,0,unlabelled,,,,92307,92307,3,Evidence of new service creation found in registry under HKLM\\System\\CurrentControlSet\\Services\\WpnUserService_5c016\\ImagePath binary is: C:\\Windows\\system32\\svchost.exe -k UnistackSvcGroup,T1543.003,C:\\Windows\\system32\\services.exe,,,,
2026-08-06T07:42:19.569+0000,0,unlabelled,,,,60646,60646,5,License activation (slui.exe) failed.,,,,,,
2026-08-06T07:42:20.895+0000,0,unlabelled,,,,92219,92219,6,Possible DLL search order hijack by C:\\Windows\\SoftwareDistribution\\Download\\4d66174c828f4fab25d44eca6778ab4c\\Metadata\\UpdateAgent.dll created in Windows root folder,T1574.001;T1574.002,C:\\Windows\\system32\\svchost.exe,,,,C:\\Windows\\SoftwareDistribution\\Download\\4d66174c828f4fab25d44eca6778ab4c\\Metadata\\UpdateAgent.dll
2026-08-06T07:42:20.972+0000,0,unlabelled,,,,92219,92219,6,Possible DLL search order hijack by C:\\Windows\\SoftwareDistribution\\Download\\4d66174c828f4fab25d44eca6778ab4c\\Metadata\\dpx.dll created in Windows root folder,T1574.001;T1574.002,C:\\Windows\\system32\\svchost.exe,,,,C:\\Windows\\SoftwareDistribution\\Download\\4d66174c828f4fab25d44eca6778ab4c\\Metadata\\dpx.dll
2026-08-06T07:42:20.983+0000,0,unlabelled,,,,92219,92219,6,Possible DLL search order hijack by C:\\Windows\\SoftwareDistribution\\Download\\4d66174c828f4fab25d44eca6778ab4c\\Metadata\\Mitigation.dll created in Windows root folder,T1574.001;T1574.002,C:\\Windows\\system32\\svchost.exe,,,,C:\\Windows\\SoftwareDistribution\\Download\\4d66174c828f4fab25d44eca6778ab4c\\Metadata\\Mitigation.dll
2026-08-06T07:42:21.037+0000,0,unlabelled,,,,92219,92219,6,Possible DLL search order hijack by C:\\Windows\\SoftwareDistribution\\Download\\4d66174c828f4fab25d44eca6778ab4c\\Metadata\\UAOneSettings.dll created in Windows root folder,T1574.001;T1574.002,C:\\Windows\\system32\\svchost.exe,,,,C:\\Windows\\SoftwareDistribution\\Download\\4d66174c828f4fab25d44eca6778ab4c\\Metadata\\UAOneSettings.dll
2026-08-06T07:42:21.058+0000,0,unlabelled,,,,92219,92219,6,Possible DLL search order hijack by C:\\Windows\\SoftwareDistribution\\Download\\4d66174c828f4fab25d44eca6778ab4c\\Metadata\\wcp.dll created in Windows root folder,T1574.001;T1574.002,C:\\Windows\\system32\\svchost.exe,,,,C:\\Windows\\SoftwareDistribution\\Download\\4d66174c828f4fab25d44eca6778ab4c\\Metadata\\wcp.dll
2026-08-06T07:42:21.082+0000,0,unlabelled,,,,92219,92219,6,Possible DLL search order hijack by C:\\Windows\\SoftwareDistribution\\Download\\4d66174c828f4fab25d44eca6778ab4c\\Metadata\\TurboStack.dll created in Windows root folder,T1574.001;T1574.002,C:\\Windows\\system32\\svchost.exe,,,,C:\\Windows\\SoftwareDistribution\\Download\\4d66174c828f4fab25d44eca6778ab4c\\Metadata\\TurboStack.dll
2026-08-06T07:42:21.131+0000,0,unlabelled,,,,92219,92219,6,Possible DLL search order hijack by C:\\Windows\\SoftwareDistribution\\Download\\4d66174c828f4fab25d44eca6778ab4c\\Metadata\\ReserveManager.dll created in Windows root folder,T1574.001;T1574.002,C:\\Windows\\system32\\svchost.exe,,,,C:\\Windows\\SoftwareDistribution\\Download\\4d66174c828f4fab25d44eca6778ab4c\\Metadata\\ReserveManager.dll
2026-08-06T07:42:21.180+0000,0,unlabelled,,,,92219,92219,6,Possible DLL search order hijack by C:\\Windows\\SoftwareDistribution\\Download\\4d66174c828f4fab25d44eca6778ab4c\\Metadata\\WinREAgent.dll created in Windows root folder,T1574.001;T1574.002,C:\\Windows\\system32\\svchost.exe,,,,C:\\Windows\\SoftwareDistribution\\Download\\4d66174c828f4fab25d44eca6778ab4c\\Metadata\\WinREAgent.dll
2026-08-06T07:42:49.897+0000,0,unlabelled,,,,60642,60642,3,Software protection service scheduled successfully.,,,,,,
2026-08-06T07:44:35.363+0000,0,unlabelled,,,,100200,100200,10,T1087.001 Local Account Discovery via net.exe,T1087.001,C:\\Windows\\System32\\net.exe,C:\\Windows\\System32\\WindowsPowerShell\\v1.0\\powershell.exe,"\""C:\\Windows\\system32\\net.exe\"" user","\""net.exe\"" user",
2026-08-06T07:45:55.881+0000,0,unlabelled,,,,60642,60642,3,Software protection service scheduled successfully.,,,,,,
2026-08-06T07:46:10.346+0000,0,unlabelled,,,,92004,cmd-spawned-by-nonshell-parent,4,Powershell process spawned Windows command shell instance,T1059.003,C:\\Windows\\System32\\cmd.exe,C:\\Windows\\System32\\WindowsPowerShell\\v1.0\\powershell.exe,"\""C:\\Windows\\system32\\cmd.exe\"" /c systeminfo","\""cmd.exe\"" /c systeminfo",
2026-08-06T07:46:10.364+0000,0,unlabelled,,,,92032,92032,3,Suspicious Windows cmd shell execution,T1087;T1059.003,C:\\Windows\\System32\\systeminfo.exe,C:\\Windows\\System32\\cmd.exe,systeminfo,systeminfo,
2026-08-06T07:46:18.770+0000,0,unlabelled,,,,92004,cmd-spawned-by-nonshell-parent,4,Powershell process spawned Windows command shell instance,T1059.003,C:\\Windows\\System32\\cmd.exe,C:\\Windows\\System32\\WindowsPowerShell\\v1.0\\powershell.exe,"\""C:\\Windows\\system32\\cmd.exe\"" /c hostname","\""cmd.exe\"" /c hostname",
2026-08-06T07:46:18.859+0000,0,unlabelled,,,,92032,92032,3,Suspicious Windows cmd shell execution,T1087;T1059.003,C:\\Windows\\System32\\HOSTNAME.EXE,C:\\Windows\\System32\\cmd.exe,hostname,hostname,
2026-08-06T07:46:21.914+0000,0,unlabelled,,,,92004,cmd-spawned-by-nonshell-parent,4,Powershell process spawned Windows command shell instance,T1059.003,C:\\Windows\\System32\\cmd.exe,C:\\Windows\\System32\\WindowsPowerShell\\v1.0\\powershell.exe,"\""C:\\Windows\\system32\\cmd.exe\"" /c \""wmic os get Caption,Version,BuildNumber /value\""","\""cmd.exe\"" /c \""wmic os get Caption,Version,BuildNumber /value\""",
2026-08-06T07:46:21.930+0000,0,unlabelled,,,,92032,92032,3,Suspicious Windows cmd shell execution,T1087;T1059.003,C:\\Windows\\System32\\wbem\\WMIC.exe,C:\\Windows\\System32\\cmd.exe,"wmic  os get Caption,Version,BuildNumber /value","wmic  os get Caption,Version,BuildNumber /value",
2026-08-06T07:46:25.035+0000,0,unlabelled,,,,92004,cmd-spawned-by-nonshell-parent,4,Powershell process spawned Windows command shell instance,T1059.003,C:\\Windows\\System32\\cmd.exe,C:\\Windows\\System32\\WindowsPowerShell\\v1.0\\powershell.exe,"\""C:\\Windows\\system32\\cmd.exe\"" /c \""reg query \""HKLM\\SOFTWARE\\Microsoft\\Windows NT\\CurrentVersion\"" /v ProductName\""","\""cmd.exe\"" /c \""reg query \""HKLM\SOFTWARE\Microsoft\Windows NT\CurrentVersion\"" /v ProductName\""",
2026-08-06T07:47:39.134+0000,0,unlabelled,,,,60642,60642,3,Software protection service scheduled successfully.,,,,,,
2026-08-06T07:48:33.643+0000,0,unlabelled,,,,92004,cmd-spawned-by-nonshell-parent,4,Powershell process spawned Windows command shell instance,T1059.003,C:\\Windows\\System32\\cmd.exe,C:\\Windows\\System32\\WindowsPowerShell\\v1.0\\powershell.exe,"\""C:\\Windows\\system32\\cmd.exe\"" /c systeminfo","\""cmd.exe\"" /c systeminfo",
2026-08-06T07:48:33.650+0000,0,unlabelled,,,,92032,92032,3,Suspicious Windows cmd shell execution,T1087;T1059.003,C:\\Windows\\System32\\systeminfo.exe,C:\\Windows\\System32\\cmd.exe,systeminfo,systeminfo,
2026-08-06T07:48:39.613+0000,0,unlabelled,,,,92004,cmd-spawned-by-nonshell-parent,4,Powershell process spawned Windows command shell instance,T1059.003,C:\\Windows\\System32\\cmd.exe,C:\\Windows\\System32\\WindowsPowerShell\\v1.0\\powershell.exe,"\""C:\\Windows\\system32\\cmd.exe\"" /c hostname","\""cmd.exe\"" /c hostname",
2026-08-06T07:48:39.614+0000,0,unlabelled,,,,92032,92032,3,Suspicious Windows cmd shell execution,T1087;T1059.003,C:\\Windows\\System32\\HOSTNAME.EXE,C:\\Windows\\System32\\cmd.exe,hostname,hostname,
2026-08-06T07:49:15.413+0000,0,unlabelled,,,,92004,cmd-spawned-by-nonshell-parent,4,Powershell process spawned Windows command shell instance,T1059.003,C:\\Windows\\System32\\cmd.exe,C:\\Windows\\System32\\WindowsPowerShell\\v1.0\\powershell.exe,"\""C:\\Windows\\system32\\cmd.exe\"" /c \""wmic os get Caption,Version,BuildNumber /value\""","\""cmd.exe\"" /c \""wmic os get Caption,Version,BuildNumber /value\""",
2026-08-06T07:49:15.428+0000,0,unlabelled,,,,92032,92032,3,Suspicious Windows cmd shell execution,T1087;T1059.003,C:\\Windows\\System32\\wbem\\WMIC.exe,C:\\Windows\\System32\\cmd.exe,"wmic  os get Caption,Version,BuildNumber /value","wmic  os get Caption,Version,BuildNumber /value",
2026-08-06T07:49:16.459+0000,0,unlabelled,,,,92004,cmd-spawned-by-nonshell-parent,4,Powershell process spawned Windows command shell instance,T1059.003,C:\\Windows\\System32\\cmd.exe,C:\\Windows\\System32\\WindowsPowerShell\\v1.0\\powershell.exe,"\""C:\\Windows\\system32\\cmd.exe\"" /c \""reg query \""HKLM\\SOFTWARE\\Microsoft\\Windows NT\\CurrentVersion\"" /v ProductName\""","\""cmd.exe\"" /c \""reg query \""HKLM\SOFTWARE\Microsoft\Windows NT\CurrentVersion\"" /v ProductName\""",
2026-08-06T07:51:05.961+0000,0,unlabelled,,,,92004,cmd-spawned-by-nonshell-parent,4,Powershell process spawned Windows command shell instance,T1059.003,C:\\Windows\\System32\\cmd.exe,C:\\Windows\\System32\\WindowsPowerShell\\v1.0\\powershell.exe,"\""C:\\Windows\\system32\\cmd.exe\"" /c systeminfo","\""cmd.exe\"" /c systeminfo",
2026-08-06T07:51:05.962+0000,0,unlabelled,,,,92032,92032,3,Suspicious Windows cmd shell execution,T1087;T1059.003,C:\\Windows\\System32\\systeminfo.exe,C:\\Windows\\System32\\cmd.exe,systeminfo,systeminfo,
2026-08-06T07:51:11.043+0000,0,unlabelled,,,,92004,cmd-spawned-by-nonshell-parent,4,Powershell process spawned Windows command shell instance,T1059.003,C:\\Windows\\System32\\cmd.exe,C:\\Windows\\System32\\WindowsPowerShell\\v1.0\\powershell.exe,"\""C:\\Windows\\system32\\cmd.exe\"" /c hostname","\""cmd.exe\"" /c hostname",
2026-08-06T07:51:11.046+0000,0,unlabelled,,,,92032,92032,3,Suspicious Windows cmd shell execution,T1087;T1059.003,C:\\Windows\\System32\\HOSTNAME.EXE,C:\\Windows\\System32\\cmd.exe,hostname,hostname,
2026-08-06T07:51:13.126+0000,0,unlabelled,,,,92004,cmd-spawned-by-nonshell-parent,4,Powershell process spawned Windows command shell instance,T1059.003,C:\\Windows\\System32\\cmd.exe,C:\\Windows\\System32\\WindowsPowerShell\\v1.0\\powershell.exe,"\""C:\\Windows\\system32\\cmd.exe\"" /c \""wmic os get Caption,Version,BuildNumber /value\""","\""cmd.exe\"" /c \""wmic os get Caption,Version,BuildNumber /value\""",
2026-08-06T07:51:13.125+0000,0,unlabelled,,,,92032,92032,3,Suspicious Windows cmd shell execution,T1087;T1059.003,C:\\Windows\\System32\\wbem\\WMIC.exe,C:\\Windows\\System32\\cmd.exe,"wmic  os get Caption,Version,BuildNumber /value","wmic  os get Caption,Version,BuildNumber /value",
2026-08-06T07:51:15.278+0000,0,unlabelled,,,,92004,cmd-spawned-by-nonshell-parent,4,Powershell process spawned Windows command shell instance,T1059.003,C:\\Windows\\System32\\cmd.exe,C:\\Windows\\System32\\WindowsPowerShell\\v1.0\\powershell.exe,"\""C:\\Windows\\system32\\cmd.exe\"" /c \""reg query \""HKLM\\SOFTWARE\\Microsoft\\Windows NT\\CurrentVersion\"" /v ProductName\""","\""cmd.exe\"" /c \""reg query \""HKLM\SOFTWARE\Microsoft\Windows NT\CurrentVersion\"" /v ProductName\""",
2026-08-06T07:53:22.794+0000,0,unlabelled,,,,92217,92217,6,Executable dropped in Windows root folder,T1570,C:\\Windows\\system32\\svchost.exe,,,,C:\\Windows\\SoftwareDistribution\\Download\\Install\\AM_Delta_Patch_1.457.22.0.exe
2026-08-06T07:53:24.119+0000,0,unlabelled,,,,92004,cmd-spawned-by-nonshell-parent,4,Powershell process spawned Windows command shell instance,T1059.003,C:\\Windows\\System32\\cmd.exe,C:\\Windows\\System32\\WindowsPowerShell\\v1.0\\powershell.exe,"\""C:\\Windows\\system32\\cmd.exe\"" /c systeminfo","\""cmd.exe\"" /c systeminfo",
2026-08-06T07:53:24.131+0000,0,unlabelled,,,,92032,92032,3,Suspicious Windows cmd shell execution,T1087;T1059.003,C:\\Windows\\System32\\systeminfo.exe,C:\\Windows\\System32\\cmd.exe,systeminfo,systeminfo,
2026-08-06T07:53:38.847+0000,0,unlabelled,,,,92004,cmd-spawned-by-nonshell-parent,4,Powershell process spawned Windows command shell instance,T1059.003,C:\\Windows\\System32\\cmd.exe,C:\\Windows\\System32\\WindowsPowerShell\\v1.0\\powershell.exe,"\""C:\\Windows\\system32\\cmd.exe\"" /c hostname","\""cmd.exe\"" /c hostname",
2026-08-06T07:53:38.866+0000,0,unlabelled,,,,92032,92032,3,Suspicious Windows cmd shell execution,T1087;T1059.003,C:\\Windows\\System32\\HOSTNAME.EXE,C:\\Windows\\System32\\cmd.exe,hostname,hostname,
2026-08-06T07:53:40.100+0000,0,unlabelled,,,,92004,cmd-spawned-by-nonshell-parent,4,Powershell process spawned Windows command shell instance,T1059.003,C:\\Windows\\System32\\cmd.exe,C:\\Windows\\System32\\WindowsPowerShell\\v1.0\\powershell.exe,"\""C:\\Windows\\system32\\cmd.exe\"" /c \""wmic os get Caption,Version,BuildNumber /value\""","\""cmd.exe\"" /c \""wmic os get Caption,Version,BuildNumber /value\""",
2026-08-06T07:53:40.132+0000,0,unlabelled,,,,92032,92032,3,Suspicious Windows cmd shell execution,T1087;T1059.003,C:\\Windows\\System32\\wbem\\WMIC.exe,C:\\Windows\\System32\\cmd.exe,"wmic  os get Caption,Version,BuildNumber /value","wmic  os get Caption,Version,BuildNumber /value",
2026-08-06T07:53:41.463+0000,0,unlabelled,,,,92004,cmd-spawned-by-nonshell-parent,4,Powershell process spawned Windows command shell instance,T1059.003,C:\\Windows\\System32\\cmd.exe,C:\\Windows\\System32\\WindowsPowerShell\\v1.0\\powershell.exe,"\""C:\\Windows\\system32\\cmd.exe\"" /c \""reg query \""HKLM\\SOFTWARE\\Microsoft\\Windows NT\\CurrentVersion\"" /v ProductName\""","\""cmd.exe\"" /c \""reg query \""HKLM\SOFTWARE\Microsoft\Windows NT\CurrentVersion\"" /v ProductName\""",
2026-08-06T07:53:42.266+0000,0,unlabelled,,,,60642,60642,3,Software protection service scheduled successfully.,,,,,,
2026-08-06T08:00:02.984+0000,0,unlabelled,,,,92004,cmd-spawned-by-nonshell-parent,4,Powershell process spawned Windows command shell instance,T1059.003,C:\\Windows\\System32\\cmd.exe,C:\\Windows\\System32\\WindowsPowerShell\\v1.0\\powershell.exe,"\""C:\\Windows\\system32\\cmd.exe\"" /c systeminfo","\""cmd.exe\"" /c systeminfo",
2026-08-06T08:00:02.987+0000,0,unlabelled,,,,92032,92032,3,Suspicious Windows cmd shell execution,T1087;T1059.003,C:\\Windows\\System32\\systeminfo.exe,C:\\Windows\\System32\\cmd.exe,systeminfo,systeminfo,
2026-08-06T08:00:49.638+0000,0,unlabelled,,,,92004,cmd-spawned-by-nonshell-parent,4,Powershell process spawned Windows command shell instance,T1059.003,C:\\Windows\\System32\\cmd.exe,C:\\Windows\\System32\\WindowsPowerShell\\v1.0\\powershell.exe,"\""C:\\Windows\\system32\\cmd.exe\"" /c hostname","\""cmd.exe\"" /c hostname",
2026-08-06T08:00:49.653+0000,0,unlabelled,,,,92032,92032,3,Suspicious Windows cmd shell execution,T1087;T1059.003,C:\\Windows\\System32\\HOSTNAME.EXE,C:\\Windows\\System32\\cmd.exe,hostname,hostname,
2026-08-06T08:00:52.420+0000,0,unlabelled,,,,92004,cmd-spawned-by-nonshell-parent,4,Powershell process spawned Windows command shell instance,T1059.003,C:\\Windows\\System32\\cmd.exe,C:\\Windows\\System32\\WindowsPowerShell\\v1.0\\powershell.exe,"\""C:\\Windows\\system32\\cmd.exe\"" /c \""wmic os get Caption,Version,BuildNumber /value\""","\""cmd.exe\"" /c \""wmic os get Caption,Version,BuildNumber /value\""",
2026-08-06T08:00:52.436+0000,0,unlabelled,,,,92032,92032,3,Suspicious Windows cmd shell execution,T1087;T1059.003,C:\\Windows\\System32\\wbem\\WMIC.exe,C:\\Windows\\System32\\cmd.exe,"wmic  os get Caption,Version,BuildNumber /value","wmic  os get Caption,Version,BuildNumber /value",
2026-08-06T08:00:55.267+0000,0,unlabelled,,,,92004,cmd-spawned-by-nonshell-parent,4,Powershell process spawned Windows command shell instance,T1059.003,C:\\Windows\\System32\\cmd.exe,C:\\Windows\\System32\\WindowsPowerShell\\v1.0\\powershell.exe,"\""C:\\Windows\\system32\\cmd.exe\"" /c \""reg query \""HKLM\\SOFTWARE\\Microsoft\\Windows NT\\CurrentVersion\"" /v ProductName\""","\""cmd.exe\"" /c \""reg query \""HKLM\SOFTWARE\Microsoft\Windows NT\CurrentVersion\"" /v ProductName\""",
2026-08-06T08:02:38.284+0000,0,unlabelled,,,,92004,cmd-spawned-by-nonshell-parent,4,Powershell process spawned Windows command shell instance,T1059.003,C:\\Windows\\System32\\cmd.exe,C:\\Windows\\System32\\WindowsPowerShell\\v1.0\\powershell.exe,"\""C:\\Windows\\system32\\cmd.exe\"" /c \""net user\""","\""cmd.exe\"" /c \""net user\""",
2026-08-06T08:02:38.287+0000,0,unlabelled,,,,100200,100200,10,T1087.001 Local Account Discovery via net.exe,T1087.001,C:\\Windows\\System32\\net.exe,C:\\Windows\\System32\\cmd.exe,net  user,net  user,
2026-08-06T08:02:42.403+0000,0,unlabelled,,,,92004,cmd-spawned-by-nonshell-parent,4,Powershell process spawned Windows command shell instance,T1059.003,C:\\Windows\\System32\\cmd.exe,C:\\Windows\\System32\\WindowsPowerShell\\v1.0\\powershell.exe,"\""C:\\Windows\\system32\\cmd.exe\"" /c \""net localgroup administrators\""","\""cmd.exe\"" /c \""net localgroup administrators\""",
2026-08-06T08:02:42.404+0000,0,unlabelled,,,,100200,100200,10,T1087.001 Local Account Discovery via net.exe,T1087.001,C:\\Windows\\System32\\net.exe,C:\\Windows\\System32\\cmd.exe,net  localgroup administrators,net  localgroup administrators,
2026-08-06T08:04:45.570+0000,0,unlabelled,,,,92004,cmd-spawned-by-nonshell-parent,4,Powershell process spawned Windows command shell instance,T1059.003,C:\\Windows\\System32\\cmd.exe,C:\\Windows\\System32\\WindowsPowerShell\\v1.0\\powershell.exe,"\""C:\\Windows\\system32\\cmd.exe\"" /c \""net user\""","\""cmd.exe\"" /c \""net user\""",
2026-08-06T08:04:45.570+0000,0,unlabelled,,,,100200,100200,10,T1087.001 Local Account Discovery via net.exe,T1087.001,C:\\Windows\\System32\\net.exe,C:\\Windows\\System32\\cmd.exe,net  user,net  user,
2026-08-06T08:04:49.645+0000,0,unlabelled,,,,100200,100200,10,T1087.001 Local Account Discovery via net.exe,T1087.001,C:\\Windows\\System32\\net.exe,C:\\Windows\\System32\\cmd.exe,net  localgroup administrators,net  localgroup administrators,
2026-08-06T08:04:49.645+0000,0,unlabelled,,,,92004,cmd-spawned-by-nonshell-parent,4,Powershell process spawned Windows command shell instance,T1059.003,C:\\Windows\\System32\\cmd.exe,C:\\Windows\\System32\\WindowsPowerShell\\v1.0\\powershell.exe,"\""C:\\Windows\\system32\\cmd.exe\"" /c \""net localgroup administrators\""","\""cmd.exe\"" /c \""net localgroup administrators\""",
2026-08-06T08:06:15.772+0000,0,unlabelled,,,,92004,cmd-spawned-by-nonshell-parent,4,Powershell process spawned Windows command shell instance,T1059.003,C:\\Windows\\System32\\cmd.exe,C:\\Windows\\System32\\WindowsPowerShell\\v1.0\\powershell.exe,"\""C:\\Windows\\system32\\cmd.exe\"" /c \""net user\""","\""cmd.exe\"" /c \""net user\""",
2026-08-06T08:06:15.785+0000,0,unlabelled,,,,100200,100200,10,T1087.001 Local Account Discovery via net.exe,T1087.001,C:\\Windows\\System32\\net.exe,C:\\Windows\\System32\\cmd.exe,net  user,net  user,
2026-08-06T08:06:20.017+0000,0,unlabelled,,,,92004,cmd-spawned-by-nonshell-parent,4,Powershell process spawned Windows command shell instance,T1059.003,C:\\Windows\\System32\\cmd.exe,C:\\Windows\\System32\\WindowsPowerShell\\v1.0\\powershell.exe,"\""C:\\Windows\\system32\\cmd.exe\"" /c \""net localgroup administrators\""","\""cmd.exe\"" /c \""net localgroup administrators\""",
2026-08-06T08:06:20.050+0000,0,unlabelled,,,,100200,100200,10,T1087.001 Local Account Discovery via net.exe,T1087.001,C:\\Windows\\System32\\net.exe,C:\\Windows\\System32\\cmd.exe,net  localgroup administrators,net  localgroup administrators,
2026-08-06T08:08:16.974+0000,0,unlabelled,,,,92004,cmd-spawned-by-nonshell-parent,4,Powershell process spawned Windows command shell instance,T1059.003,C:\\Windows\\System32\\cmd.exe,C:\\Windows\\System32\\WindowsPowerShell\\v1.0\\powershell.exe,"\""C:\\Windows\\system32\\cmd.exe\"" /c \""net user\""","\""cmd.exe\"" /c \""net user\""",
2026-08-06T08:08:17.000+0000,0,unlabelled,,,,100200,100200,10,T1087.001 Local Account Discovery via net.exe,T1087.001,C:\\Windows\\System32\\net.exe,C:\\Windows\\System32\\cmd.exe,net  user,net  user,
2026-08-06T08:08:21.077+0000,0,unlabelled,,,,92004,cmd-spawned-by-nonshell-parent,4,Powershell process spawned Windows command shell instance,T1059.003,C:\\Windows\\System32\\cmd.exe,C:\\Windows\\System32\\WindowsPowerShell\\v1.0\\powershell.exe,"\""C:\\Windows\\system32\\cmd.exe\"" /c \""net localgroup administrators\""","\""cmd.exe\"" /c \""net localgroup administrators\""",
2026-08-06T08:08:21.134+0000,0,unlabelled,,,,100200,100200,10,T1087.001 Local Account Discovery via net.exe,T1087.001,C:\\Windows\\System32\\net.exe,C:\\Windows\\System32\\cmd.exe,net  localgroup administrators,net  localgroup administrators,
2026-08-06T08:09:43.146+0000,0,unlabelled,,,,92004,cmd-spawned-by-nonshell-parent,4,Powershell process spawned Windows command shell instance,T1059.003,C:\\Windows\\System32\\cmd.exe,C:\\Windows\\System32\\WindowsPowerShell\\v1.0\\powershell.exe,"\""C:\\Windows\\system32\\cmd.exe\"" /c \""net user\""","\""cmd.exe\"" /c \""net user\""",
2026-08-06T08:09:43.175+0000,0,unlabelled,,,,100200,100200,10,T1087.001 Local Account Discovery via net.exe,T1087.001,C:\\Windows\\System32\\net.exe,C:\\Windows\\System32\\cmd.exe,net  user,net  user,
2026-08-06T08:09:47.240+0000,0,unlabelled,,,,92004,cmd-spawned-by-nonshell-parent,4,Powershell process spawned Windows command shell instance,T1059.003,C:\\Windows\\System32\\cmd.exe,C:\\Windows\\System32\\WindowsPowerShell\\v1.0\\powershell.exe,"\""C:\\Windows\\system32\\cmd.exe\"" /c \""net localgroup administrators\""","\""cmd.exe\"" /c \""net localgroup administrators\""",
2026-08-06T08:09:47.241+0000,0,unlabelled,,,,100200,100200,10,T1087.001 Local Account Discovery via net.exe,T1087.001,C:\\Windows\\System32\\net.exe,C:\\Windows\\System32\\cmd.exe,net  localgroup administrators,net  localgroup administrators,
2026-08-06T08:17:42.527+0000,1,benign,T1082,baseline,20260806-081744-benign-r1,92004,cmd-spawned-by-nonshell-parent,4,Powershell process spawned Windows command shell instance,T1059.003,C:\\Windows\\System32\\cmd.exe,C:\\Windows\\System32\\WindowsPowerShell\\v1.0\\powershell.exe,"\""C:\\Windows\\system32\\cmd.exe\"" /c systeminfo &amp; hostname","\""cmd.exe\"" /c systeminfo &amp; hostname",
2026-08-06T08:17:42.554+0000,1,benign,T1082,baseline,20260806-081744-benign-r1,92032,92032,3,Suspicious Windows cmd shell execution,T1087;T1059.003,C:\\Windows\\System32\\systeminfo.exe,C:\\Windows\\System32\\cmd.exe,systeminfo,systeminfo,
2026-08-06T08:17:44.640+0000,1,benign,T1082,baseline,20260806-081744-benign-r1,92032,92032,3,Suspicious Windows cmd shell execution,T1087;T1059.003,C:\\Windows\\System32\\HOSTNAME.EXE,C:\\Windows\\System32\\cmd.exe,hostname,hostname,
2026-08-06T08:17:50.313+0000,1,benign,T1082,baseline,20260806-081744-benign-r1,92032,92032,3,Suspicious Windows cmd shell execution,T1087;T1059.003,C:\\Windows\\System32\\wbem\\WMIC.exe,C:\\Windows\\System32\\cmd.exe,"wmic  os get Caption,Version,BuildNumber /value","wmic  os get Caption,Version,BuildNumber /value",
2026-08-06T08:17:50.313+0000,1,benign,T1082,baseline,20260806-081744-benign-r1,92004,cmd-spawned-by-nonshell-parent,4,Powershell process spawned Windows command shell instance,T1059.003,C:\\Windows\\System32\\cmd.exe,C:\\Windows\\System32\\WindowsPowerShell\\v1.0\\powershell.exe,"\""C:\\Windows\\system32\\cmd.exe\"" /c wmic os get Caption,Version,BuildNumber /value &amp; reg query \""HKLM\\SOFTWARE\\Microsoft\\Windows NT\\CurrentVersion\"" /v ProductName","\""cmd.exe\"" /c wmic os get Caption,Version,BuildNumber /value &amp; reg query \""HKLM\SOFTWARE\Microsoft\Windows NT\CurrentVersion\"" /v ProductName",
2026-08-06T08:19:11.743+0000,1,benign,T1082,baseline,20260806-081744-benign-r1,92004,cmd-spawned-by-nonshell-parent,4,Powershell process spawned Windows command shell instance,T1059.003,C:\\Windows\\System32\\cmd.exe,C:\\Windows\\System32\\WindowsPowerShell\\v1.0\\powershell.exe,"\""C:\\Windows\\system32\\cmd.exe\"" /c systeminfo &amp; hostname","\""cmd.exe\"" /c systeminfo &amp; hostname",
2026-08-06T08:19:11.805+0000,1,benign,T1082,baseline,20260806-081744-benign-r1,92032,92032,3,Suspicious Windows cmd shell execution,T1087;T1059.003,C:\\Windows\\System32\\systeminfo.exe,C:\\Windows\\System32\\cmd.exe,systeminfo,systeminfo,
2026-08-06T08:19:13.211+0000,1,benign,T1082,baseline,20260806-081744-benign-r1,92032,92032,3,Suspicious Windows cmd shell execution,T1087;T1059.003,C:\\Windows\\System32\\HOSTNAME.EXE,C:\\Windows\\System32\\cmd.exe,hostname,hostname,
2026-08-06T08:19:17.792+0000,1,benign,T1082,baseline,20260806-081744-benign-r1,92004,cmd-spawned-by-nonshell-parent,4,Powershell process spawned Windows command shell instance,T1059.003,C:\\Windows\\System32\\cmd.exe,C:\\Windows\\System32\\WindowsPowerShell\\v1.0\\powershell.exe,"\""C:\\Windows\\system32\\cmd.exe\"" /c wmic os get Caption,Version,BuildNumber /value &amp; reg query \""HKLM\\SOFTWARE\\Microsoft\\Windows NT\\CurrentVersion\"" /v ProductName","\""cmd.exe\"" /c wmic os get Caption,Version,BuildNumber /value &amp; reg query \""HKLM\SOFTWARE\Microsoft\Windows NT\CurrentVersion\"" /v ProductName",
2026-08-06T08:19:17.797+0000,1,benign,T1082,baseline,20260806-081744-benign-r1,92032,92032,3,Suspicious Windows cmd shell execution,T1087;T1059.003,C:\\Windows\\System32\\wbem\\WMIC.exe,C:\\Windows\\System32\\cmd.exe,"wmic  os get Caption,Version,BuildNumber /value","wmic  os get Caption,Version,BuildNumber /value",
2026-08-06T08:21:27.083+0000,1,benign,T1082,baseline,20260806-082104-benign-r3,92004,cmd-spawned-by-nonshell-parent,4,Powershell process spawned Windows command shell instance,T1059.003,C:\\Windows\\System32\\cmd.exe,C:\\Windows\\System32\\WindowsPowerShell\\v1.0\\powershell.exe,"\""C:\\Windows\\system32\\cmd.exe\"" /c systeminfo &amp; hostname","\""cmd.exe\"" /c systeminfo &amp; hostname",
2026-08-06T08:21:27.401+0000,1,benign,T1082,baseline,20260806-082104-benign-r3,92032,92032,3,Suspicious Windows cmd shell execution,T1087;T1059.003,C:\\Windows\\System32\\systeminfo.exe,C:\\Windows\\System32\\cmd.exe,systeminfo,systeminfo,
2026-08-06T08:21:28.500+0000,1,benign,T1082,baseline,20260806-082104-benign-r3,92032,92032,3,Suspicious Windows cmd shell execution,T1087;T1059.003,C:\\Windows\\System32\\HOSTNAME.EXE,C:\\Windows\\System32\\cmd.exe,hostname,hostname,
2026-08-06T08:21:33.136+0000,1,benign,T1082,baseline,20260806-082104-benign-r3,92004,cmd-spawned-by-nonshell-parent,4,Powershell process spawned Windows command shell instance,T1059.003,C:\\Windows\\System32\\cmd.exe,C:\\Windows\\System32\\WindowsPowerShell\\v1.0\\powershell.exe,"\""C:\\Windows\\system32\\cmd.exe\"" /c wmic os get Caption,Version,BuildNumber /value &amp; reg query \""HKLM\\SOFTWARE\\Microsoft\\Windows NT\\CurrentVersion\"" /v ProductName","\""cmd.exe\"" /c wmic os get Caption,Version,BuildNumber /value &amp; reg query \""HKLM\SOFTWARE\Microsoft\Windows NT\CurrentVersion\"" /v ProductName",
2026-08-06T08:21:33.178+0000,1,benign,T1082,baseline,20260806-082104-benign-r3,92032,92032,3,Suspicious Windows cmd shell execution,T1087;T1059.003,C:\\Windows\\System32\\wbem\\WMIC.exe,C:\\Windows\\System32\\cmd.exe,"wmic  os get Caption,Version,BuildNumber /value","wmic  os get Caption,Version,BuildNumber /value",
2026-08-06T08:23:00.453+0000,1,benign,T1082,baseline,20260806-082104-benign-r3,92004,cmd-spawned-by-nonshell-parent,4,Powershell process spawned Windows command shell instance,T1059.003,C:\\Windows\\System32\\cmd.exe,C:\\Windows\\System32\\WindowsPowerShell\\v1.0\\powershell.exe,"\""C:\\Windows\\system32\\cmd.exe\"" /c systeminfo &amp; hostname","\""cmd.exe\"" /c systeminfo &amp; hostname",
2026-08-06T08:23:00.503+0000,1,benign,T1082,baseline,20260806-082104-benign-r3,92032,92032,3,Suspicious Windows cmd shell execution,T1087;T1059.003,C:\\Windows\\System32\\systeminfo.exe,C:\\Windows\\System32\\cmd.exe,systeminfo,systeminfo,
2026-08-06T08:23:01.985+0000,1,benign,T1082,baseline,20260806-082104-benign-r3,92032,92032,3,Suspicious Windows cmd shell execution,T1087;T1059.003,C:\\Windows\\System32\\HOSTNAME.EXE,C:\\Windows\\System32\\cmd.exe,hostname,hostname,
2026-08-06T08:23:06.547+0000,1,benign,T1082,baseline,20260806-082104-benign-r3,92004,cmd-spawned-by-nonshell-parent,4,Powershell process spawned Windows command shell instance,T1059.003,C:\\Windows\\System32\\cmd.exe,C:\\Windows\\System32\\WindowsPowerShell\\v1.0\\powershell.exe,"\""C:\\Windows\\system32\\cmd.exe\"" /c wmic os get Caption,Version,BuildNumber /value &amp; reg query \""HKLM\\SOFTWARE\\Microsoft\\Windows NT\\CurrentVersion\"" /v ProductName","\""cmd.exe\"" /c wmic os get Caption,Version,BuildNumber /value &amp; reg query \""HKLM\SOFTWARE\Microsoft\Windows NT\CurrentVersion\"" /v ProductName",
2026-08-06T08:23:06.548+0000,1,benign,T1082,baseline,20260806-082104-benign-r3,92032,92032,3,Suspicious Windows cmd shell execution,T1087;T1059.003,C:\\Windows\\System32\\wbem\\WMIC.exe,C:\\Windows\\System32\\cmd.exe,"wmic  os get Caption,Version,BuildNumber /value","wmic  os get Caption,Version,BuildNumber /value",
2026-08-06T08:24:58.818+0000,1,benign,T1082,baseline,20260806-082254-benign-r4,92004,cmd-spawned-by-nonshell-parent,4,Powershell process spawned Windows command shell instance,T1059.003,C:\\Windows\\System32\\cmd.exe,C:\\Windows\\System32\\WindowsPowerShell\\v1.0\\powershell.exe,"\""C:\\Windows\\system32\\cmd.exe\"" /c systeminfo &amp; hostname","\""cmd.exe\"" /c systeminfo &amp; hostname",
2026-08-06T08:24:58.944+0000,1,benign,T1082,baseline,20260806-082254-benign-r4,92032,92032,3,Suspicious Windows cmd shell execution,T1087;T1059.003,C:\\Windows\\System32\\systeminfo.exe,C:\\Windows\\System32\\cmd.exe,systeminfo,systeminfo,
2026-08-06T08:25:00.628+0000,1,benign,T1082,baseline,20260806-082254-benign-r4,92032,92032,3,Suspicious Windows cmd shell execution,T1087;T1059.003,C:\\Windows\\System32\\HOSTNAME.EXE,C:\\Windows\\System32\\cmd.exe,hostname,hostname,
2026-08-06T08:25:04.858+0000,1,benign,T1082,baseline,20260806-082254-benign-r4,92004,cmd-spawned-by-nonshell-parent,4,Powershell process spawned Windows command shell instance,T1059.003,C:\\Windows\\System32\\cmd.exe,C:\\Windows\\System32\\WindowsPowerShell\\v1.0\\powershell.exe,"\""C:\\Windows\\system32\\cmd.exe\"" /c wmic os get Caption,Version,BuildNumber /value &amp; reg query \""HKLM\\SOFTWARE\\Microsoft\\Windows NT\\CurrentVersion\"" /v ProductName","\""cmd.exe\"" /c wmic os get Caption,Version,BuildNumber /value &amp; reg query \""HKLM\SOFTWARE\Microsoft\Windows NT\CurrentVersion\"" /v ProductName",
2026-08-06T08:25:04.873+0000,1,benign,T1082,baseline,20260806-082254-benign-r4,92032,92032,3,Suspicious Windows cmd shell execution,T1087;T1059.003,C:\\Windows\\System32\\wbem\\WMIC.exe,C:\\Windows\\System32\\cmd.exe,"wmic  os get Caption,Version,BuildNumber /value","wmic  os get Caption,Version,BuildNumber /value",
2026-08-06T08:26:20.695+0000,1,benign,T1082,baseline,20260806-082433-benign-r5,60702,60702,5,The VSS service is shutting down due to idle timeout.,,,,,,
2026-08-06T09:13:58.472+0000,0,unlabelled,,,,503,503,3,Wazuh agent started.,,,,,,
2026-08-06T09:14:00.715+0000,0,unlabelled,,,,60805,60805,3,The database engine is starting a new instance.,,,,,,
2026-08-06T09:14:00.746+0000,0,unlabelled,,,,60807,60807,3,The database engine is initiating recovery steps.,,,,,,
2026-08-06T09:14:01.163+0000,0,unlabelled,,,,60808,60808,3,The database engine is replaying log file C:\Winnt\system32\wins\j50.log.,,,,,,
2026-08-06T09:14:01.181+0000,0,unlabelled,,,,60809,60809,3,The database engine has completed recovery steps.,,,,,,
2026-08-06T09:14:01.245+0000,0,unlabelled,,,,60798,60798,3,The database engine attached a database.,,,,,,
2026-08-06T09:14:01.264+0000,0,unlabelled,,,,60668,60668,3,The Windows search service started.,,,,,,
2026-08-06T09:14:05.431+0000,0,unlabelled,,,,60776,60776,7,SessionEnv was unavailable to handle a critical notification event.,,,,,,
2026-08-06T09:14:05.647+0000,0,unlabelled,,,,60775,60775,5,SessionEnv was unavailable to handle a notification event.,,,,,,
2026-08-06T09:14:06.582+0000,0,unlabelled,,,,92307,92307,3,Evidence of new service creation found in registry under HKLM\\System\\CurrentControlSet\\Services\\AarSvc_730fc\\ImagePath binary is: C:\\Windows\\system32\\svchost.exe -k AarSvcGroup -p,T1543.003,C:\\Windows\\system32\\services.exe,,,,
2026-08-06T09:14:06.697+0000,0,unlabelled,,,,92307,92307,3,Evidence of new service creation found in registry under HKLM\\System\\CurrentControlSet\\Services\\BcastDVRUserService_730fc\\ImagePath binary is: C:\\Windows\\system32\\svchost.exe -k BcastDVRUserService,T1543.003,C:\\Windows\\system32\\services.exe,,,,
2026-08-06T09:14:06.757+0000,0,unlabelled,,,,92307,92307,3,Evidence of new service creation found in registry under HKLM\\System\\CurrentControlSet\\Services\\BluetoothUserService_730fc\\ImagePath binary is: C:\\Windows\\system32\\svchost.exe -k BthAppGroup -p,T1543.003,C:\\Windows\\system32\\services.exe,,,,
2026-08-06T09:14:06.806+0000,0,unlabelled,,,,92307,92307,3,Evidence of new service creation found in registry under HKLM\\System\\CurrentControlSet\\Services\\CaptureService_730fc\\ImagePath binary is: C:\\Windows\\system32\\svchost.exe -k LocalService -p,T1543.003,C:\\Windows\\system32\\services.exe,,,,
2026-08-06T09:14:06.882+0000,0,unlabelled,,,,92307,92307,3,Evidence of new service creation found in registry under HKLM\\System\\CurrentControlSet\\Services\\cbdhsvc_730fc\\ImagePath binary is: C:\\Windows\\system32\\svchost.exe -k ClipboardSvcGroup -p,T1543.003,C:\\Windows\\system32\\services.exe,,,,
2026-08-06T09:14:06.968+0000,0,unlabelled,,,,92307,92307,3,Evidence of new service creation found in registry under HKLM\\System\\CurrentControlSet\\Services\\CDPUserSvc_730fc\\ImagePath binary is: C:\\Windows\\system32\\svchost.exe -k UnistackSvcGroup,T1543.003,C:\\Windows\\system32\\services.exe,,,,
2026-08-06T09:14:07.050+0000,0,unlabelled,,,,92307,92307,3,Evidence of new service creation found in registry under HKLM\\System\\CurrentControlSet\\Services\\ConsentUxUserSvc_730fc\\ImagePath binary is: C:\\Windows\\system32\\svchost.exe -k DevicesFlow,T1543.003,C:\\Windows\\system32\\services.exe,,,,
2026-08-06T09:14:07.121+0000,0,unlabelled,,,,92307,92307,3,Evidence of new service creation found in registry under HKLM\\System\\CurrentControlSet\\Services\\CredentialEnrollmentManagerUserSvc_730fc\\ImagePath binary is: C:\\Windows\\system32\\CredentialEnrollmentManager.exe,T1543.003,C:\\Windows\\system32\\services.exe,,,,
2026-08-06T09:14:07.179+0000,0,unlabelled,,,,92307,92307,3,Evidence of new service creation found in registry under HKLM\\System\\CurrentControlSet\\Services\\DeviceAssociationBrokerSvc_730fc\\ImagePath binary is: C:\\Windows\\system32\\svchost.exe -k DevicesFlow -p,T1543.003,C:\\Windows\\system32\\services.exe,,,,
2026-08-06T09:14:07.254+0000,0,unlabelled,,,,92307,92307,3,Evidence of new service creation found in registry under HKLM\\System\\CurrentControlSet\\Services\\DevicePickerUserSvc_730fc\\ImagePath binary is: C:\\Windows\\system32\\svchost.exe -k DevicesFlow,T1543.003,C:\\Windows\\system32\\services.exe,,,,
2026-08-06T09:14:07.320+0000,0,unlabelled,,,,92307,92307,3,Evidence of new service creation found in registry under HKLM\\System\\CurrentControlSet\\Services\\DevicesFlowUserSvc_730fc\\ImagePath binary is: C:\\Windows\\system32\\svchost.exe -k DevicesFlow,T1543.003,C:\\Windows\\system32\\services.exe,,,,
2026-08-06T09:14:07.352+0000,0,unlabelled,,,,92307,92307,3,Evidence of new service creation found in registry under HKLM\\System\\CurrentControlSet\\Services\\MessagingService_730fc\\ImagePath binary is: C:\\Windows\\system32\\svchost.exe -k UnistackSvcGroup,T1543.003,C:\\Windows\\system32\\services.exe,,,,
2026-08-06T09:14:07.466+0000,0,unlabelled,,,,92307,92307,3,Evidence of new service creation found in registry under HKLM\\System\\CurrentControlSet\\Services\\OneSyncSvc_730fc\\ImagePath binary is: C:\\Windows\\system32\\svchost.exe -k UnistackSvcGroup,T1543.003,C:\\Windows\\system32\\services.exe,,,,
2026-08-06T09:14:07.530+0000,0,unlabelled,,,,92307,92307,3,Evidence of new service creation found in registry under HKLM\\System\\CurrentControlSet\\Services\\PimIndexMaintenanceSvc_730fc\\ImagePath binary is: C:\\Windows\\system32\\svchost.exe -k UnistackSvcGroup,T1543.003,C:\\Windows\\system32\\services.exe,,,,
2026-08-06T09:14:07.646+0000,0,unlabelled,,,,92307,92307,3,Evidence of new service creation found in registry under HKLM\\System\\CurrentControlSet\\Services\\PrintWorkflowUserSvc_730fc\\ImagePath binary is: C:\\Windows\\system32\\svchost.exe -k PrintWorkflow,T1543.003,C:\\Windows\\system32\\services.exe,,,,
2026-08-06T09:14:07.740+0000,0,unlabelled,,,,92307,92307,3,Evidence of new service creation found in registry under HKLM\\System\\CurrentControlSet\\Services\\UdkUserSvc_730fc\\ImagePath binary is: C:\\Windows\\system32\\svchost.exe -k UdkSvcGroup,T1543.003,C:\\Windows\\system32\\services.exe,,,,
2026-08-06T09:14:07.809+0000,0,unlabelled,,,,92307,92307,3,Evidence of new service creation found in registry under HKLM\\System\\CurrentControlSet\\Services\\UnistoreSvc_730fc\\ImagePath binary is: C:\\Windows\\System32\\svchost.exe -k UnistackSvcGroup,T1543.003,C:\\Windows\\system32\\services.exe,,,,
2026-08-06T09:14:07.849+0000,0,unlabelled,,,,92307,92307,3,Evidence of new service creation found in registry under HKLM\\System\\CurrentControlSet\\Services\\UserDataSvc_730fc\\ImagePath binary is: C:\\Windows\\system32\\svchost.exe -k UnistackSvcGroup,T1543.003,C:\\Windows\\system32\\services.exe,,,,
2026-08-06T09:14:07.928+0000,0,unlabelled,,,,92307,92307,3,Evidence of new service creation found in registry under HKLM\\System\\CurrentControlSet\\Services\\WpnUserService_730fc\\ImagePath binary is: C:\\Windows\\system32\\svchost.exe -k UnistackSvcGroup,T1543.003,C:\\Windows\\system32\\services.exe,,,,
2026-08-06T09:14:08.011+0000,0,unlabelled,,,,60118,60118,3,Windows Workstation Logon Success,T1078,,,,,
2026-08-06T09:14:08.131+0000,0,unlabelled,,,,60118,60118,3,Windows Workstation Logon Success,T1078,,,,,
2026-08-06T09:14:08.203+0000,0,unlabelled,,,,67028,67028,3,Special privileges assigned to new logon.,T1484,,,,,
2026-08-06T09:14:15.166+0000,0,unlabelled,,,,60646,60646,5,License activation (slui.exe) failed.,,,,,,
2026-08-06T09:14:15.683+0000,0,unlabelled,,,,60646,60646,5,License activation (slui.exe) failed.,,,,,,
2026-08-06T09:14:45.846+0000,0,unlabelled,,,,60642,60642,3,Software protection service scheduled successfully.,,,,,,
2026-08-06T09:15:20.193+0000,0,unlabelled,,,,92004,cmd-spawned-by-nonshell-parent,4,Powershell process spawned Windows command shell instance,T1059.003,C:\\Windows\\System32\\cmd.exe,C:\\Windows\\System32\\WindowsPowerShell\\v1.0\\powershell.exe,"\""C:\\Windows\\system32\\cmd.exe\"" /c \""systeminfo &amp; hostname &amp; wmic os get Caption &amp; reg query HKLM\\SOFTWARE\\Microsoft\\Cryptography /v MachineGuid\""","\""cmd.exe\"" /c \""systeminfo &amp; hostname &amp; wmic os get Caption &amp; reg query HKLM\SOFTWARE\Microsoft\Cryptography /v MachineGuid\""",
2026-08-06T09:15:20.199+0000,0,unlabelled,,,,92032,92032,3,Suspicious Windows cmd shell execution,T1087;T1059.003,C:\\Windows\\System32\\systeminfo.exe,C:\\Windows\\System32\\cmd.exe,systeminfo,systeminfo,
2026-08-06T09:15:20.237+0000,0,unlabelled,,,,100230,100230,8,T1082 System Information Discovery via native host-information utility,T1082,C:\\Windows\\System32\\HOSTNAME.EXE,C:\\Windows\\System32\\cmd.exe,hostname,hostname,
2026-08-06T09:15:20.238+0000,0,unlabelled,,,,100232,100232,8,T1082 System Information Discovery via registry query for host identity,T1082,C:\\Windows\\System32\\reg.exe,C:\\Windows\\System32\\cmd.exe,reg  query HKLM\\SOFTWARE\\Microsoft\\Cryptography /v MachineGuid,reg  query HKLM\SOFTWARE\Microsoft\Cryptography /v MachineGuid,
2026-08-06T09:15:20.237+0000,0,unlabelled,,,,100231,100231,8,T1082 System Information Discovery via WMIC host query,T1082,C:\\Windows\\System32\\wbem\\WMIC.exe,C:\\Windows\\System32\\cmd.exe,wmic  os get Caption,wmic  os get Caption,
2026-08-06T09:15:20.252+0000,0,unlabelled,,,,100233,100233,8,T1082 System Information Discovery via PowerShell cmdlet or WMI class,T1082,C:\\Windows\\System32\\WindowsPowerShell\\v1.0\\powershell.exe,C:\\Windows\\System32\\WindowsPowerShell\\v1.0\\powershell.exe,"\""C:\\Windows\\System32\\WindowsPowerShell\\v1.0\\powershell.exe\"" -NoProfile -Command Get-WinSystemLocale","\""powershell.exe\"" -NoProfile -Command Get-WinSystemLocale",
2026-08-06T09:15:39.559+0000,0,unlabelled,,,,61104,61104,3,Service startup type was changed,,,,,,
2026-08-06T09:17:02.804+0000,0,unlabelled,,,,60642,60642,3,Software protection service scheduled successfully.,,,,,,
2026-08-06T09:18:06.980+0000,1,attack,T1082,custom,20260806-091713-attack-r1,92052,cmd-spawned-by-nonshell-parent,4,Windows command prompt started by an abnormal process,T1059.003,C:\\Windows\\System32\\cmd.exe,C:\\Windows\\System32\\WindowsPowerShell\\v1.0\\powershell.exe,"\""cmd.exe\"" /c systeminfo &amp; reg query HKLM\\SYSTEM\\CurrentControlSet\\Services\\Disk\\Enum","\""cmd.exe\"" /c systeminfo &amp; reg query HKLM\SYSTEM\CurrentControlSet\Services\Disk\Enum",
2026-08-06T09:18:07.022+0000,1,attack,T1082,custom,20260806-091713-attack-r1,92032,92032,3,Suspicious Windows cmd shell execution,T1087;T1059.003,C:\\Windows\\System32\\systeminfo.exe,C:\\Windows\\System32\\cmd.exe,systeminfo,systeminfo,
2026-08-06T09:18:15.427+0000,1,attack,T1082,custom,20260806-091713-attack-r1,92052,cmd-spawned-by-nonshell-parent,4,Windows command prompt started by an abnormal process,T1059.003,C:\\Windows\\System32\\cmd.exe,C:\\Windows\\System32\\WindowsPowerShell\\v1.0\\powershell.exe,"\""cmd.exe\"" /c hostname","\""cmd.exe\"" /c hostname",
2026-08-06T09:18:15.442+0000,1,attack,T1082,custom,20260806-091713-attack-r1,100230,100230,8,T1082 System Information Discovery via native host-information utility,T1082,C:\\Windows\\System32\\HOSTNAME.EXE,C:\\Windows\\System32\\cmd.exe,hostname,hostname,
2026-08-06T09:18:17.615+0000,1,attack,T1082,custom,20260806-091713-attack-r1,100232,100232,8,T1082 System Information Discovery via registry query for host identity,T1082,C:\\Windows\\System32\\reg.exe,C:\\Windows\\System32\\cmd.exe,REG  QUERY HKEY_LOCAL_MACHINE\\SOFTWARE\\Microsoft\\Cryptography /v MachineGuid,REG  QUERY HKEY_LOCAL_MACHINE\SOFTWARE\Microsoft\Cryptography /v MachineGuid,
2026-08-06T09:18:17.614+0000,1,attack,T1082,custom,20260806-091713-attack-r1,92052,cmd-spawned-by-nonshell-parent,4,Windows command prompt started by an abnormal process,T1059.003,C:\\Windows\\System32\\cmd.exe,C:\\Windows\\System32\\WindowsPowerShell\\v1.0\\powershell.exe,"\""cmd.exe\"" /c REG QUERY HKEY_LOCAL_MACHINE\\SOFTWARE\\Microsoft\\Cryptography /v MachineGuid","\""cmd.exe\"" /c REG QUERY HKEY_LOCAL_MACHINE\SOFTWARE\Microsoft\Cryptography /v MachineGuid",
2026-08-06T09:18:17.798+0000,1,attack,T1082,custom,20260806-091713-attack-r1,61104,61104,3,Service startup type was changed,,,,,,
2026-08-06T09:18:19.557+0000,1,attack,T1082,custom,20260806-091713-attack-r1,92052,cmd-spawned-by-nonshell-parent,4,Windows command prompt started by an abnormal process,T1059.003,C:\\Windows\\System32\\cmd.exe,C:\\Windows\\System32\\WindowsPowerShell\\v1.0\\powershell.exe,"\""cmd.exe\"" /c set","\""cmd.exe\"" /c set",
2026-08-06T09:18:21.695+0000,1,attack,T1082,custom,20260806-091713-attack-r1,92052,cmd-spawned-by-nonshell-parent,4,Windows command prompt started by an abnormal process,T1059.003,C:\\Windows\\System32\\cmd.exe,C:\\Windows\\System32\\WindowsPowerShell\\v1.0\\powershell.exe,"\""cmd.exe\"" /c wmic cpu get name &amp; wmic MEMPHYSICAL get MaxCapacity &amp; wmic baseboard get product &amp; wmic baseboard get version &amp; wmic bios get SMBIOSBIOSVersion &amp; wmic path win32_VideoController get name &amp; wmic path win32_VideoController get DriverVersion &amp; wmic path win32_VideoController get VideoModeDescription &amp; wmic OS get Caption,OSArchitecture,Version &amp; wmic DISKDRIVE get Caption &amp; Get-WmiObject win32_bios","\""cmd.exe\"" /c wmic cpu get name &amp; wmic MEMPHYSICAL get MaxCapacity &amp; wmic baseboard get product &amp; wmic baseboard get version &amp; wmic bios get SMBIOSBIOSVersion &amp; wmic path win32_VideoController get name &amp; wmic path win32_VideoController get DriverVersion &amp; wmic path win32_VideoController get VideoModeDescription &amp; wmic OS get Caption,OSArchitecture,Version &amp; wmic DISKDRIVE get Caption &amp; Get-WmiObject win32_bios",
2026-08-06T09:18:21.699+0000,1,attack,T1082,custom,20260806-091713-attack-r1,92032,92032,3,Suspicious Windows cmd shell execution,T1087;T1059.003,C:\\Windows\\System32\\wbem\\WMIC.exe,C:\\Windows\\System32\\cmd.exe,wmic  cpu get name,wmic  cpu get name,
2026-08-06T09:18:21.738+0000,1,attack,T1082,custom,20260806-091713-attack-r1,92032,92032,3,Suspicious Windows cmd shell execution,T1087;T1059.003,C:\\Windows\\System32\\wbem\\WMIC.exe,C:\\Windows\\System32\\cmd.exe,wmic  baseboard get product,wmic  baseboard get product,
2026-08-06T09:18:21.738+0000,1,attack,T1082,custom,20260806-091713-attack-r1,92032,92032,3,Suspicious Windows cmd shell execution,T1087;T1059.003,C:\\Windows\\System32\\wbem\\WMIC.exe,C:\\Windows\\System32\\cmd.exe,wmic  baseboard get version,wmic  baseboard get version,
2026-08-06T09:18:21.739+0000,1,attack,T1082,custom,20260806-091713-attack-r1,92032,92032,3,Suspicious Windows cmd shell execution,T1087;T1059.003,C:\\Windows\\System32\\wbem\\WMIC.exe,C:\\Windows\\System32\\cmd.exe,wmic  MEMPHYSICAL get MaxCapacity,wmic  MEMPHYSICAL get MaxCapacity,
2026-08-06T09:18:21.783+0000,1,attack,T1082,custom,20260806-091713-attack-r1,100231,100231,8,T1082 System Information Discovery via WMIC host query,T1082,C:\\Windows\\System32\\wbem\\WMIC.exe,C:\\Windows\\System32\\cmd.exe,wmic  bios get SMBIOSBIOSVersion,wmic  bios get SMBIOSBIOSVersion,
2026-08-06T09:18:52.136+0000,1,attack,T1082,custom,20260806-091713-attack-r1,92032,92032,3,Suspicious Windows cmd shell execution,T1087;T1059.003,C:\\Windows\\System32\\wbem\\WMIC.exe,C:\\Windows\\System32\\cmd.exe,wmic  path win32_VideoController get name,wmic  path win32_VideoController get name,
2026-08-06T09:18:52.156+0000,1,attack,T1082,custom,20260806-091713-attack-r1,92032,92032,3,Suspicious Windows cmd shell execution,T1087;T1059.003,C:\\Windows\\System32\\wbem\\WMIC.exe,C:\\Windows\\System32\\cmd.exe,wmic  path win32_VideoController get DriverVersion,wmic  path win32_VideoController get DriverVersion,
2026-08-06T09:18:52.163+0000,1,attack,T1082,custom,20260806-091713-attack-r1,92032,92032,3,Suspicious Windows cmd shell execution,T1087;T1059.003,C:\\Windows\\System32\\wbem\\WMIC.exe,C:\\Windows\\System32\\cmd.exe,wmic  path win32_VideoController get VideoModeDescription,wmic  path win32_VideoController get VideoModeDescription,
2026-08-06T09:18:52.165+0000,1,attack,T1082,custom,20260806-091713-attack-r1,100231,100231,8,T1082 System Information Discovery via WMIC host query,T1082,C:\\Windows\\System32\\wbem\\WMIC.exe,C:\\Windows\\System32\\cmd.exe,"wmic  OS get Caption,OSArchitecture,Version","wmic  OS get Caption,OSArchitecture,Version",
2026-08-06T09:18:53.218+0000,1,attack,T1082,custom,20260806-091713-attack-r1,100231,100231,8,T1082 System Information Discovery via WMIC host query,T1082,C:\\Windows\\System32\\wbem\\WMIC.exe,C:\\Windows\\System32\\cmd.exe,wmic  DISKDRIVE get Caption,wmic  DISKDRIVE get Caption,
2026-08-06T09:18:55.256+0000,1,attack,T1082,custom,20260806-091713-attack-r1,92052,cmd-spawned-by-nonshell-parent,4,Windows command prompt started by an abnormal process,T1059.003,C:\\Windows\\System32\\cmd.exe,C:\\Windows\\System32\\WindowsPowerShell\\v1.0\\powershell.exe,"\""cmd.exe\"" /c reg query \""HKEY_CURRENT_USER\\Control Panel\\International\\Geo\""","\""cmd.exe\"" /c reg query \""HKEY_CURRENT_USER\Control Panel\International\Geo\""",
2026-08-06T09:18:55.256+0000,1,attack,T1082,custom,20260806-091713-attack-r1,100232,100232,8,T1082 System Information Discovery via registry query for host identity,T1082,C:\\Windows\\System32\\reg.exe,C:\\Windows\\System32\\cmd.exe,"reg  query \""HKEY_CURRENT_USER\\Control Panel\\International\\Geo\""","reg  query \""HKEY_CURRENT_USER\Control Panel\International\Geo\""",
2026-08-06T09:18:57.314+0000,1,attack,T1082,custom,20260806-091713-attack-r1,92052,cmd-spawned-by-nonshell-parent,4,Windows command prompt started by an abnormal process,T1059.003,C:\\Windows\\System32\\cmd.exe,C:\\Windows\\System32\\WindowsPowerShell\\v1.0\\powershell.exe,"\""cmd.exe\"" /c reg query HKEY_LOCAL_MACHINE\\HARDWARE\\DESCRIPTION\\System /v SystemBiosVersion &amp; reg query HKEY_LOCAL_MACHINE\\HARDWARE\\DESCRIPTION\\System /v VideoBiosVersion","\""cmd.exe\"" /c reg query HKEY_LOCAL_MACHINE\HARDWARE\DESCRIPTION\System /v SystemBiosVersion &amp; reg query HKEY_LOCAL_MACHINE\HARDWARE\DESCRIPTION\System /v VideoBiosVersion",
2026-08-06T09:18:57.325+0000,1,attack,T1082,custom,20260806-091713-attack-r1,100232,100232,8,T1082 System Information Discovery via registry query for host identity,T1082,C:\\Windows\\System32\\reg.exe,C:\\Windows\\System32\\cmd.exe,reg  query HKEY_LOCAL_MACHINE\\HARDWARE\\DESCRIPTION\\System /v VideoBiosVersion,reg  query HKEY_LOCAL_MACHINE\HARDWARE\DESCRIPTION\System /v VideoBiosVersion,
2026-08-06T09:18:57.325+0000,1,attack,T1082,custom,20260806-091713-attack-r1,100232,100232,8,T1082 System Information Discovery via registry query for host identity,T1082,C:\\Windows\\System32\\reg.exe,C:\\Windows\\System32\\cmd.exe,reg  query HKEY_LOCAL_MACHINE\\HARDWARE\\DESCRIPTION\\System /v SystemBiosVersion,reg  query HKEY_LOCAL_MACHINE\HARDWARE\DESCRIPTION\System /v SystemBiosVersion,
2026-08-06T09:18:59.366+0000,1,attack,T1082,custom,20260806-091713-attack-r1,100233,100233,8,T1082 System Information Discovery via PowerShell cmdlet or WMI class,T1082,C:\\Windows\\System32\\WindowsPowerShell\\v1.0\\powershell.exe,C:\\Windows\\System32\\WindowsPowerShell\\v1.0\\powershell.exe,"\""powershell.exe\"" &amp; {Get-CimInstance Win32_OperatingSystem | Select-Object Caption, Version, ServicePackMajorVersion, OSArchitecture, CSName, WindowsDirectory | Out-null}","\""powershell.exe\"" &amp; {Get-CimInstance Win32_OperatingSystem | Select-Object Caption, Version, ServicePackMajorVersion, OSArchitecture, CSName, WindowsDirectory | Out-null}",
2026-08-06T09:19:01.475+0000,1,attack,T1082,custom,20260806-091713-attack-r1,92052,cmd-spawned-by-nonshell-parent,4,Windows command prompt started by an abnormal process,T1059.003,C:\\Windows\\System32\\cmd.exe,C:\\Windows\\System32\\WindowsPowerShell\\v1.0\\powershell.exe,"\""cmd.exe\"" /c ver","\""cmd.exe\"" /c ver",
2026-08-06T09:19:03.006+0000,1,attack,T1082,custom,20260806-091713-attack-r1,92052,cmd-spawned-by-nonshell-parent,4,Windows command prompt started by an abnormal process,T1059.003,C:\\Windows\\System32\\cmd.exe,C:\\Windows\\System32\\WindowsPowerShell\\v1.0\\powershell.exe,"\""cmd.exe\"" /c vssadmin.exe list shadows","\""cmd.exe\"" /c vssadmin.exe list shadows",
2026-08-06T09:19:03.012+0000,1,attack,T1082,custom,20260806-091713-attack-r1,92032,92032,3,Suspicious Windows cmd shell execution,T1087;T1059.003,C:\\Windows\\System32\\vssadmin.exe,C:\\Windows\\System32\\cmd.exe,vssadmin.exe  list shadows,vssadmin.exe  list shadows,
2026-08-06T09:19:04.882+0000,1,attack,T1082,custom,20260806-091713-attack-r1,92052,cmd-spawned-by-nonshell-parent,4,Windows command prompt started by an abnormal process,T1059.003,C:\\Windows\\System32\\cmd.exe,C:\\Windows\\System32\\WindowsPowerShell\\v1.0\\powershell.exe,"\""cmd.exe\"" /c powershell.exe -c \""Get-Culture | Format-List | Out-File -FilePath %%TMP%%\\a.txt\""","\""cmd.exe\"" /c powershell.exe -c \""Get-Culture | Format-List | Out-File -FilePath %%TMP%%\a.txt\""",
2026-08-06T09:19:04.893+0000,1,attack,T1082,custom,20260806-091713-attack-r1,92032,92032,3,Suspicious Windows cmd shell execution,T1087;T1059.003,C:\\Windows\\System32\\WindowsPowerShell\\v1.0\\powershell.exe,C:\\Windows\\System32\\cmd.exe,"powershell.exe  -c \""Get-Culture | Format-List | Out-File -FilePath C:\\Users\\Basit\\AppData\\Local\\Temp\\a.txt\""","powershell.exe  -c \""Get-Culture | Format-List | Out-File -FilePath C:\Users\Basit\AppData\Local\Temp\a.txt\""",
2026-08-06T09:19:07.708+0000,1,attack,T1082,custom,20260806-091713-attack-r1,92052,cmd-spawned-by-nonshell-parent,4,Windows command prompt started by an abnormal process,T1059.003,C:\\Windows\\System32\\cmd.exe,C:\\Windows\\System32\\WindowsPowerShell\\v1.0\\powershell.exe,"\""cmd.exe\"" /c powershell.exe -c \""gdr -PSProvider 'FileSystem'\""","\""cmd.exe\"" /c powershell.exe -c \""gdr -PSProvider 'FileSystem'\""",
2026-08-06T09:19:07.737+0000,1,attack,T1082,custom,20260806-091713-attack-r1,92032,92032,3,Suspicious Windows cmd shell execution,T1087;T1059.003,C:\\Windows\\System32\\WindowsPowerShell\\v1.0\\powershell.exe,C:\\Windows\\System32\\cmd.exe,"powershell.exe  -c \""gdr -PSProvider 'FileSystem'\""","powershell.exe  -c \""gdr -PSProvider 'FileSystem'\""",
2026-08-06T09:19:11.485+0000,1,attack,T1082,custom,20260806-091713-attack-r1,92052,cmd-spawned-by-nonshell-parent,4,Windows command prompt started by an abnormal process,T1059.003,C:\\Windows\\System32\\cmd.exe,C:\\Windows\\System32\\WindowsPowerShell\\v1.0\\powershell.exe,"\""cmd.exe\"" /c reg query \""HKLM\\SOFTWARE\\Microsoft\\Windows NT\\CurrentVersion\"" /v ProductName","\""cmd.exe\"" /c reg query \""HKLM\SOFTWARE\Microsoft\Windows NT\CurrentVersion\"" /v ProductName",
2026-08-06T09:19:11.489+0000,1,attack,T1082,custom,20260806-091713-attack-r1,100232,100232,8,T1082 System Information Discovery via registry query for host identity,T1082,C:\\Windows\\System32\\reg.exe,C:\\Windows\\System32\\cmd.exe,"reg  query \""HKLM\\SOFTWARE\\Microsoft\\Windows NT\\CurrentVersion\"" /v ProductName","reg  query \""HKLM\SOFTWARE\Microsoft\Windows NT\CurrentVersion\"" /v ProductName",
2026-08-06T09:19:13.347+0000,1,attack,T1082,custom,20260806-091713-attack-r1,92052,cmd-spawned-by-nonshell-parent,4,Windows command prompt started by an abnormal process,T1059.003,C:\\Windows\\System32\\cmd.exe,C:\\Windows\\System32\\WindowsPowerShell\\v1.0\\powershell.exe,"\""cmd.exe\"" /c reg query \""HKLM\\SOFTWARE\\Microsoft\\Windows NT\\CurrentVersion\"" /v CurrentBuildNumber","\""cmd.exe\"" /c reg query \""HKLM\SOFTWARE\Microsoft\Windows NT\CurrentVersion\"" /v CurrentBuildNumber",
2026-08-06T09:19:13.365+0000,1,attack,T1082,custom,20260806-091713-attack-r1,100232,100232,8,T1082 System Information Discovery via registry query for host identity,T1082,C:\\Windows\\System32\\reg.exe,C:\\Windows\\System32\\cmd.exe,"reg  query \""HKLM\\SOFTWARE\\Microsoft\\Windows NT\\CurrentVersion\"" /v CurrentBuildNumber","reg  query \""HKLM\SOFTWARE\Microsoft\Windows NT\CurrentVersion\"" /v CurrentBuildNumber",
2026-08-06T09:20:21.003+0000,1,attack,T1082,custom,20260806-091909-attack-r2,92052,cmd-spawned-by-nonshell-parent,4,Windows command prompt started by an abnormal process,T1059.003,C:\\Windows\\System32\\cmd.exe,C:\\Windows\\System32\\WindowsPowerShell\\v1.0\\powershell.exe,"\""cmd.exe\"" /c systeminfo &amp; reg query HKLM\\SYSTEM\\CurrentControlSet\\Services\\Disk\\Enum","\""cmd.exe\"" /c systeminfo &amp; reg query HKLM\SYSTEM\CurrentControlSet\Services\Disk\Enum",
2026-08-06T09:20:21.023+0000,1,attack,T1082,custom,20260806-091909-attack-r2,92032,92032,3,Suspicious Windows cmd shell execution,T1087;T1059.003,C:\\Windows\\System32\\systeminfo.exe,C:\\Windows\\System32\\cmd.exe,systeminfo,systeminfo,
2026-08-06T09:20:22.797+0000,1,attack,T1082,custom,20260806-091909-attack-r2,92052,cmd-spawned-by-nonshell-parent,4,Windows command prompt started by an abnormal process,T1059.003,C:\\Windows\\System32\\cmd.exe,C:\\Windows\\System32\\WindowsPowerShell\\v1.0\\powershell.exe,"\""cmd.exe\"" /c hostname","\""cmd.exe\"" /c hostname",
2026-08-06T09:20:22.805+0000,1,attack,T1082,custom,20260806-091909-attack-r2,100230,100230,8,T1082 System Information Discovery via native host-information utility,T1082,C:\\Windows\\System32\\HOSTNAME.EXE,C:\\Windows\\System32\\cmd.exe,hostname,hostname,
2026-08-06T09:20:22.821+0000,1,attack,T1082,custom,20260806-091909-attack-r2,92052,cmd-spawned-by-nonshell-parent,4,Windows command prompt started by an abnormal process,T1059.003,C:\\Windows\\System32\\cmd.exe,C:\\Windows\\System32\\WindowsPowerShell\\v1.0\\powershell.exe,"\""cmd.exe\"" /c REG QUERY HKEY_LOCAL_MACHINE\\SOFTWARE\\Microsoft\\Cryptography /v MachineGuid","\""cmd.exe\"" /c REG QUERY HKEY_LOCAL_MACHINE\SOFTWARE\Microsoft\Cryptography /v MachineGuid",
2026-08-06T09:20:22.822+0000,1,attack,T1082,custom,20260806-091909-attack-r2,100232,100232,8,T1082 System Information Discovery via registry query for host identity,T1082,C:\\Windows\\System32\\reg.exe,C:\\Windows\\System32\\cmd.exe,REG  QUERY HKEY_LOCAL_MACHINE\\SOFTWARE\\Microsoft\\Cryptography /v MachineGuid,REG  QUERY HKEY_LOCAL_MACHINE\SOFTWARE\Microsoft\Cryptography /v MachineGuid,
2026-08-06T09:20:24.342+0000,1,attack,T1082,custom,20260806-091909-attack-r2,92052,cmd-spawned-by-nonshell-parent,4,Windows command prompt started by an abnormal process,T1059.003,C:\\Windows\\System32\\cmd.exe,C:\\Windows\\System32\\WindowsPowerShell\\v1.0\\powershell.exe,"\""cmd.exe\"" /c set","\""cmd.exe\"" /c set",
2026-08-06T09:20:24.346+0000,1,attack,T1082,custom,20260806-091909-attack-r2,92052,cmd-spawned-by-nonshell-parent,4,Windows command prompt started by an abnormal process,T1059.003,C:\\Windows\\System32\\cmd.exe,C:\\Windows\\System32\\WindowsPowerShell\\v1.0\\powershell.exe,"\""cmd.exe\"" /c wmic cpu get name &amp; wmic MEMPHYSICAL get MaxCapacity &amp; wmic baseboard get product &amp; wmic baseboard get version &amp; wmic bios get SMBIOSBIOSVersion &amp; wmic path win32_VideoController get name &amp; wmic path win32_VideoController get DriverVersion &amp; wmic path win32_VideoController get VideoModeDescription &amp; wmic OS get Caption,OSArchitecture,Version &amp; wmic DISKDRIVE get Caption &amp; Get-WmiObject win32_bios","\""cmd.exe\"" /c wmic cpu get name &amp; wmic MEMPHYSICAL get MaxCapacity &amp; wmic baseboard get product &amp; wmic baseboard get version &amp; wmic bios get SMBIOSBIOSVersion &amp; wmic path win32_VideoController get name &amp; wmic path win32_VideoController get DriverVersion &amp; wmic path win32_VideoController get VideoModeDescription &amp; wmic OS get Caption,OSArchitecture,Version &amp; wmic DISKDRIVE get Caption &amp; Get-WmiObject win32_bios",
2026-08-06T09:20:24.355+0000,1,attack,T1082,custom,20260806-091909-attack-r2,92032,92032,3,Suspicious Windows cmd shell execution,T1087;T1059.003,C:\\Windows\\System32\\wbem\\WMIC.exe,C:\\Windows\\System32\\cmd.exe,wmic  cpu get name,wmic  cpu get name,
2026-08-06T09:20:24.396+0000,1,attack,T1082,custom,20260806-091909-attack-r2,92032,92032,3,Suspicious Windows cmd shell execution,T1087;T1059.003,C:\\Windows\\System32\\wbem\\WMIC.exe,C:\\Windows\\System32\\cmd.exe,wmic  MEMPHYSICAL get MaxCapacity,wmic  MEMPHYSICAL get MaxCapacity,
2026-08-06T09:20:59.645+0000,1,attack,T1082,custom,20260806-091909-attack-r2,92032,92032,3,Suspicious Windows cmd shell execution,T1087;T1059.003,C:\\Windows\\System32\\wbem\\WMIC.exe,C:\\Windows\\System32\\cmd.exe,wmic  baseboard get product,wmic  baseboard get product,
2026-08-06T09:20:59.701+0000,1,attack,T1082,custom,20260806-091909-attack-r2,92032,92032,3,Suspicious Windows cmd shell execution,T1087;T1059.003,C:\\Windows\\System32\\wbem\\WMIC.exe,C:\\Windows\\System32\\cmd.exe,wmic  baseboard get version,wmic  baseboard get version,
2026-08-06T09:20:59.701+0000,1,attack,T1082,custom,20260806-091909-attack-r2,100231,100231,8,T1082 System Information Discovery via WMIC host query,T1082,C:\\Windows\\System32\\wbem\\WMIC.exe,C:\\Windows\\System32\\cmd.exe,wmic  bios get SMBIOSBIOSVersion,wmic  bios get SMBIOSBIOSVersion,
2026-08-06T09:20:59.726+0000,1,attack,T1082,custom,20260806-091909-attack-r2,92032,92032,3,Suspicious Windows cmd shell execution,T1087;T1059.003,C:\\Windows\\System32\\wbem\\WMIC.exe,C:\\Windows\\System32\\cmd.exe,wmic  path win32_VideoController get name,wmic  path win32_VideoController get name,
2026-08-06T09:20:59.743+0000,1,attack,T1082,custom,20260806-091909-attack-r2,92032,92032,3,Suspicious Windows cmd shell execution,T1087;T1059.003,C:\\Windows\\System32\\wbem\\WMIC.exe,C:\\Windows\\System32\\cmd.exe,wmic  path win32_VideoController get DriverVersion,wmic  path win32_VideoController get DriverVersion,
2026-08-06T09:20:59.755+0000,1,attack,T1082,custom,20260806-091909-attack-r2,92032,92032,3,Suspicious Windows cmd shell execution,T1087;T1059.003,C:\\Windows\\System32\\wbem\\WMIC.exe,C:\\Windows\\System32\\cmd.exe,wmic  path win32_VideoController get VideoModeDescription,wmic  path win32_VideoController get VideoModeDescription,
2026-08-06T09:20:59.764+0000,1,attack,T1082,custom,20260806-091909-attack-r2,100231,100231,8,T1082 System Information Discovery via WMIC host query,T1082,C:\\Windows\\System32\\wbem\\WMIC.exe,C:\\Windows\\System32\\cmd.exe,"wmic  OS get Caption,OSArchitecture,Version","wmic  OS get Caption,OSArchitecture,Version",
2026-08-06T09:21:00.827+0000,1,attack,T1082,custom,20260806-091909-attack-r2,100231,100231,8,T1082 System Information Discovery via WMIC host query,T1082,C:\\Windows\\System32\\wbem\\WMIC.exe,C:\\Windows\\System32\\cmd.exe,wmic  DISKDRIVE get Caption,wmic  DISKDRIVE get Caption,
2026-08-06T09:21:00.842+0000,1,attack,T1082,custom,20260806-091909-attack-r2,92052,cmd-spawned-by-nonshell-parent,4,Windows command prompt started by an abnormal process,T1059.003,C:\\Windows\\System32\\cmd.exe,C:\\Windows\\System32\\WindowsPowerShell\\v1.0\\powershell.exe,"\""cmd.exe\"" /c reg query \""HKEY_CURRENT_USER\\Control Panel\\International\\Geo\""","\""cmd.exe\"" /c reg query \""HKEY_CURRENT_USER\Control Panel\International\Geo\""",
2026-08-06T09:21:01.923+0000,1,attack,T1082,custom,20260806-091909-attack-r2,100232,100232,8,T1082 System Information Discovery via registry query for host identity,T1082,C:\\Windows\\System32\\reg.exe,C:\\Windows\\System32\\cmd.exe,"reg  query \""HKEY_CURRENT_USER\\Control Panel\\International\\Geo\""","reg  query \""HKEY_CURRENT_USER\Control Panel\International\Geo\""",
2026-08-06T09:21:01.946+0000,1,attack,T1082,custom,20260806-091909-attack-r2,92052,cmd-spawned-by-nonshell-parent,4,Windows command prompt started by an abnormal process,T1059.003,C:\\Windows\\System32\\cmd.exe,C:\\Windows\\System32\\WindowsPowerShell\\v1.0\\powershell.exe,"\""cmd.exe\"" /c reg query HKEY_LOCAL_MACHINE\\HARDWARE\\DESCRIPTION\\System /v SystemBiosVersion &amp; reg query HKEY_LOCAL_MACHINE\\HARDWARE\\DESCRIPTION\\System /v VideoBiosVersion","\""cmd.exe\"" /c reg query HKEY_LOCAL_MACHINE\HARDWARE\DESCRIPTION\System /v SystemBiosVersion &amp; reg query HKEY_LOCAL_MACHINE\HARDWARE\DESCRIPTION\System /v VideoBiosVersion",
2026-08-06T09:21:01.947+0000,1,attack,T1082,custom,20260806-091909-attack-r2,100232,100232,8,T1082 System Information Discovery via registry query for host identity,T1082,C:\\Windows\\System32\\reg.exe,C:\\Windows\\System32\\cmd.exe,reg  query HKEY_LOCAL_MACHINE\\HARDWARE\\DESCRIPTION\\System /v SystemBiosVersion,reg  query HKEY_LOCAL_MACHINE\HARDWARE\DESCRIPTION\System /v SystemBiosVersion,
2026-08-06T09:21:01.959+0000,1,attack,T1082,custom,20260806-091909-attack-r2,100232,100232,8,T1082 System Information Discovery via registry query for host identity,T1082,C:\\Windows\\System32\\reg.exe,C:\\Windows\\System32\\cmd.exe,reg  query HKEY_LOCAL_MACHINE\\HARDWARE\\DESCRIPTION\\System /v VideoBiosVersion,reg  query HKEY_LOCAL_MACHINE\HARDWARE\DESCRIPTION\System /v VideoBiosVersion,
2026-08-06T09:21:01.991+0000,1,attack,T1082,custom,20260806-091909-attack-r2,100233,100233,8,T1082 System Information Discovery via PowerShell cmdlet or WMI class,T1082,C:\\Windows\\System32\\WindowsPowerShell\\v1.0\\powershell.exe,C:\\Windows\\System32\\WindowsPowerShell\\v1.0\\powershell.exe,"\""powershell.exe\"" &amp; {Get-CimInstance Win32_OperatingSystem | Select-Object Caption, Version, ServicePackMajorVersion, OSArchitecture, CSName, WindowsDirectory | Out-null}","\""powershell.exe\"" &amp; {Get-CimInstance Win32_OperatingSystem | Select-Object Caption, Version, ServicePackMajorVersion, OSArchitecture, CSName, WindowsDirectory | Out-null}",
2026-08-06T09:21:03.125+0000,1,attack,T1082,custom,20260806-091909-attack-r2,92052,cmd-spawned-by-nonshell-parent,4,Windows command prompt started by an abnormal process,T1059.003,C:\\Windows\\System32\\cmd.exe,C:\\Windows\\System32\\WindowsPowerShell\\v1.0\\powershell.exe,"\""cmd.exe\"" /c ver","\""cmd.exe\"" /c ver",
2026-08-06T09:21:04.230+0000,1,attack,T1082,custom,20260806-091909-attack-r2,92052,cmd-spawned-by-nonshell-parent,4,Windows command prompt started by an abnormal process,T1059.003,C:\\Windows\\System32\\cmd.exe,C:\\Windows\\System32\\WindowsPowerShell\\v1.0\\powershell.exe,"\""cmd.exe\"" /c vssadmin.exe list shadows","\""cmd.exe\"" /c vssadmin.exe list shadows",
2026-08-06T09:21:04.248+0000,1,attack,T1082,custom,20260806-091909-attack-r2,92032,92032,3,Suspicious Windows cmd shell execution,T1087;T1059.003,C:\\Windows\\System32\\vssadmin.exe,C:\\Windows\\System32\\cmd.exe,vssadmin.exe  list shadows,vssadmin.exe  list shadows,
2026-08-06T09:21:04.264+0000,1,attack,T1082,custom,20260806-091909-attack-r2,92052,cmd-spawned-by-nonshell-parent,4,Windows command prompt started by an abnormal process,T1059.003,C:\\Windows\\System32\\cmd.exe,C:\\Windows\\System32\\WindowsPowerShell\\v1.0\\powershell.exe,"\""cmd.exe\"" /c powershell.exe -c \""Get-Culture | Format-List | Out-File -FilePath %%TMP%%\\a.txt\""","\""cmd.exe\"" /c powershell.exe -c \""Get-Culture | Format-List | Out-File -FilePath %%TMP%%\a.txt\""",
2026-08-06T09:21:04.282+0000,1,attack,T1082,custom,20260806-091909-attack-r2,92032,92032,3,Suspicious Windows cmd shell execution,T1087;T1059.003,C:\\Windows\\System32\\WindowsPowerShell\\v1.0\\powershell.exe,C:\\Windows\\System32\\cmd.exe,"powershell.exe  -c \""Get-Culture | Format-List | Out-File -FilePath C:\\Users\\Basit\\AppData\\Local\\Temp\\a.txt\""","powershell.exe  -c \""Get-Culture | Format-List | Out-File -FilePath C:\Users\Basit\AppData\Local\Temp\a.txt\""",
2026-08-06T09:21:05.848+0000,1,attack,T1082,custom,20260806-091909-attack-r2,92052,cmd-spawned-by-nonshell-parent,4,Windows command prompt started by an abnormal process,T1059.003,C:\\Windows\\System32\\cmd.exe,C:\\Windows\\System32\\WindowsPowerShell\\v1.0\\powershell.exe,"\""cmd.exe\"" /c powershell.exe -c \""gdr -PSProvider 'FileSystem'\""","\""cmd.exe\"" /c powershell.exe -c \""gdr -PSProvider 'FileSystem'\""",
2026-08-06T09:21:05.862+0000,1,attack,T1082,custom,20260806-091909-attack-r2,92032,92032,3,Suspicious Windows cmd shell execution,T1087;T1059.003,C:\\Windows\\System32\\WindowsPowerShell\\v1.0\\powershell.exe,C:\\Windows\\System32\\cmd.exe,"powershell.exe  -c \""gdr -PSProvider 'FileSystem'\""","powershell.exe  -c \""gdr -PSProvider 'FileSystem'\""",
2026-08-06T09:21:07.091+0000,1,attack,T1082,custom,20260806-091909-attack-r2,92052,cmd-spawned-by-nonshell-parent,4,Windows command prompt started by an abnormal process,T1059.003,C:\\Windows\\System32\\cmd.exe,C:\\Windows\\System32\\WindowsPowerShell\\v1.0\\powershell.exe,"\""cmd.exe\"" /c reg query \""HKLM\\SOFTWARE\\Microsoft\\Windows NT\\CurrentVersion\"" /v ProductName","\""cmd.exe\"" /c reg query \""HKLM\SOFTWARE\Microsoft\Windows NT\CurrentVersion\"" /v ProductName",
2026-08-06T09:21:07.106+0000,1,attack,T1082,custom,20260806-091909-attack-r2,100232,100232,8,T1082 System Information Discovery via registry query for host identity,T1082,C:\\Windows\\System32\\reg.exe,C:\\Windows\\System32\\cmd.exe,"reg  query \""HKLM\\SOFTWARE\\Microsoft\\Windows NT\\CurrentVersion\"" /v ProductName","reg  query \""HKLM\SOFTWARE\Microsoft\Windows NT\CurrentVersion\"" /v ProductName",
2026-08-06T09:21:07.122+0000,1,attack,T1082,custom,20260806-091909-attack-r2,92052,cmd-spawned-by-nonshell-parent,4,Windows command prompt started by an abnormal process,T1059.003,C:\\Windows\\System32\\cmd.exe,C:\\Windows\\System32\\WindowsPowerShell\\v1.0\\powershell.exe,"\""cmd.exe\"" /c reg query \""HKLM\\SOFTWARE\\Microsoft\\Windows NT\\CurrentVersion\"" /v CurrentBuildNumber","\""cmd.exe\"" /c reg query \""HKLM\SOFTWARE\Microsoft\Windows NT\CurrentVersion\"" /v CurrentBuildNumber",
2026-08-06T09:21:07.138+0000,1,attack,T1082,custom,20260806-091909-attack-r2,100232,100232,8,T1082 System Information Discovery via registry query for host identity,T1082,C:\\Windows\\System32\\reg.exe,C:\\Windows\\System32\\cmd.exe,"reg  query \""HKLM\\SOFTWARE\\Microsoft\\Windows NT\\CurrentVersion\"" /v CurrentBuildNumber","reg  query \""HKLM\SOFTWARE\Microsoft\Windows NT\CurrentVersion\"" /v CurrentBuildNumber",
2026-08-06T09:22:25.670+0000,0,unlabelled,,,,60642,60642,3,Software protection service scheduled successfully.,,,,,,
2026-08-06T09:23:01.935+0000,1,attack,T1082,custom,20260806-092238-attack-r3,92052,cmd-spawned-by-nonshell-parent,4,Windows command prompt started by an abnormal process,T1059.003,C:\\Windows\\System32\\cmd.exe,C:\\Windows\\System32\\WindowsPowerShell\\v1.0\\powershell.exe,"\""cmd.exe\"" /c systeminfo &amp; reg query HKLM\\SYSTEM\\CurrentControlSet\\Services\\Disk\\Enum","\""cmd.exe\"" /c systeminfo &amp; reg query HKLM\SYSTEM\CurrentControlSet\Services\Disk\Enum",
2026-08-06T09:23:01.966+0000,1,attack,T1082,custom,20260806-092238-attack-r3,92032,92032,3,Suspicious Windows cmd shell execution,T1087;T1059.003,C:\\Windows\\System32\\systeminfo.exe,C:\\Windows\\System32\\cmd.exe,systeminfo,systeminfo,
2026-08-06T09:23:03.829+0000,1,attack,T1082,custom,20260806-092238-attack-r3,92052,cmd-spawned-by-nonshell-parent,4,Windows command prompt started by an abnormal process,T1059.003,C:\\Windows\\System32\\cmd.exe,C:\\Windows\\System32\\WindowsPowerShell\\v1.0\\powershell.exe,"\""cmd.exe\"" /c hostname","\""cmd.exe\"" /c hostname",
2026-08-06T09:23:03.831+0000,1,attack,T1082,custom,20260806-092238-attack-r3,100230,100230,8,T1082 System Information Discovery via native host-information utility,T1082,C:\\Windows\\System32\\HOSTNAME.EXE,C:\\Windows\\System32\\cmd.exe,hostname,hostname,
2026-08-06T09:23:05.241+0000,1,attack,T1082,custom,20260806-092238-attack-r3,92052,cmd-spawned-by-nonshell-parent,4,Windows command prompt started by an abnormal process,T1059.003,C:\\Windows\\System32\\cmd.exe,C:\\Windows\\System32\\WindowsPowerShell\\v1.0\\powershell.exe,"\""cmd.exe\"" /c REG QUERY HKEY_LOCAL_MACHINE\\SOFTWARE\\Microsoft\\Cryptography /v MachineGuid","\""cmd.exe\"" /c REG QUERY HKEY_LOCAL_MACHINE\SOFTWARE\Microsoft\Cryptography /v MachineGuid",
2026-08-06T09:23:05.244+0000,1,attack,T1082,custom,20260806-092238-attack-r3,100232,100232,8,T1082 System Information Discovery via registry query for host identity,T1082,C:\\Windows\\System32\\reg.exe,C:\\Windows\\System32\\cmd.exe,REG  QUERY HKEY_LOCAL_MACHINE\\SOFTWARE\\Microsoft\\Cryptography /v MachineGuid,REG  QUERY HKEY_LOCAL_MACHINE\SOFTWARE\Microsoft\Cryptography /v MachineGuid,
2026-08-06T09:23:05.249+0000,1,attack,T1082,custom,20260806-092238-attack-r3,92052,cmd-spawned-by-nonshell-parent,4,Windows command prompt started by an abnormal process,T1059.003,C:\\Windows\\System32\\cmd.exe,C:\\Windows\\System32\\WindowsPowerShell\\v1.0\\powershell.exe,"\""cmd.exe\"" /c set","\""cmd.exe\"" /c set",
2026-08-06T09:23:06.453+0000,1,attack,T1082,custom,20260806-092238-attack-r3,92052,cmd-spawned-by-nonshell-parent,4,Windows command prompt started by an abnormal process,T1059.003,C:\\Windows\\System32\\cmd.exe,C:\\Windows\\System32\\WindowsPowerShell\\v1.0\\powershell.exe,"\""cmd.exe\"" /c wmic cpu get name &amp; wmic MEMPHYSICAL get MaxCapacity &amp; wmic baseboard get product &amp; wmic baseboard get version &amp; wmic bios get SMBIOSBIOSVersion &amp; wmic path win32_VideoController get name &amp; wmic path win32_VideoController get DriverVersion &amp; wmic path win32_VideoController get VideoModeDescription &amp; wmic OS get Caption,OSArchitecture,Version &amp; wmic DISKDRIVE get Caption &amp; Get-WmiObject win32_bios","\""cmd.exe\"" /c wmic cpu get name &amp; wmic MEMPHYSICAL get MaxCapacity &amp; wmic baseboard get product &amp; wmic baseboard get version &amp; wmic bios get SMBIOSBIOSVersion &amp; wmic path win32_VideoController get name &amp; wmic path win32_VideoController get DriverVersion &amp; wmic path win32_VideoController get VideoModeDescription &amp; wmic OS get Caption,OSArchitecture,Version &amp; wmic DISKDRIVE get Caption &amp; Get-WmiObject win32_bios",
2026-08-06T09:23:06.454+0000,1,attack,T1082,custom,20260806-092238-attack-r3,92032,92032,3,Suspicious Windows cmd shell execution,T1087;T1059.003,C:\\Windows\\System32\\wbem\\WMIC.exe,C:\\Windows\\System32\\cmd.exe,wmic  cpu get name,wmic  cpu get name,
2026-08-06T09:23:06.472+0000,1,attack,T1082,custom,20260806-092238-attack-r3,92032,92032,3,Suspicious Windows cmd shell execution,T1087;T1059.003,C:\\Windows\\System32\\wbem\\WMIC.exe,C:\\Windows\\System32\\cmd.exe,wmic  MEMPHYSICAL get MaxCapacity,wmic  MEMPHYSICAL get MaxCapacity,
2026-08-06T09:23:06.472+0000,1,attack,T1082,custom,20260806-092238-attack-r3,92032,92032,3,Suspicious Windows cmd shell execution,T1087;T1059.003,C:\\Windows\\System32\\wbem\\WMIC.exe,C:\\Windows\\System32\\cmd.exe,wmic  baseboard get product,wmic  baseboard get product,
2026-08-06T09:23:06.485+0000,1,attack,T1082,custom,20260806-092238-attack-r3,92032,92032,3,Suspicious Windows cmd shell execution,T1087;T1059.003,C:\\Windows\\System32\\wbem\\WMIC.exe,C:\\Windows\\System32\\cmd.exe,wmic  baseboard get version,wmic  baseboard get version,
2026-08-06T09:23:40.007+0000,1,attack,T1082,custom,20260806-092238-attack-r3,100231,100231,8,T1082 System Information Discovery via WMIC host query,T1082,C:\\Windows\\System32\\wbem\\WMIC.exe,C:\\Windows\\System32\\cmd.exe,wmic  bios get SMBIOSBIOSVersion,wmic  bios get SMBIOSBIOSVersion,
2026-08-06T09:23:40.094+0000,1,attack,T1082,custom,20260806-092238-attack-r3,92032,92032,3,Suspicious Windows cmd shell execution,T1087;T1059.003,C:\\Windows\\System32\\wbem\\WMIC.exe,C:\\Windows\\System32\\cmd.exe,wmic  path win32_VideoController get name,wmic  path win32_VideoController get name,
2026-08-06T09:23:40.097+0000,1,attack,T1082,custom,20260806-092238-attack-r3,92032,92032,3,Suspicious Windows cmd shell execution,T1087;T1059.003,C:\\Windows\\System32\\wbem\\WMIC.exe,C:\\Windows\\System32\\cmd.exe,wmic  path win32_VideoController get DriverVersion,wmic  path win32_VideoController get DriverVersion,
2026-08-06T09:23:40.097+0000,1,attack,T1082,custom,20260806-092238-attack-r3,92032,92032,3,Suspicious Windows cmd shell execution,T1087;T1059.003,C:\\Windows\\System32\\wbem\\WMIC.exe,C:\\Windows\\System32\\cmd.exe,wmic  path win32_VideoController get VideoModeDescription,wmic  path win32_VideoController get VideoModeDescription,
2026-08-06T09:23:40.122+0000,1,attack,T1082,custom,20260806-092238-attack-r3,100231,100231,8,T1082 System Information Discovery via WMIC host query,T1082,C:\\Windows\\System32\\wbem\\WMIC.exe,C:\\Windows\\System32\\cmd.exe,"wmic  OS get Caption,OSArchitecture,Version","wmic  OS get Caption,OSArchitecture,Version",
2026-08-06T09:23:40.150+0000,1,attack,T1082,custom,20260806-092238-attack-r3,100231,100231,8,T1082 System Information Discovery via WMIC host query,T1082,C:\\Windows\\System32\\wbem\\WMIC.exe,C:\\Windows\\System32\\cmd.exe,wmic  DISKDRIVE get Caption,wmic  DISKDRIVE get Caption,
2026-08-06T09:23:41.688+0000,1,attack,T1082,custom,20260806-092238-attack-r3,92052,cmd-spawned-by-nonshell-parent,4,Windows command prompt started by an abnormal process,T1059.003,C:\\Windows\\System32\\cmd.exe,C:\\Windows\\System32\\WindowsPowerShell\\v1.0\\powershell.exe,"\""cmd.exe\"" /c reg query \""HKEY_CURRENT_USER\\Control Panel\\International\\Geo\""","\""cmd.exe\"" /c reg query \""HKEY_CURRENT_USER\Control Panel\International\Geo\""",
2026-08-06T09:23:41.704+0000,1,attack,T1082,custom,20260806-092238-attack-r3,100232,100232,8,T1082 System Information Discovery via registry query for host identity,T1082,C:\\Windows\\System32\\reg.exe,C:\\Windows\\System32\\cmd.exe,"reg  query \""HKEY_CURRENT_USER\\Control Panel\\International\\Geo\""","reg  query \""HKEY_CURRENT_USER\Control Panel\International\Geo\""",
2026-08-06T09:23:41.727+0000,1,attack,T1082,custom,20260806-092238-attack-r3,92052,cmd-spawned-by-nonshell-parent,4,Windows command prompt started by an abnormal process,T1059.003,C:\\Windows\\System32\\cmd.exe,C:\\Windows\\System32\\WindowsPowerShell\\v1.0\\powershell.exe,"\""cmd.exe\"" /c reg query HKEY_LOCAL_MACHINE\\HARDWARE\\DESCRIPTION\\System /v SystemBiosVersion &amp; reg query HKEY_LOCAL_MACHINE\\HARDWARE\\DESCRIPTION\\System /v VideoBiosVersion","\""cmd.exe\"" /c reg query HKEY_LOCAL_MACHINE\HARDWARE\DESCRIPTION\System /v SystemBiosVersion &amp; reg query HKEY_LOCAL_MACHINE\HARDWARE\DESCRIPTION\System /v VideoBiosVersion",
2026-08-06T09:23:41.730+0000,1,attack,T1082,custom,20260806-092238-attack-r3,100232,100232,8,T1082 System Information Discovery via registry query for host identity,T1082,C:\\Windows\\System32\\reg.exe,C:\\Windows\\System32\\cmd.exe,reg  query HKEY_LOCAL_MACHINE\\HARDWARE\\DESCRIPTION\\System /v VideoBiosVersion,reg  query HKEY_LOCAL_MACHINE\HARDWARE\DESCRIPTION\System /v VideoBiosVersion,
2026-08-06T09:23:41.730+0000,1,attack,T1082,custom,20260806-092238-attack-r3,100232,100232,8,T1082 System Information Discovery via registry query for host identity,T1082,C:\\Windows\\System32\\reg.exe,C:\\Windows\\System32\\cmd.exe,reg  query HKEY_LOCAL_MACHINE\\HARDWARE\\DESCRIPTION\\System /v SystemBiosVersion,reg  query HKEY_LOCAL_MACHINE\HARDWARE\DESCRIPTION\System /v SystemBiosVersion,
2026-08-06T09:23:42.720+0000,1,attack,T1082,custom,20260806-092238-attack-r3,100233,100233,8,T1082 System Information Discovery via PowerShell cmdlet or WMI class,T1082,C:\\Windows\\System32\\WindowsPowerShell\\v1.0\\powershell.exe,C:\\Windows\\System32\\WindowsPowerShell\\v1.0\\powershell.exe,"\""powershell.exe\"" &amp; {Get-CimInstance Win32_OperatingSystem | Select-Object Caption, Version, ServicePackMajorVersion, OSArchitecture, CSName, WindowsDirectory | Out-null}","\""powershell.exe\"" &amp; {Get-CimInstance Win32_OperatingSystem | Select-Object Caption, Version, ServicePackMajorVersion, OSArchitecture, CSName, WindowsDirectory | Out-null}",
2026-08-06T09:23:42.767+0000,1,attack,T1082,custom,20260806-092238-attack-r3,92052,cmd-spawned-by-nonshell-parent,4,Windows command prompt started by an abnormal process,T1059.003,C:\\Windows\\System32\\cmd.exe,C:\\Windows\\System32\\WindowsPowerShell\\v1.0\\powershell.exe,"\""cmd.exe\"" /c ver","\""cmd.exe\"" /c ver",
2026-08-06T09:23:44.250+0000,1,attack,T1082,custom,20260806-092238-attack-r3,92052,cmd-spawned-by-nonshell-parent,4,Windows command prompt started by an abnormal process,T1059.003,C:\\Windows\\System32\\cmd.exe,C:\\Windows\\System32\\WindowsPowerShell\\v1.0\\powershell.exe,"\""cmd.exe\"" /c vssadmin.exe list shadows","\""cmd.exe\"" /c vssadmin.exe list shadows",
2026-08-06T09:23:44.266+0000,1,attack,T1082,custom,20260806-092238-attack-r3,92032,92032,3,Suspicious Windows cmd shell execution,T1087;T1059.003,C:\\Windows\\System32\\vssadmin.exe,C:\\Windows\\System32\\cmd.exe,vssadmin.exe  list shadows,vssadmin.exe  list shadows,
2026-08-06T09:23:44.299+0000,1,attack,T1082,custom,20260806-092238-attack-r3,92052,cmd-spawned-by-nonshell-parent,4,Windows command prompt started by an abnormal process,T1059.003,C:\\Windows\\System32\\cmd.exe,C:\\Windows\\System32\\WindowsPowerShell\\v1.0\\powershell.exe,"\""cmd.exe\"" /c powershell.exe -c \""Get-Culture | Format-List | Out-File -FilePath %%TMP%%\\a.txt\""","\""cmd.exe\"" /c powershell.exe -c \""Get-Culture | Format-List | Out-File -FilePath %%TMP%%\a.txt\""",
2026-08-06T09:23:44.299+0000,1,attack,T1082,custom,20260806-092238-attack-r3,92032,92032,3,Suspicious Windows cmd shell execution,T1087;T1059.003,C:\\Windows\\System32\\WindowsPowerShell\\v1.0\\powershell.exe,C:\\Windows\\System32\\cmd.exe,"powershell.exe  -c \""Get-Culture | Format-List | Out-File -FilePath C:\\Users\\Basit\\AppData\\Local\\Temp\\a.txt\""","powershell.exe  -c \""Get-Culture | Format-List | Out-File -FilePath C:\Users\Basit\AppData\Local\Temp\a.txt\""",
2026-08-06T09:23:45.690+0000,1,attack,T1082,custom,20260806-092238-attack-r3,92052,cmd-spawned-by-nonshell-parent,4,Windows command prompt started by an abnormal process,T1059.003,C:\\Windows\\System32\\cmd.exe,C:\\Windows\\System32\\WindowsPowerShell\\v1.0\\powershell.exe,"\""cmd.exe\"" /c powershell.exe -c \""gdr -PSProvider 'FileSystem'\""","\""cmd.exe\"" /c powershell.exe -c \""gdr -PSProvider 'FileSystem'\""",
2026-08-06T09:23:45.721+0000,1,attack,T1082,custom,20260806-092238-attack-r3,92032,92032,3,Suspicious Windows cmd shell execution,T1087;T1059.003,C:\\Windows\\System32\\WindowsPowerShell\\v1.0\\powershell.exe,C:\\Windows\\System32\\cmd.exe,"powershell.exe  -c \""gdr -PSProvider 'FileSystem'\""","powershell.exe  -c \""gdr -PSProvider 'FileSystem'\""",
2026-08-06T09:23:47.034+0000,1,attack,T1082,custom,20260806-092238-attack-r3,92052,cmd-spawned-by-nonshell-parent,4,Windows command prompt started by an abnormal process,T1059.003,C:\\Windows\\System32\\cmd.exe,C:\\Windows\\System32\\WindowsPowerShell\\v1.0\\powershell.exe,"\""cmd.exe\"" /c reg query \""HKLM\\SOFTWARE\\Microsoft\\Windows NT\\CurrentVersion\"" /v ProductName","\""cmd.exe\"" /c reg query \""HKLM\SOFTWARE\Microsoft\Windows NT\CurrentVersion\"" /v ProductName",
2026-08-06T09:23:47.068+0000,1,attack,T1082,custom,20260806-092238-attack-r3,100232,100232,8,T1082 System Information Discovery via registry query for host identity,T1082,C:\\Windows\\System32\\reg.exe,C:\\Windows\\System32\\cmd.exe,"reg  query \""HKLM\\SOFTWARE\\Microsoft\\Windows NT\\CurrentVersion\"" /v ProductName","reg  query \""HKLM\SOFTWARE\Microsoft\Windows NT\CurrentVersion\"" /v ProductName",
2026-08-06T09:23:47.081+0000,1,attack,T1082,custom,20260806-092238-attack-r3,92052,cmd-spawned-by-nonshell-parent,4,Windows command prompt started by an abnormal process,T1059.003,C:\\Windows\\System32\\cmd.exe,C:\\Windows\\System32\\WindowsPowerShell\\v1.0\\powershell.exe,"\""cmd.exe\"" /c reg query \""HKLM\\SOFTWARE\\Microsoft\\Windows NT\\CurrentVersion\"" /v CurrentBuildNumber","\""cmd.exe\"" /c reg query \""HKLM\SOFTWARE\Microsoft\Windows NT\CurrentVersion\"" /v CurrentBuildNumber",
2026-08-06T09:23:47.113+0000,1,attack,T1082,custom,20260806-092238-attack-r3,100232,100232,8,T1082 System Information Discovery via registry query for host identity,T1082,C:\\Windows\\System32\\reg.exe,C:\\Windows\\System32\\cmd.exe,"reg  query \""HKLM\\SOFTWARE\\Microsoft\\Windows NT\\CurrentVersion\"" /v CurrentBuildNumber","reg  query \""HKLM\SOFTWARE\Microsoft\Windows NT\CurrentVersion\"" /v CurrentBuildNumber",
2026-08-06T09:24:23.871+0000,1,attack,T1082,custom,20260806-092238-attack-r3,92217,92217,6,Executable dropped in Windows root folder,T1570,C:\\Windows\\system32\\svchost.exe,,,,C:\\Windows\\SoftwareDistribution\\Download\\Install\\AM_Delta.exe
2026-08-06T09:24:52.935+0000,1,attack,T1082,custom,20260806-092238-attack-r3,60642,60642,3,Software protection service scheduled successfully.,,,,,,
2026-08-06T09:25:19.381+0000,1,attack,T1082,custom,20260806-092238-attack-r3,92052,cmd-spawned-by-nonshell-parent,4,Windows command prompt started by an abnormal process,T1059.003,C:\\Windows\\System32\\cmd.exe,C:\\Windows\\System32\\WindowsPowerShell\\v1.0\\powershell.exe,"\""cmd.exe\"" /c systeminfo &amp; reg query HKLM\\SYSTEM\\CurrentControlSet\\Services\\Disk\\Enum","\""cmd.exe\"" /c systeminfo &amp; reg query HKLM\SYSTEM\CurrentControlSet\Services\Disk\Enum",
2026-08-06T09:25:19.391+0000,1,attack,T1082,custom,20260806-092238-attack-r3,92032,92032,3,Suspicious Windows cmd shell execution,T1087;T1059.003,C:\\Windows\\System32\\systeminfo.exe,C:\\Windows\\System32\\cmd.exe,systeminfo,systeminfo,
2026-08-06T09:26:05.425+0000,1,attack,T1082,custom,20260806-092426-attack-r4,92052,cmd-spawned-by-nonshell-parent,4,Windows command prompt started by an abnormal process,T1059.003,C:\\Windows\\System32\\cmd.exe,C:\\Windows\\System32\\WindowsPowerShell\\v1.0\\powershell.exe,"\""cmd.exe\"" /c hostname","\""cmd.exe\"" /c hostname",
2026-08-06T09:26:05.425+0000,1,attack,T1082,custom,20260806-092426-attack-r4,100230,100230,8,T1082 System Information Discovery via native host-information utility,T1082,C:\\Windows\\System32\\HOSTNAME.EXE,C:\\Windows\\System32\\cmd.exe,hostname,hostname,
2026-08-06T09:26:48.627+0000,1,attack,T1082,custom,20260806-092426-attack-r4,60702,60702,5,The VSS service is shutting down due to idle timeout.,,,,,,
2026-08-06T09:27:14.705+0000,1,attack,T1082,custom,20260806-092426-attack-r4,92052,cmd-spawned-by-nonshell-parent,4,Windows command prompt started by an abnormal process,T1059.003,C:\\Windows\\System32\\cmd.exe,C:\\Windows\\System32\\WindowsPowerShell\\v1.0\\powershell.exe,"\""cmd.exe\"" /c REG QUERY HKEY_LOCAL_MACHINE\\SOFTWARE\\Microsoft\\Cryptography /v MachineGuid","\""cmd.exe\"" /c REG QUERY HKEY_LOCAL_MACHINE\SOFTWARE\Microsoft\Cryptography /v MachineGuid",
2026-08-06T09:27:14.719+0000,1,attack,T1082,custom,20260806-092426-attack-r4,100232,100232,8,T1082 System Information Discovery via registry query for host identity,T1082,C:\\Windows\\System32\\reg.exe,C:\\Windows\\System32\\cmd.exe,REG  QUERY HKEY_LOCAL_MACHINE\\SOFTWARE\\Microsoft\\Cryptography /v MachineGuid,REG  QUERY HKEY_LOCAL_MACHINE\SOFTWARE\Microsoft\Cryptography /v MachineGuid,
2026-08-06T09:27:14.720+0000,1,attack,T1082,custom,20260806-092426-attack-r4,92052,cmd-spawned-by-nonshell-parent,4,Windows command prompt started by an abnormal process,T1059.003,C:\\Windows\\System32\\cmd.exe,C:\\Windows\\System32\\WindowsPowerShell\\v1.0\\powershell.exe,"\""cmd.exe\"" /c set","\""cmd.exe\"" /c set",
2026-08-06T09:27:14.769+0000,1,attack,T1082,custom,20260806-092426-attack-r4,92052,cmd-spawned-by-nonshell-parent,4,Windows command prompt started by an abnormal process,T1059.003,C:\\Windows\\System32\\cmd.exe,C:\\Windows\\System32\\WindowsPowerShell\\v1.0\\powershell.exe,"\""cmd.exe\"" /c wmic cpu get name &amp; wmic MEMPHYSICAL get MaxCapacity &amp; wmic baseboard get product &amp; wmic baseboard get version &amp; wmic bios get SMBIOSBIOSVersion &amp; wmic path win32_VideoController get name &amp; wmic path win32_VideoController get DriverVersion &amp; wmic path win32_VideoController get VideoModeDescription &amp; wmic OS get Caption,OSArchitecture,Version &amp; wmic DISKDRIVE get Caption &amp; Get-WmiObject win32_bios","\""cmd.exe\"" /c wmic cpu get name &amp; wmic MEMPHYSICAL get MaxCapacity &amp; wmic baseboard get product &amp; wmic baseboard get version &amp; wmic bios get SMBIOSBIOSVersion &amp; wmic path win32_VideoController get name &amp; wmic path win32_VideoController get DriverVersion &amp; wmic path win32_VideoController get VideoModeDescription &amp; wmic OS get Caption,OSArchitecture,Version &amp; wmic DISKDRIVE get Caption &amp; Get-WmiObject win32_bios",
2026-08-06T09:27:16.505+0000,1,attack,T1082,custom,20260806-092426-attack-r4,92032,92032,3,Suspicious Windows cmd shell execution,T1087;T1059.003,C:\\Windows\\System32\\wbem\\WMIC.exe,C:\\Windows\\System32\\cmd.exe,wmic  cpu get name,wmic  cpu get name,
2026-08-06T09:27:16.542+0000,1,attack,T1082,custom,20260806-092426-attack-r4,92032,92032,3,Suspicious Windows cmd shell execution,T1087;T1059.003,C:\\Windows\\System32\\wbem\\WMIC.exe,C:\\Windows\\System32\\cmd.exe,wmic  MEMPHYSICAL get MaxCapacity,wmic  MEMPHYSICAL get MaxCapacity,
2026-08-06T09:27:33.709+0000,1,attack,T1082,custom,20260806-092426-attack-r4,92032,92032,3,Suspicious Windows cmd shell execution,T1087;T1059.003,C:\\Windows\\System32\\wbem\\WMIC.exe,C:\\Windows\\System32\\cmd.exe,wmic  baseboard get version,wmic  baseboard get version,
2026-08-06T09:27:33.709+0000,1,attack,T1082,custom,20260806-092426-attack-r4,92032,92032,3,Suspicious Windows cmd shell execution,T1087;T1059.003,C:\\Windows\\System32\\wbem\\WMIC.exe,C:\\Windows\\System32\\cmd.exe,wmic  baseboard get product,wmic  baseboard get product,
2026-08-06T09:27:34.948+0000,1,attack,T1082,custom,20260806-092426-attack-r4,100231,100231,8,T1082 System Information Discovery via WMIC host query,T1082,C:\\Windows\\System32\\wbem\\WMIC.exe,C:\\Windows\\System32\\cmd.exe,wmic  bios get SMBIOSBIOSVersion,wmic  bios get SMBIOSBIOSVersion,
2026-08-06T09:27:34.960+0000,1,attack,T1082,custom,20260806-092426-attack-r4,92032,92032,3,Suspicious Windows cmd shell execution,T1087;T1059.003,C:\\Windows\\System32\\wbem\\WMIC.exe,C:\\Windows\\System32\\cmd.exe,wmic  path win32_VideoController get name,wmic  path win32_VideoController get name,
2026-08-06T09:27:34.960+0000,1,attack,T1082,custom,20260806-092426-attack-r4,92032,92032,3,Suspicious Windows cmd shell execution,T1087;T1059.003,C:\\Windows\\System32\\wbem\\WMIC.exe,C:\\Windows\\System32\\cmd.exe,wmic  path win32_VideoController get DriverVersion,wmic  path win32_VideoController get DriverVersion,
2026-08-06T09:27:34.980+0000,1,attack,T1082,custom,20260806-092426-attack-r4,92032,92032,3,Suspicious Windows cmd shell execution,T1087;T1059.003,C:\\Windows\\System32\\wbem\\WMIC.exe,C:\\Windows\\System32\\cmd.exe,wmic  path win32_VideoController get VideoModeDescription,wmic  path win32_VideoController get VideoModeDescription,
2026-08-06T09:27:36.199+0000,1,attack,T1082,custom,20260806-092426-attack-r4,100231,100231,8,T1082 System Information Discovery via WMIC host query,T1082,C:\\Windows\\System32\\wbem\\WMIC.exe,C:\\Windows\\System32\\cmd.exe,"wmic  OS get Caption,OSArchitecture,Version","wmic  OS get Caption,OSArchitecture,Version",
2026-08-06T09:27:36.204+0000,1,attack,T1082,custom,20260806-092426-attack-r4,100231,100231,8,T1082 System Information Discovery via WMIC host query,T1082,C:\\Windows\\System32\\wbem\\WMIC.exe,C:\\Windows\\System32\\cmd.exe,wmic  DISKDRIVE get Caption,wmic  DISKDRIVE get Caption,
2026-08-06T09:29:22.231+0000,1,attack,T1082,custom,20260806-092426-attack-r4,92052,cmd-spawned-by-nonshell-parent,4,Windows command prompt started by an abnormal process,T1059.003,C:\\Windows\\System32\\cmd.exe,C:\\Windows\\System32\\WindowsPowerShell\\v1.0\\powershell.exe,"\""cmd.exe\"" /c reg query \""HKEY_CURRENT_USER\\Control Panel\\International\\Geo\""","\""cmd.exe\"" /c reg query \""HKEY_CURRENT_USER\Control Panel\International\Geo\""",
2026-08-06T09:29:22.247+0000,1,attack,T1082,custom,20260806-092426-attack-r4,92052,cmd-spawned-by-nonshell-parent,4,Windows command prompt started by an abnormal process,T1059.003,C:\\Windows\\System32\\cmd.exe,C:\\Windows\\System32\\WindowsPowerShell\\v1.0\\powershell.exe,"\""cmd.exe\"" /c reg query HKEY_LOCAL_MACHINE\\HARDWARE\\DESCRIPTION\\System /v SystemBiosVersion &amp; reg query HKEY_LOCAL_MACHINE\\HARDWARE\\DESCRIPTION\\System /v VideoBiosVersion","\""cmd.exe\"" /c reg query HKEY_LOCAL_MACHINE\HARDWARE\DESCRIPTION\System /v SystemBiosVersion &amp; reg query HKEY_LOCAL_MACHINE\HARDWARE\DESCRIPTION\System /v VideoBiosVersion",
2026-08-06T09:29:22.248+0000,1,attack,T1082,custom,20260806-092426-attack-r4,100232,100232,8,T1082 System Information Discovery via registry query for host identity,T1082,C:\\Windows\\System32\\reg.exe,C:\\Windows\\System32\\cmd.exe,"reg  query \""HKEY_CURRENT_USER\\Control Panel\\International\\Geo\""","reg  query \""HKEY_CURRENT_USER\Control Panel\International\Geo\""",
2026-08-06T09:29:22.274+0000,1,attack,T1082,custom,20260806-092426-attack-r4,100232,100232,8,T1082 System Information Discovery via registry query for host identity,T1082,C:\\Windows\\System32\\reg.exe,C:\\Windows\\System32\\cmd.exe,reg  query HKEY_LOCAL_MACHINE\\HARDWARE\\DESCRIPTION\\System /v SystemBiosVersion,reg  query HKEY_LOCAL_MACHINE\HARDWARE\DESCRIPTION\System /v SystemBiosVersion,
2026-08-06T09:29:22.314+0000,1,attack,T1082,custom,20260806-092426-attack-r4,100232,100232,8,T1082 System Information Discovery via registry query for host identity,T1082,C:\\Windows\\System32\\reg.exe,C:\\Windows\\System32\\cmd.exe,reg  query HKEY_LOCAL_MACHINE\\HARDWARE\\DESCRIPTION\\System /v VideoBiosVersion,reg  query HKEY_LOCAL_MACHINE\HARDWARE\DESCRIPTION\System /v VideoBiosVersion,
2026-08-06T09:29:22.329+0000,1,attack,T1082,custom,20260806-092426-attack-r4,100233,100233,8,T1082 System Information Discovery via PowerShell cmdlet or WMI class,T1082,C:\\Windows\\System32\\WindowsPowerShell\\v1.0\\powershell.exe,C:\\Windows\\System32\\WindowsPowerShell\\v1.0\\powershell.exe,"\""powershell.exe\"" &amp; {Get-CimInstance Win32_OperatingSystem | Select-Object Caption, Version, ServicePackMajorVersion, OSArchitecture, CSName, WindowsDirectory | Out-null}","\""powershell.exe\"" &amp; {Get-CimInstance Win32_OperatingSystem | Select-Object Caption, Version, ServicePackMajorVersion, OSArchitecture, CSName, WindowsDirectory | Out-null}",
2026-08-06T09:29:23.823+0000,1,attack,T1082,custom,20260806-092426-attack-r4,92052,cmd-spawned-by-nonshell-parent,4,Windows command prompt started by an abnormal process,T1059.003,C:\\Windows\\System32\\cmd.exe,C:\\Windows\\System32\\WindowsPowerShell\\v1.0\\powershell.exe,"\""cmd.exe\"" /c ver","\""cmd.exe\"" /c ver",
2026-08-06T09:29:23.826+0000,1,attack,T1082,custom,20260806-092426-attack-r4,92052,cmd-spawned-by-nonshell-parent,4,Windows command prompt started by an abnormal process,T1059.003,C:\\Windows\\System32\\cmd.exe,C:\\Windows\\System32\\WindowsPowerShell\\v1.0\\powershell.exe,"\""cmd.exe\"" /c vssadmin.exe list shadows","\""cmd.exe\"" /c vssadmin.exe list shadows",
2026-08-06T09:29:23.849+0000,1,attack,T1082,custom,20260806-092426-attack-r4,92032,92032,3,Suspicious Windows cmd shell execution,T1087;T1059.003,C:\\Windows\\System32\\vssadmin.exe,C:\\Windows\\System32\\cmd.exe,vssadmin.exe  list shadows,vssadmin.exe  list shadows,
2026-08-06T09:29:23.878+0000,1,attack,T1082,custom,20260806-092426-attack-r4,92052,cmd-spawned-by-nonshell-parent,4,Windows command prompt started by an abnormal process,T1059.003,C:\\Windows\\System32\\cmd.exe,C:\\Windows\\System32\\WindowsPowerShell\\v1.0\\powershell.exe,"\""cmd.exe\"" /c powershell.exe -c \""Get-Culture | Format-List | Out-File -FilePath %%TMP%%\\a.txt\""","\""cmd.exe\"" /c powershell.exe -c \""Get-Culture | Format-List | Out-File -FilePath %%TMP%%\a.txt\""",
2026-08-06T09:29:23.895+0000,1,attack,T1082,custom,20260806-092426-attack-r4,92032,92032,3,Suspicious Windows cmd shell execution,T1087;T1059.003,C:\\Windows\\System32\\WindowsPowerShell\\v1.0\\powershell.exe,C:\\Windows\\System32\\cmd.exe,"powershell.exe  -c \""Get-Culture | Format-List | Out-File -FilePath C:\\Users\\Basit\\AppData\\Local\\Temp\\a.txt\""","powershell.exe  -c \""Get-Culture | Format-List | Out-File -FilePath C:\Users\Basit\AppData\Local\Temp\a.txt\""",
2026-08-06T09:29:25.150+0000,1,attack,T1082,custom,20260806-092426-attack-r4,92052,cmd-spawned-by-nonshell-parent,4,Windows command prompt started by an abnormal process,T1059.003,C:\\Windows\\System32\\cmd.exe,C:\\Windows\\System32\\WindowsPowerShell\\v1.0\\powershell.exe,"\""cmd.exe\"" /c powershell.exe -c \""gdr -PSProvider 'FileSystem'\""","\""cmd.exe\"" /c powershell.exe -c \""gdr -PSProvider 'FileSystem'\""",
2026-08-06T09:29:25.178+0000,1,attack,T1082,custom,20260806-092426-attack-r4,92032,92032,3,Suspicious Windows cmd shell execution,T1087;T1059.003,C:\\Windows\\System32\\WindowsPowerShell\\v1.0\\powershell.exe,C:\\Windows\\System32\\cmd.exe,"powershell.exe  -c \""gdr -PSProvider 'FileSystem'\""","powershell.exe  -c \""gdr -PSProvider 'FileSystem'\""",
2026-08-06T09:29:25.205+0000,1,attack,T1082,custom,20260806-092426-attack-r4,92052,cmd-spawned-by-nonshell-parent,4,Windows command prompt started by an abnormal process,T1059.003,C:\\Windows\\System32\\cmd.exe,C:\\Windows\\System32\\WindowsPowerShell\\v1.0\\powershell.exe,"\""cmd.exe\"" /c reg query \""HKLM\\SOFTWARE\\Microsoft\\Windows NT\\CurrentVersion\"" /v ProductName","\""cmd.exe\"" /c reg query \""HKLM\SOFTWARE\Microsoft\Windows NT\CurrentVersion\"" /v ProductName",
2026-08-06T09:29:25.256+0000,1,attack,T1082,custom,20260806-092426-attack-r4,100232,100232,8,T1082 System Information Discovery via registry query for host identity,T1082,C:\\Windows\\System32\\reg.exe,C:\\Windows\\System32\\cmd.exe,"reg  query \""HKLM\\SOFTWARE\\Microsoft\\Windows NT\\CurrentVersion\"" /v ProductName","reg  query \""HKLM\SOFTWARE\Microsoft\Windows NT\CurrentVersion\"" /v ProductName",
2026-08-06T09:29:26.428+0000,1,attack,T1082,custom,20260806-092426-attack-r4,92052,cmd-spawned-by-nonshell-parent,4,Windows command prompt started by an abnormal process,T1059.003,C:\\Windows\\System32\\cmd.exe,C:\\Windows\\System32\\WindowsPowerShell\\v1.0\\powershell.exe,"\""cmd.exe\"" /c reg query \""HKLM\\SOFTWARE\\Microsoft\\Windows NT\\CurrentVersion\"" /v CurrentBuildNumber","\""cmd.exe\"" /c reg query \""HKLM\SOFTWARE\Microsoft\Windows NT\CurrentVersion\"" /v CurrentBuildNumber",
2026-08-06T09:29:26.459+0000,1,attack,T1082,custom,20260806-092426-attack-r4,100232,100232,8,T1082 System Information Discovery via registry query for host identity,T1082,C:\\Windows\\System32\\reg.exe,C:\\Windows\\System32\\cmd.exe,"reg  query \""HKLM\\SOFTWARE\\Microsoft\\Windows NT\\CurrentVersion\"" /v CurrentBuildNumber","reg  query \""HKLM\SOFTWARE\Microsoft\Windows NT\CurrentVersion\"" /v CurrentBuildNumber",
2026-08-06T09:29:40.328+0000,1,attack,T1082,custom,20260806-092426-attack-r4,60642,60642,3,Software protection service scheduled successfully.,,,,,,
2026-08-06T09:30:36.692+0000,1,attack,T1082,custom,20260806-092955-attack-r5,92052,cmd-spawned-by-nonshell-parent,4,Windows command prompt started by an abnormal process,T1059.003,C:\\Windows\\System32\\cmd.exe,C:\\Windows\\System32\\WindowsPowerShell\\v1.0\\powershell.exe,"\""cmd.exe\"" /c systeminfo &amp; reg query HKLM\\SYSTEM\\CurrentControlSet\\Services\\Disk\\Enum","\""cmd.exe\"" /c systeminfo &amp; reg query HKLM\SYSTEM\CurrentControlSet\Services\Disk\Enum",
2026-08-06T09:30:36.722+0000,1,attack,T1082,custom,20260806-092955-attack-r5,92032,92032,3,Suspicious Windows cmd shell execution,T1087;T1059.003,C:\\Windows\\System32\\systeminfo.exe,C:\\Windows\\System32\\cmd.exe,systeminfo,systeminfo,
2026-08-06T09:30:38.692+0000,1,attack,T1082,custom,20260806-092955-attack-r5,92052,cmd-spawned-by-nonshell-parent,4,Windows command prompt started by an abnormal process,T1059.003,C:\\Windows\\System32\\cmd.exe,C:\\Windows\\System32\\WindowsPowerShell\\v1.0\\powershell.exe,"\""cmd.exe\"" /c hostname","\""cmd.exe\"" /c hostname",
2026-08-06T09:30:38.692+0000,1,attack,T1082,custom,20260806-092955-attack-r5,100230,100230,8,T1082 System Information Discovery via native host-information utility,T1082,C:\\Windows\\System32\\HOSTNAME.EXE,C:\\Windows\\System32\\cmd.exe,hostname,hostname,
2026-08-06T09:30:38.740+0000,1,attack,T1082,custom,20260806-092955-attack-r5,92052,cmd-spawned-by-nonshell-parent,4,Windows command prompt started by an abnormal process,T1059.003,C:\\Windows\\System32\\cmd.exe,C:\\Windows\\System32\\WindowsPowerShell\\v1.0\\powershell.exe,"\""cmd.exe\"" /c REG QUERY HKEY_LOCAL_MACHINE\\SOFTWARE\\Microsoft\\Cryptography /v MachineGuid","\""cmd.exe\"" /c REG QUERY HKEY_LOCAL_MACHINE\SOFTWARE\Microsoft\Cryptography /v MachineGuid",
2026-08-06T09:30:38.776+0000,1,attack,T1082,custom,20260806-092955-attack-r5,100232,100232,8,T1082 System Information Discovery via registry query for host identity,T1082,C:\\Windows\\System32\\reg.exe,C:\\Windows\\System32\\cmd.exe,REG  QUERY HKEY_LOCAL_MACHINE\\SOFTWARE\\Microsoft\\Cryptography /v MachineGuid,REG  QUERY HKEY_LOCAL_MACHINE\SOFTWARE\Microsoft\Cryptography /v MachineGuid,
2026-08-06T09:30:39.709+0000,1,attack,T1082,custom,20260806-092955-attack-r5,92052,cmd-spawned-by-nonshell-parent,4,Windows command prompt started by an abnormal process,T1059.003,C:\\Windows\\System32\\cmd.exe,C:\\Windows\\System32\\WindowsPowerShell\\v1.0\\powershell.exe,"\""cmd.exe\"" /c set","\""cmd.exe\"" /c set",
2026-08-06T09:30:39.712+0000,1,attack,T1082,custom,20260806-092955-attack-r5,92052,cmd-spawned-by-nonshell-parent,4,Windows command prompt started by an abnormal process,T1059.003,C:\\Windows\\System32\\cmd.exe,C:\\Windows\\System32\\WindowsPowerShell\\v1.0\\powershell.exe,"\""cmd.exe\"" /c wmic cpu get name &amp; wmic MEMPHYSICAL get MaxCapacity &amp; wmic baseboard get product &amp; wmic baseboard get version &amp; wmic bios get SMBIOSBIOSVersion &amp; wmic path win32_VideoController get name &amp; wmic path win32_VideoController get DriverVersion &amp; wmic path win32_VideoController get VideoModeDescription &amp; wmic OS get Caption,OSArchitecture,Version &amp; wmic DISKDRIVE get Caption &amp; Get-WmiObject win32_bios","\""cmd.exe\"" /c wmic cpu get name &amp; wmic MEMPHYSICAL get MaxCapacity &amp; wmic baseboard get product &amp; wmic baseboard get version &amp; wmic bios get SMBIOSBIOSVersion &amp; wmic path win32_VideoController get name &amp; wmic path win32_VideoController get DriverVersion &amp; wmic path win32_VideoController get VideoModeDescription &amp; wmic OS get Caption,OSArchitecture,Version &amp; wmic DISKDRIVE get Caption &amp; Get-WmiObject win32_bios",
2026-08-06T09:30:39.731+0000,1,attack,T1082,custom,20260806-092955-attack-r5,92032,92032,3,Suspicious Windows cmd shell execution,T1087;T1059.003,C:\\Windows\\System32\\wbem\\WMIC.exe,C:\\Windows\\System32\\cmd.exe,wmic  cpu get name,wmic  cpu get name,
2026-08-06T09:30:39.763+0000,1,attack,T1082,custom,20260806-092955-attack-r5,92032,92032,3,Suspicious Windows cmd shell execution,T1087;T1059.003,C:\\Windows\\System32\\wbem\\WMIC.exe,C:\\Windows\\System32\\cmd.exe,wmic  MEMPHYSICAL get MaxCapacity,wmic  MEMPHYSICAL get MaxCapacity,
2026-08-06T09:30:39.764+0000,1,attack,T1082,custom,20260806-092955-attack-r5,92032,92032,3,Suspicious Windows cmd shell execution,T1087;T1059.003,C:\\Windows\\System32\\wbem\\WMIC.exe,C:\\Windows\\System32\\cmd.exe,wmic  baseboard get product,wmic  baseboard get product,
2026-08-06T09:30:39.786+0000,1,attack,T1082,custom,20260806-092955-attack-r5,92032,92032,3,Suspicious Windows cmd shell execution,T1087;T1059.003,C:\\Windows\\System32\\wbem\\WMIC.exe,C:\\Windows\\System32\\cmd.exe,wmic  baseboard get version,wmic  baseboard get version,
2026-08-06T09:30:39.825+0000,1,attack,T1082,custom,20260806-092955-attack-r5,100231,100231,8,T1082 System Information Discovery via WMIC host query,T1082,C:\\Windows\\System32\\wbem\\WMIC.exe,C:\\Windows\\System32\\cmd.exe,wmic  bios get SMBIOSBIOSVersion,wmic  bios get SMBIOSBIOSVersion,
2026-08-06T09:30:39.825+0000,1,attack,T1082,custom,20260806-092955-attack-r5,92032,92032,3,Suspicious Windows cmd shell execution,T1087;T1059.003,C:\\Windows\\System32\\wbem\\WMIC.exe,C:\\Windows\\System32\\cmd.exe,wmic  path win32_VideoController get name,wmic  path win32_VideoController get name,
2026-08-06T09:30:39.845+0000,1,attack,T1082,custom,20260806-092955-attack-r5,92032,92032,3,Suspicious Windows cmd shell execution,T1087;T1059.003,C:\\Windows\\System32\\wbem\\WMIC.exe,C:\\Windows\\System32\\cmd.exe,wmic  path win32_VideoController get DriverVersion,wmic  path win32_VideoController get DriverVersion,
2026-08-06T09:30:39.877+0000,1,attack,T1082,custom,20260806-092955-attack-r5,92032,92032,3,Suspicious Windows cmd shell execution,T1087;T1059.003,C:\\Windows\\System32\\wbem\\WMIC.exe,C:\\Windows\\System32\\cmd.exe,wmic  path win32_VideoController get VideoModeDescription,wmic  path win32_VideoController get VideoModeDescription,
2026-08-06T09:30:39.877+0000,1,attack,T1082,custom,20260806-092955-attack-r5,100231,100231,8,T1082 System Information Discovery via WMIC host query,T1082,C:\\Windows\\System32\\wbem\\WMIC.exe,C:\\Windows\\System32\\cmd.exe,"wmic  OS get Caption,OSArchitecture,Version","wmic  OS get Caption,OSArchitecture,Version",
2026-08-06T09:30:39.892+0000,1,attack,T1082,custom,20260806-092955-attack-r5,100231,100231,8,T1082 System Information Discovery via WMIC host query,T1082,C:\\Windows\\System32\\wbem\\WMIC.exe,C:\\Windows\\System32\\cmd.exe,wmic  DISKDRIVE get Caption,wmic  DISKDRIVE get Caption,
2026-08-06T09:30:41.037+0000,1,attack,T1082,custom,20260806-092955-attack-r5,92052,cmd-spawned-by-nonshell-parent,4,Windows command prompt started by an abnormal process,T1059.003,C:\\Windows\\System32\\cmd.exe,C:\\Windows\\System32\\WindowsPowerShell\\v1.0\\powershell.exe,"\""cmd.exe\"" /c reg query \""HKEY_CURRENT_USER\\Control Panel\\International\\Geo\""","\""cmd.exe\"" /c reg query \""HKEY_CURRENT_USER\Control Panel\International\Geo\""",
2026-08-06T09:30:41.039+0000,1,attack,T1082,custom,20260806-092955-attack-r5,100232,100232,8,T1082 System Information Discovery via registry query for host identity,T1082,C:\\Windows\\System32\\reg.exe,C:\\Windows\\System32\\cmd.exe,"reg  query \""HKEY_CURRENT_USER\\Control Panel\\International\\Geo\""","reg  query \""HKEY_CURRENT_USER\Control Panel\International\Geo\""",
2026-08-06T09:30:41.053+0000,1,attack,T1082,custom,20260806-092955-attack-r5,92052,cmd-spawned-by-nonshell-parent,4,Windows command prompt started by an abnormal process,T1059.003,C:\\Windows\\System32\\cmd.exe,C:\\Windows\\System32\\WindowsPowerShell\\v1.0\\powershell.exe,"\""cmd.exe\"" /c reg query HKEY_LOCAL_MACHINE\\HARDWARE\\DESCRIPTION\\System /v SystemBiosVersion &amp; reg query HKEY_LOCAL_MACHINE\\HARDWARE\\DESCRIPTION\\System /v VideoBiosVersion","\""cmd.exe\"" /c reg query HKEY_LOCAL_MACHINE\HARDWARE\DESCRIPTION\System /v SystemBiosVersion &amp; reg query HKEY_LOCAL_MACHINE\HARDWARE\DESCRIPTION\System /v VideoBiosVersion",
2026-08-06T09:30:41.069+0000,1,attack,T1082,custom,20260806-092955-attack-r5,100232,100232,8,T1082 System Information Discovery via registry query for host identity,T1082,C:\\Windows\\System32\\reg.exe,C:\\Windows\\System32\\cmd.exe,reg  query HKEY_LOCAL_MACHINE\\HARDWARE\\DESCRIPTION\\System /v SystemBiosVersion,reg  query HKEY_LOCAL_MACHINE\HARDWARE\DESCRIPTION\System /v SystemBiosVersion,
2026-08-06T09:30:41.090+0000,1,attack,T1082,custom,20260806-092955-attack-r5,100232,100232,8,T1082 System Information Discovery via registry query for host identity,T1082,C:\\Windows\\System32\\reg.exe,C:\\Windows\\System32\\cmd.exe,reg  query HKEY_LOCAL_MACHINE\\HARDWARE\\DESCRIPTION\\System /v VideoBiosVersion,reg  query HKEY_LOCAL_MACHINE\HARDWARE\DESCRIPTION\System /v VideoBiosVersion,
2026-08-06T09:30:41.106+0000,1,attack,T1082,custom,20260806-092955-attack-r5,100233,100233,8,T1082 System Information Discovery via PowerShell cmdlet or WMI class,T1082,C:\\Windows\\System32\\WindowsPowerShell\\v1.0\\powershell.exe,C:\\Windows\\System32\\WindowsPowerShell\\v1.0\\powershell.exe,"\""powershell.exe\"" &amp; {Get-CimInstance Win32_OperatingSystem | Select-Object Caption, Version, ServicePackMajorVersion, OSArchitecture, CSName, WindowsDirectory | Out-null}","\""powershell.exe\"" &amp; {Get-CimInstance Win32_OperatingSystem | Select-Object Caption, Version, ServicePackMajorVersion, OSArchitecture, CSName, WindowsDirectory | Out-null}",
2026-08-06T09:30:42.355+0000,1,attack,T1082,custom,20260806-092955-attack-r5,92052,cmd-spawned-by-nonshell-parent,4,Windows command prompt started by an abnormal process,T1059.003,C:\\Windows\\System32\\cmd.exe,C:\\Windows\\System32\\WindowsPowerShell\\v1.0\\powershell.exe,"\""cmd.exe\"" /c ver","\""cmd.exe\"" /c ver",
2026-08-06T09:30:42.362+0000,1,attack,T1082,custom,20260806-092955-attack-r5,92052,cmd-spawned-by-nonshell-parent,4,Windows command prompt started by an abnormal process,T1059.003,C:\\Windows\\System32\\cmd.exe,C:\\Windows\\System32\\WindowsPowerShell\\v1.0\\powershell.exe,"\""cmd.exe\"" /c vssadmin.exe list shadows","\""cmd.exe\"" /c vssadmin.exe list shadows",
2026-08-06T09:30:42.362+0000,1,attack,T1082,custom,20260806-092955-attack-r5,92032,92032,3,Suspicious Windows cmd shell execution,T1087;T1059.003,C:\\Windows\\System32\\vssadmin.exe,C:\\Windows\\System32\\cmd.exe,vssadmin.exe  list shadows,vssadmin.exe  list shadows,
2026-08-06T09:30:42.387+0000,1,attack,T1082,custom,20260806-092955-attack-r5,92052,cmd-spawned-by-nonshell-parent,4,Windows command prompt started by an abnormal process,T1059.003,C:\\Windows\\System32\\cmd.exe,C:\\Windows\\System32\\WindowsPowerShell\\v1.0\\powershell.exe,"\""cmd.exe\"" /c powershell.exe -c \""Get-Culture | Format-List | Out-File -FilePath %%TMP%%\\a.txt\""","\""cmd.exe\"" /c powershell.exe -c \""Get-Culture | Format-List | Out-File -FilePath %%TMP%%\a.txt\""",
2026-08-06T09:30:42.421+0000,1,attack,T1082,custom,20260806-092955-attack-r5,92032,92032,3,Suspicious Windows cmd shell execution,T1087;T1059.003,C:\\Windows\\System32\\WindowsPowerShell\\v1.0\\powershell.exe,C:\\Windows\\System32\\cmd.exe,"powershell.exe  -c \""Get-Culture | Format-List | Out-File -FilePath C:\\Users\\Basit\\AppData\\Local\\Temp\\a.txt\""","powershell.exe  -c \""Get-Culture | Format-List | Out-File -FilePath C:\Users\Basit\AppData\Local\Temp\a.txt\""",
2026-08-06T09:30:43.665+0000,1,attack,T1082,custom,20260806-092955-attack-r5,92052,cmd-spawned-by-nonshell-parent,4,Windows command prompt started by an abnormal process,T1059.003,C:\\Windows\\System32\\cmd.exe,C:\\Windows\\System32\\WindowsPowerShell\\v1.0\\powershell.exe,"\""cmd.exe\"" /c powershell.exe -c \""gdr -PSProvider 'FileSystem'\""","\""cmd.exe\"" /c powershell.exe -c \""gdr -PSProvider 'FileSystem'\""",
2026-08-06T09:30:43.672+0000,1,attack,T1082,custom,20260806-092955-attack-r5,92032,92032,3,Suspicious Windows cmd shell execution,T1087;T1059.003,C:\\Windows\\System32\\WindowsPowerShell\\v1.0\\powershell.exe,C:\\Windows\\System32\\cmd.exe,"powershell.exe  -c \""gdr -PSProvider 'FileSystem'\""","powershell.exe  -c \""gdr -PSProvider 'FileSystem'\""",
2026-08-06T09:30:43.693+0000,1,attack,T1082,custom,20260806-092955-attack-r5,92052,cmd-spawned-by-nonshell-parent,4,Windows command prompt started by an abnormal process,T1059.003,C:\\Windows\\System32\\cmd.exe,C:\\Windows\\System32\\WindowsPowerShell\\v1.0\\powershell.exe,"\""cmd.exe\"" /c reg query \""HKLM\\SOFTWARE\\Microsoft\\Windows NT\\CurrentVersion\"" /v ProductName","\""cmd.exe\"" /c reg query \""HKLM\SOFTWARE\Microsoft\Windows NT\CurrentVersion\"" /v ProductName",
2026-08-06T09:30:43.710+0000,1,attack,T1082,custom,20260806-092955-attack-r5,100232,100232,8,T1082 System Information Discovery via registry query for host identity,T1082,C:\\Windows\\System32\\reg.exe,C:\\Windows\\System32\\cmd.exe,"reg  query \""HKLM\\SOFTWARE\\Microsoft\\Windows NT\\CurrentVersion\"" /v ProductName","reg  query \""HKLM\SOFTWARE\Microsoft\Windows NT\CurrentVersion\"" /v ProductName",
2026-08-06T09:30:44.775+0000,1,attack,T1082,custom,20260806-092955-attack-r5,92052,cmd-spawned-by-nonshell-parent,4,Windows command prompt started by an abnormal process,T1059.003,C:\\Windows\\System32\\cmd.exe,C:\\Windows\\System32\\WindowsPowerShell\\v1.0\\powershell.exe,"\""cmd.exe\"" /c reg query \""HKLM\\SOFTWARE\\Microsoft\\Windows NT\\CurrentVersion\"" /v CurrentBuildNumber","\""cmd.exe\"" /c reg query \""HKLM\SOFTWARE\Microsoft\Windows NT\CurrentVersion\"" /v CurrentBuildNumber",
2026-08-06T09:30:44.776+0000,1,attack,T1082,custom,20260806-092955-attack-r5,100232,100232,8,T1082 System Information Discovery via registry query for host identity,T1082,C:\\Windows\\System32\\reg.exe,C:\\Windows\\System32\\cmd.exe,"reg  query \""HKLM\\SOFTWARE\\Microsoft\\Windows NT\\CurrentVersion\"" /v CurrentBuildNumber","reg  query \""HKLM\SOFTWARE\Microsoft\Windows NT\CurrentVersion\"" /v CurrentBuildNumber",
2026-08-06T09:31:57.830+0000,1,attack,T1082,custom,20260806-092955-attack-r5,92004,cmd-spawned-by-nonshell-parent,4,Powershell process spawned Windows command shell instance,T1059.003,C:\\Windows\\System32\\cmd.exe,C:\\Windows\\System32\\WindowsPowerShell\\v1.0\\powershell.exe,"\""C:\\Windows\\system32\\cmd.exe\"" /c systeminfo &amp; hostname","\""cmd.exe\"" /c systeminfo &amp; hostname",
2026-08-06T09:31:57.837+0000,1,attack,T1082,custom,20260806-092955-attack-r5,92032,92032,3,Suspicious Windows cmd shell execution,T1087;T1059.003,C:\\Windows\\System32\\systeminfo.exe,C:\\Windows\\System32\\cmd.exe,systeminfo,systeminfo,
2026-08-06T09:32:00.019+0000,1,attack,T1082,custom,20260806-092955-attack-r5,100230,100230,8,T1082 System Information Discovery via native host-information utility,T1082,C:\\Windows\\System32\\HOSTNAME.EXE,C:\\Windows\\System32\\cmd.exe,hostname,hostname,
2026-08-06T09:32:04.674+0000,1,attack,T1082,custom,20260806-092955-attack-r5,92004,cmd-spawned-by-nonshell-parent,4,Powershell process spawned Windows command shell instance,T1059.003,C:\\Windows\\System32\\cmd.exe,C:\\Windows\\System32\\WindowsPowerShell\\v1.0\\powershell.exe,"\""C:\\Windows\\system32\\cmd.exe\"" /c wmic os get Caption,Version,BuildNumber /value &amp; reg query \""HKLM\\SOFTWARE\\Microsoft\\Windows NT\\CurrentVersion\"" /v ProductName","\""cmd.exe\"" /c wmic os get Caption,Version,BuildNumber /value &amp; reg query \""HKLM\SOFTWARE\Microsoft\Windows NT\CurrentVersion\"" /v ProductName",
2026-08-06T09:32:04.675+0000,1,attack,T1082,custom,20260806-092955-attack-r5,100231,100231,8,T1082 System Information Discovery via WMIC host query,T1082,C:\\Windows\\System32\\wbem\\WMIC.exe,C:\\Windows\\System32\\cmd.exe,"wmic  os get Caption,Version,BuildNumber /value","wmic  os get Caption,Version,BuildNumber /value",
2026-08-06T09:32:04.683+0000,1,attack,T1082,custom,20260806-092955-attack-r5,100232,100232,8,T1082 System Information Discovery via registry query for host identity,T1082,C:\\Windows\\System32\\reg.exe,C:\\Windows\\System32\\cmd.exe,"reg  query \""HKLM\\SOFTWARE\\Microsoft\\Windows NT\\CurrentVersion\"" /v ProductName","reg  query \""HKLM\SOFTWARE\Microsoft\Windows NT\CurrentVersion\"" /v ProductName",
2026-08-06T09:32:08.698+0000,1,attack,T1082,custom,20260806-092955-attack-r5,100233,100233,8,T1082 System Information Discovery via PowerShell cmdlet or WMI class,T1082,C:\\Windows\\System32\\WindowsPowerShell\\v1.0\\powershell.exe,C:\\Windows\\System32\\WindowsPowerShell\\v1.0\\powershell.exe,"\""C:\\Windows\\System32\\WindowsPowerShell\\v1.0\\powershell.exe\"" -NoProfile -Command Get-WinSystemLocale; Get-PSDrive -PSProvider FileSystem","\""powershell.exe\"" -NoProfile -Command Get-WinSystemLocale; Get-PSDrive -PSProvider FileSystem",
2026-08-06T09:33:41.777+0000,1,benign,T1082,custom,20260806-093158-benign-r1,60702,60702,5,The VSS service is shutting down due to idle timeout.,,,,,,
2026-08-06T09:34:05.786+0000,1,benign,T1082,custom,20260806-093158-benign-r1,92004,cmd-spawned-by-nonshell-parent,4,Powershell process spawned Windows command shell instance,T1059.003,C:\\Windows\\System32\\cmd.exe,C:\\Windows\\System32\\WindowsPowerShell\\v1.0\\powershell.exe,"\""C:\\Windows\\system32\\cmd.exe\"" /c systeminfo &amp; hostname","\""cmd.exe\"" /c systeminfo &amp; hostname",
2026-08-06T09:34:05.826+0000,1,benign,T1082,custom,20260806-093158-benign-r1,92032,92032,3,Suspicious Windows cmd shell execution,T1087;T1059.003,C:\\Windows\\System32\\systeminfo.exe,C:\\Windows\\System32\\cmd.exe,systeminfo,systeminfo,
2026-08-06T09:34:07.220+0000,1,benign,T1082,custom,20260806-093158-benign-r1,100230,100230,8,T1082 System Information Discovery via native host-information utility,T1082,C:\\Windows\\System32\\HOSTNAME.EXE,C:\\Windows\\System32\\cmd.exe,hostname,hostname,
2026-08-06T09:34:11.875+0000,1,benign,T1082,custom,20260806-093158-benign-r1,92004,cmd-spawned-by-nonshell-parent,4,Powershell process spawned Windows command shell instance,T1059.003,C:\\Windows\\System32\\cmd.exe,C:\\Windows\\System32\\WindowsPowerShell\\v1.0\\powershell.exe,"\""C:\\Windows\\system32\\cmd.exe\"" /c wmic os get Caption,Version,BuildNumber /value &amp; reg query \""HKLM\\SOFTWARE\\Microsoft\\Windows NT\\CurrentVersion\"" /v ProductName","\""cmd.exe\"" /c wmic os get Caption,Version,BuildNumber /value &amp; reg query \""HKLM\SOFTWARE\Microsoft\Windows NT\CurrentVersion\"" /v ProductName",
2026-08-06T09:34:11.892+0000,1,benign,T1082,custom,20260806-093158-benign-r1,100231,100231,8,T1082 System Information Discovery via WMIC host query,T1082,C:\\Windows\\System32\\wbem\\WMIC.exe,C:\\Windows\\System32\\cmd.exe,"wmic  os get Caption,Version,BuildNumber /value","wmic  os get Caption,Version,BuildNumber /value",
2026-08-06T09:34:11.911+0000,1,benign,T1082,custom,20260806-093158-benign-r1,100232,100232,8,T1082 System Information Discovery via registry query for host identity,T1082,C:\\Windows\\System32\\reg.exe,C:\\Windows\\System32\\cmd.exe,"reg  query \""HKLM\\SOFTWARE\\Microsoft\\Windows NT\\CurrentVersion\"" /v ProductName","reg  query \""HKLM\SOFTWARE\Microsoft\Windows NT\CurrentVersion\"" /v ProductName",
2026-08-06T09:34:15.892+0000,1,benign,T1082,custom,20260806-093158-benign-r1,100233,100233,8,T1082 System Information Discovery via PowerShell cmdlet or WMI class,T1082,C:\\Windows\\System32\\WindowsPowerShell\\v1.0\\powershell.exe,C:\\Windows\\System32\\WindowsPowerShell\\v1.0\\powershell.exe,"\""C:\\Windows\\System32\\WindowsPowerShell\\v1.0\\powershell.exe\"" -NoProfile -Command Get-WinSystemLocale; Get-PSDrive -PSProvider FileSystem","\""powershell.exe\"" -NoProfile -Command Get-WinSystemLocale; Get-PSDrive -PSProvider FileSystem",
2026-08-06T09:35:52.970+0000,1,benign,T1082,custom,20260806-093349-benign-r2,92004,cmd-spawned-by-nonshell-parent,4,Powershell process spawned Windows command shell instance,T1059.003,C:\\Windows\\System32\\cmd.exe,C:\\Windows\\System32\\WindowsPowerShell\\v1.0\\powershell.exe,"\""C:\\Windows\\system32\\cmd.exe\"" /c systeminfo &amp; hostname","\""cmd.exe\"" /c systeminfo &amp; hostname",
2026-08-06T09:35:53.011+0000,1,benign,T1082,custom,20260806-093349-benign-r2,92032,92032,3,Suspicious Windows cmd shell execution,T1087;T1059.003,C:\\Windows\\System32\\systeminfo.exe,C:\\Windows\\System32\\cmd.exe,systeminfo,systeminfo,
2026-08-06T09:35:54.595+0000,1,benign,T1082,custom,20260806-093349-benign-r2,100230,100230,8,T1082 System Information Discovery via native host-information utility,T1082,C:\\Windows\\System32\\HOSTNAME.EXE,C:\\Windows\\System32\\cmd.exe,hostname,hostname,
2026-08-06T09:35:59.051+0000,1,benign,T1082,custom,20260806-093349-benign-r2,92004,cmd-spawned-by-nonshell-parent,4,Powershell process spawned Windows command shell instance,T1059.003,C:\\Windows\\System32\\cmd.exe,C:\\Windows\\System32\\WindowsPowerShell\\v1.0\\powershell.exe,"\""C:\\Windows\\system32\\cmd.exe\"" /c wmic os get Caption,Version,BuildNumber /value &amp; reg query \""HKLM\\SOFTWARE\\Microsoft\\Windows NT\\CurrentVersion\"" /v ProductName","\""cmd.exe\"" /c wmic os get Caption,Version,BuildNumber /value &amp; reg query \""HKLM\SOFTWARE\Microsoft\Windows NT\CurrentVersion\"" /v ProductName",
2026-08-06T09:35:59.051+0000,1,benign,T1082,custom,20260806-093349-benign-r2,100231,100231,8,T1082 System Information Discovery via WMIC host query,T1082,C:\\Windows\\System32\\wbem\\WMIC.exe,C:\\Windows\\System32\\cmd.exe,"wmic  os get Caption,Version,BuildNumber /value","wmic  os get Caption,Version,BuildNumber /value",
2026-08-06T09:35:59.079+0000,1,benign,T1082,custom,20260806-093349-benign-r2,100232,100232,8,T1082 System Information Discovery via registry query for host identity,T1082,C:\\Windows\\System32\\reg.exe,C:\\Windows\\System32\\cmd.exe,"reg  query \""HKLM\\SOFTWARE\\Microsoft\\Windows NT\\CurrentVersion\"" /v ProductName","reg  query \""HKLM\SOFTWARE\Microsoft\Windows NT\CurrentVersion\"" /v ProductName",
2026-08-06T09:36:03.251+0000,1,benign,T1082,custom,20260806-093559-benign-r3,100233,100233,8,T1082 System Information Discovery via PowerShell cmdlet or WMI class,T1082,C:\\Windows\\System32\\WindowsPowerShell\\v1.0\\powershell.exe,C:\\Windows\\System32\\WindowsPowerShell\\v1.0\\powershell.exe,"\""C:\\Windows\\System32\\WindowsPowerShell\\v1.0\\powershell.exe\"" -NoProfile -Command Get-WinSystemLocale; Get-PSDrive -PSProvider FileSystem","\""powershell.exe\"" -NoProfile -Command Get-WinSystemLocale; Get-PSDrive -PSProvider FileSystem",
2026-08-06T09:37:46.441+0000,1,benign,T1082,custom,20260806-093559-benign-r3,92004,cmd-spawned-by-nonshell-parent,4,Powershell process spawned Windows command shell instance,T1059.003,C:\\Windows\\System32\\cmd.exe,C:\\Windows\\System32\\WindowsPowerShell\\v1.0\\powershell.exe,"\""C:\\Windows\\system32\\cmd.exe\"" /c systeminfo &amp; hostname","\""cmd.exe\"" /c systeminfo &amp; hostname",
2026-08-06T09:37:46.483+0000,1,benign,T1082,custom,20260806-093559-benign-r3,92032,92032,3,Suspicious Windows cmd shell execution,T1087;T1059.003,C:\\Windows\\System32\\systeminfo.exe,C:\\Windows\\System32\\cmd.exe,systeminfo,systeminfo,
2026-08-06T09:37:48.067+0000,1,benign,T1082,custom,20260806-093559-benign-r3,100230,100230,8,T1082 System Information Discovery via native host-information utility,T1082,C:\\Windows\\System32\\HOSTNAME.EXE,C:\\Windows\\System32\\cmd.exe,hostname,hostname,
2026-08-06T09:37:52.507+0000,1,benign,T1082,custom,20260806-093559-benign-r3,92004,cmd-spawned-by-nonshell-parent,4,Powershell process spawned Windows command shell instance,T1059.003,C:\\Windows\\System32\\cmd.exe,C:\\Windows\\System32\\WindowsPowerShell\\v1.0\\powershell.exe,"\""C:\\Windows\\system32\\cmd.exe\"" /c wmic os get Caption,Version,BuildNumber /value &amp; reg query \""HKLM\\SOFTWARE\\Microsoft\\Windows NT\\CurrentVersion\"" /v ProductName","\""cmd.exe\"" /c wmic os get Caption,Version,BuildNumber /value &amp; reg query \""HKLM\SOFTWARE\Microsoft\Windows NT\CurrentVersion\"" /v ProductName",
2026-08-06T09:37:52.508+0000,1,benign,T1082,custom,20260806-093559-benign-r3,100231,100231,8,T1082 System Information Discovery via WMIC host query,T1082,C:\\Windows\\System32\\wbem\\WMIC.exe,C:\\Windows\\System32\\cmd.exe,"wmic  os get Caption,Version,BuildNumber /value","wmic  os get Caption,Version,BuildNumber /value",
2026-08-06T09:37:52.534+0000,1,benign,T1082,custom,20260806-093559-benign-r3,100232,100232,8,T1082 System Information Discovery via registry query for host identity,T1082,C:\\Windows\\System32\\reg.exe,C:\\Windows\\System32\\cmd.exe,"reg  query \""HKLM\\SOFTWARE\\Microsoft\\Windows NT\\CurrentVersion\"" /v ProductName","reg  query \""HKLM\SOFTWARE\Microsoft\Windows NT\CurrentVersion\"" /v ProductName",
2026-08-06T09:37:56.510+0000,1,benign,T1082,custom,20260806-093559-benign-r3,100233,100233,8,T1082 System Information Discovery via PowerShell cmdlet or WMI class,T1082,C:\\Windows\\System32\\WindowsPowerShell\\v1.0\\powershell.exe,C:\\Windows\\System32\\WindowsPowerShell\\v1.0\\powershell.exe,"\""C:\\Windows\\System32\\WindowsPowerShell\\v1.0\\powershell.exe\"" -NoProfile -Command Get-WinSystemLocale; Get-PSDrive -PSProvider FileSystem","\""powershell.exe\"" -NoProfile -Command Get-WinSystemLocale; Get-PSDrive -PSProvider FileSystem",
2026-08-06T09:39:42.620+0000,1,benign,T1082,custom,20260806-093918-benign-r5,92004,cmd-spawned-by-nonshell-parent,4,Powershell process spawned Windows command shell instance,T1059.003,C:\\Windows\\System32\\cmd.exe,C:\\Windows\\System32\\WindowsPowerShell\\v1.0\\powershell.exe,"\""C:\\Windows\\system32\\cmd.exe\"" /c systeminfo &amp; hostname","\""cmd.exe\"" /c systeminfo &amp; hostname",
2026-08-06T09:39:42.663+0000,1,benign,T1082,custom,20260806-093918-benign-r5,92032,92032,3,Suspicious Windows cmd shell execution,T1087;T1059.003,C:\\Windows\\System32\\systeminfo.exe,C:\\Windows\\System32\\cmd.exe,systeminfo,systeminfo,
2026-08-06T09:39:44.394+0000,1,benign,T1082,custom,20260806-093918-benign-r5,100230,100230,8,T1082 System Information Discovery via native host-information utility,T1082,C:\\Windows\\System32\\HOSTNAME.EXE,C:\\Windows\\System32\\cmd.exe,hostname,hostname,
2026-08-06T09:39:48.662+0000,1,benign,T1082,custom,20260806-093918-benign-r5,92004,cmd-spawned-by-nonshell-parent,4,Powershell process spawned Windows command shell instance,T1059.003,C:\\Windows\\System32\\cmd.exe,C:\\Windows\\System32\\WindowsPowerShell\\v1.0\\powershell.exe,"\""C:\\Windows\\system32\\cmd.exe\"" /c wmic os get Caption,Version,BuildNumber /value &amp; reg query \""HKLM\\SOFTWARE\\Microsoft\\Windows NT\\CurrentVersion\"" /v ProductName","\""cmd.exe\"" /c wmic os get Caption,Version,BuildNumber /value &amp; reg query \""HKLM\SOFTWARE\Microsoft\Windows NT\CurrentVersion\"" /v ProductName",
2026-08-06T09:39:48.662+0000,1,benign,T1082,custom,20260806-093918-benign-r5,100231,100231,8,T1082 System Information Discovery via WMIC host query,T1082,C:\\Windows\\System32\\wbem\\WMIC.exe,C:\\Windows\\System32\\cmd.exe,"wmic  os get Caption,Version,BuildNumber /value","wmic  os get Caption,Version,BuildNumber /value",
2026-08-06T09:39:48.692+0000,1,benign,T1082,custom,20260806-093918-benign-r5,100232,100232,8,T1082 System Information Discovery via registry query for host identity,T1082,C:\\Windows\\System32\\reg.exe,C:\\Windows\\System32\\cmd.exe,"reg  query \""HKLM\\SOFTWARE\\Microsoft\\Windows NT\\CurrentVersion\"" /v ProductName","reg  query \""HKLM\SOFTWARE\Microsoft\Windows NT\CurrentVersion\"" /v ProductName",
2026-08-06T09:39:52.703+0000,1,benign,T1082,custom,20260806-093918-benign-r5,100233,100233,8,T1082 System Information Discovery via PowerShell cmdlet or WMI class,T1082,C:\\Windows\\System32\\WindowsPowerShell\\v1.0\\powershell.exe,C:\\Windows\\System32\\WindowsPowerShell\\v1.0\\powershell.exe,"\""C:\\Windows\\System32\\WindowsPowerShell\\v1.0\\powershell.exe\"" -NoProfile -Command Get-WinSystemLocale; Get-PSDrive -PSProvider FileSystem","\""powershell.exe\"" -NoProfile -Command Get-WinSystemLocale; Get-PSDrive -PSProvider FileSystem",
2026-08-06T09:51:54.576+0000,1,attack,T1087.001,custom,20260806-095114-attack-r1,92052,cmd-spawned-by-nonshell-parent,4,Windows command prompt started by an abnormal process,T1059.003,C:\\Windows\\System32\\cmd.exe,C:\\Windows\\System32\\WindowsPowerShell\\v1.0\\powershell.exe,"\""cmd.exe\"" /c net user &amp; dir c:\\Users\\ &amp; cmdkey.exe /list &amp; net localgroup \""Users\"" &amp; net localgroup","\""cmd.exe\"" /c net user &amp; dir c:\Users\ &amp; cmdkey.exe /list &amp; net localgroup \""Users\"" &amp; net localgroup",
2026-08-06T09:51:54.579+0000,1,attack,T1087.001,custom,20260806-095114-attack-r1,100200,100200,10,T1087.001 Local Account Discovery via net.exe,T1087.001,C:\\Windows\\System32\\net.exe,C:\\Windows\\System32\\cmd.exe,net  user,net  user,
2026-08-06T09:51:54.603+0000,1,attack,T1087.001,custom,20260806-095114-attack-r1,92032,92032,3,Suspicious Windows cmd shell execution,T1087;T1059.003,C:\\Windows\\System32\\cmdkey.exe,C:\\Windows\\System32\\cmd.exe,cmdkey.exe  /list,cmdkey.exe  /list,
2026-08-06T09:51:54.618+0000,1,attack,T1087.001,custom,20260806-095114-attack-r1,100200,100200,10,T1087.001 Local Account Discovery via net.exe,T1087.001,C:\\Windows\\System32\\net.exe,C:\\Windows\\System32\\cmd.exe,"net  localgroup \""Users\""","net  localgroup \""Users\""",
2026-08-06T09:51:54.649+0000,1,attack,T1087.001,custom,20260806-095114-attack-r1,100200,100200,10,T1087.001 Local Account Discovery via net.exe,T1087.001,C:\\Windows\\System32\\net.exe,C:\\Windows\\System32\\cmd.exe,net  localgroup,net  localgroup,
2026-08-06T09:51:55.922+0000,1,attack,T1087.001,custom,20260806-095114-attack-r1,92027,92027,4,Powershell process spawned powershell instance,T1059.001,C:\\Windows\\System32\\WindowsPowerShell\\v1.0\\powershell.exe,C:\\Windows\\System32\\WindowsPowerShell\\v1.0\\powershell.exe,"\""powershell.exe\"" &amp; {net user get-localuser get-localgroupmember -group Users cmdkey.exe /list ls C:/Users get-childitem C:\\Users\\ dir C:\\Users\\ get-localgroup net localgroup}","\""powershell.exe\"" &amp; {net user get-localuser get-localgroupmember -group Users cmdkey.exe /list ls C:/Users get-childitem C:\Users\ dir C:\Users\ get-localgroup net localgroup}",
2026-08-06T09:51:55.927+0000,1,attack,T1087.001,custom,20260806-095114-attack-r1,100200,100200,10,T1087.001 Local Account Discovery via net.exe,T1087.001,C:\\Windows\\System32\\net.exe,C:\\Windows\\System32\\WindowsPowerShell\\v1.0\\powershell.exe,"\""C:\\Windows\\system32\\net.exe\"" user","\""net.exe\"" user",
2026-08-06T09:51:55.932+0000,1,attack,T1087.001,custom,20260806-095114-attack-r1,100200,100200,10,T1087.001 Local Account Discovery via net.exe,T1087.001,C:\\Windows\\System32\\net.exe,C:\\Windows\\System32\\WindowsPowerShell\\v1.0\\powershell.exe,"\""C:\\Windows\\system32\\net.exe\"" localgroup","\""net.exe\"" localgroup",
2026-08-06T09:51:57.038+0000,1,attack,T1087.001,custom,20260806-095114-attack-r1,92052,cmd-spawned-by-nonshell-parent,4,Windows command prompt started by an abnormal process,T1059.003,C:\\Windows\\System32\\cmd.exe,C:\\Windows\\System32\\WindowsPowerShell\\v1.0\\powershell.exe,"\""cmd.exe\"" /c query user","\""cmd.exe\"" /c query user",
2026-08-06T09:51:57.041+0000,1,attack,T1087.001,custom,20260806-095114-attack-r1,92032,92032,3,Suspicious Windows cmd shell execution,T1087;T1059.003,C:\\Windows\\System32\\query.exe,C:\\Windows\\System32\\cmd.exe,query  user,query  user,
2026-08-06T09:54:32.234+0000,1,attack,T1087.001,custom,20260806-095302-attack-r2,92052,cmd-spawned-by-nonshell-parent,4,Windows command prompt started by an abnormal process,T1059.003,C:\\Windows\\System32\\cmd.exe,C:\\Windows\\System32\\WindowsPowerShell\\v1.0\\powershell.exe,"\""cmd.exe\"" /c net user &amp; dir c:\\Users\\ &amp; cmdkey.exe /list &amp; net localgroup \""Users\"" &amp; net localgroup","\""cmd.exe\"" /c net user &amp; dir c:\Users\ &amp; cmdkey.exe /list &amp; net localgroup \""Users\"" &amp; net localgroup",
2026-08-06T09:54:33.261+0000,1,attack,T1087.001,custom,20260806-095302-attack-r2,100200,100200,10,T1087.001 Local Account Discovery via net.exe,T1087.001,C:\\Windows\\System32\\net.exe,C:\\Windows\\System32\\cmd.exe,net  user,net  user,
2026-08-06T09:54:33.273+0000,1,attack,T1087.001,custom,20260806-095302-attack-r2,92032,92032,3,Suspicious Windows cmd shell execution,T1087;T1059.003,C:\\Windows\\System32\\cmdkey.exe,C:\\Windows\\System32\\cmd.exe,cmdkey.exe  /list,cmdkey.exe  /list,
2026-08-06T09:54:33.290+0000,1,attack,T1087.001,custom,20260806-095302-attack-r2,100200,100200,10,T1087.001 Local Account Discovery via net.exe,T1087.001,C:\\Windows\\System32\\net.exe,C:\\Windows\\System32\\cmd.exe,"net  localgroup \""Users\""","net  localgroup \""Users\""",
2026-08-06T09:54:33.321+0000,1,attack,T1087.001,custom,20260806-095302-attack-r2,100200,100200,10,T1087.001 Local Account Discovery via net.exe,T1087.001,C:\\Windows\\System32\\net.exe,C:\\Windows\\System32\\cmd.exe,net  localgroup,net  localgroup,
2026-08-06T09:54:35.069+0000,1,attack,T1087.001,custom,20260806-095302-attack-r2,92027,92027,4,Powershell process spawned powershell instance,T1059.001,C:\\Windows\\System32\\WindowsPowerShell\\v1.0\\powershell.exe,C:\\Windows\\System32\\WindowsPowerShell\\v1.0\\powershell.exe,"\""powershell.exe\"" &amp; {net user get-localuser get-localgroupmember -group Users cmdkey.exe /list ls C:/Users get-childitem C:\\Users\\ dir C:\\Users\\ get-localgroup net localgroup}","\""powershell.exe\"" &amp; {net user get-localuser get-localgroupmember -group Users cmdkey.exe /list ls C:/Users get-childitem C:\Users\ dir C:\Users\ get-localgroup net localgroup}",
2026-08-06T09:54:35.099+0000,1,attack,T1087.001,custom,20260806-095302-attack-r2,100200,100200,10,T1087.001 Local Account Discovery via net.exe,T1087.001,C:\\Windows\\System32\\net.exe,C:\\Windows\\System32\\WindowsPowerShell\\v1.0\\powershell.exe,"\""C:\\Windows\\system32\\net.exe\"" user","\""net.exe\"" user",
2026-08-06T09:54:36.372+0000,1,attack,T1087.001,custom,20260806-095302-attack-r2,100200,100200,10,T1087.001 Local Account Discovery via net.exe,T1087.001,C:\\Windows\\System32\\net.exe,C:\\Windows\\System32\\WindowsPowerShell\\v1.0\\powershell.exe,"\""C:\\Windows\\system32\\net.exe\"" localgroup","\""net.exe\"" localgroup",
2026-08-06T09:54:38.244+0000,1,attack,T1087.001,custom,20260806-095302-attack-r2,92052,cmd-spawned-by-nonshell-parent,4,Windows command prompt started by an abnormal process,T1059.003,C:\\Windows\\System32\\cmd.exe,C:\\Windows\\System32\\WindowsPowerShell\\v1.0\\powershell.exe,"\""cmd.exe\"" /c query user","\""cmd.exe\"" /c query user",
2026-08-06T09:54:38.245+0000,1,attack,T1087.001,custom,20260806-095302-attack-r2,92032,92032,3,Suspicious Windows cmd shell execution,T1087;T1059.003,C:\\Windows\\System32\\query.exe,C:\\Windows\\System32\\cmd.exe,query  user,query  user,
2026-08-06T09:56:25.982+0000,1,attack,T1087.001,custom,20260806-095302-attack-r2,92052,cmd-spawned-by-nonshell-parent,4,Windows command prompt started by an abnormal process,T1059.003,C:\\Windows\\System32\\cmd.exe,C:\\Windows\\System32\\WindowsPowerShell\\v1.0\\powershell.exe,"\""cmd.exe\"" /c net user &amp; dir c:\\Users\\ &amp; cmdkey.exe /list &amp; net localgroup \""Users\"" &amp; net localgroup","\""cmd.exe\"" /c net user &amp; dir c:\Users\ &amp; cmdkey.exe /list &amp; net localgroup \""Users\"" &amp; net localgroup",
2026-08-06T09:56:25.996+0000,1,attack,T1087.001,custom,20260806-095302-attack-r2,100200,100200,10,T1087.001 Local Account Discovery via net.exe,T1087.001,C:\\Windows\\System32\\net.exe,C:\\Windows\\System32\\cmd.exe,net  user,net  user,
2026-08-06T09:56:26.031+0000,1,attack,T1087.001,custom,20260806-095302-attack-r2,92032,92032,3,Suspicious Windows cmd shell execution,T1087;T1059.003,C:\\Windows\\System32\\cmdkey.exe,C:\\Windows\\System32\\cmd.exe,cmdkey.exe  /list,cmdkey.exe  /list,
2026-08-06T09:56:26.046+0000,1,attack,T1087.001,custom,20260806-095302-attack-r2,100200,100200,10,T1087.001 Local Account Discovery via net.exe,T1087.001,C:\\Windows\\System32\\net.exe,C:\\Windows\\System32\\cmd.exe,"net  localgroup \""Users\""","net  localgroup \""Users\""",
2026-08-06T09:56:26.083+0000,1,attack,T1087.001,custom,20260806-095302-attack-r2,100200,100200,10,T1087.001 Local Account Discovery via net.exe,T1087.001,C:\\Windows\\System32\\net.exe,C:\\Windows\\System32\\cmd.exe,net  localgroup,net  localgroup,
2026-08-06T09:56:26.133+0000,1,attack,T1087.001,custom,20260806-095302-attack-r2,92027,92027,4,Powershell process spawned powershell instance,T1059.001,C:\\Windows\\System32\\WindowsPowerShell\\v1.0\\powershell.exe,C:\\Windows\\System32\\WindowsPowerShell\\v1.0\\powershell.exe,"\""powershell.exe\"" &amp; {net user get-localuser get-localgroupmember -group Users cmdkey.exe /list ls C:/Users get-childitem C:\\Users\\ dir C:\\Users\\ get-localgroup net localgroup}","\""powershell.exe\"" &amp; {net user get-localuser get-localgroupmember -group Users cmdkey.exe /list ls C:/Users get-childitem C:\Users\ dir C:\Users\ get-localgroup net localgroup}",
2026-08-06T09:56:27.080+0000,1,attack,T1087.001,custom,20260806-095302-attack-r2,100200,100200,10,T1087.001 Local Account Discovery via net.exe,T1087.001,C:\\Windows\\System32\\net.exe,C:\\Windows\\System32\\WindowsPowerShell\\v1.0\\powershell.exe,"\""C:\\Windows\\system32\\net.exe\"" user","\""net.exe\"" user",
2026-08-06T09:56:27.122+0000,1,attack,T1087.001,custom,20260806-095302-attack-r2,100200,100200,10,T1087.001 Local Account Discovery via net.exe,T1087.001,C:\\Windows\\System32\\net.exe,C:\\Windows\\System32\\WindowsPowerShell\\v1.0\\powershell.exe,"\""C:\\Windows\\system32\\net.exe\"" localgroup","\""net.exe\"" localgroup",
2026-08-06T09:56:27.154+0000,1,attack,T1087.001,custom,20260806-095302-attack-r2,92052,cmd-spawned-by-nonshell-parent,4,Windows command prompt started by an abnormal process,T1059.003,C:\\Windows\\System32\\cmd.exe,C:\\Windows\\System32\\WindowsPowerShell\\v1.0\\powershell.exe,"\""cmd.exe\"" /c query user","\""cmd.exe\"" /c query user",
2026-08-06T09:56:27.169+0000,1,attack,T1087.001,custom,20260806-095302-attack-r2,92032,92032,3,Suspicious Windows cmd shell execution,T1087;T1059.003,C:\\Windows\\System32\\query.exe,C:\\Windows\\System32\\cmd.exe,query  user,query  user,
2026-08-06T09:57:51.295+0000,1,attack,T1087.001,custom,20260806-095612-attack-r3,92052,cmd-spawned-by-nonshell-parent,4,Windows command prompt started by an abnormal process,T1059.003,C:\\Windows\\System32\\cmd.exe,C:\\Windows\\System32\\WindowsPowerShell\\v1.0\\powershell.exe,"\""cmd.exe\"" /c net user &amp; dir c:\\Users\\ &amp; cmdkey.exe /list &amp; net localgroup \""Users\"" &amp; net localgroup","\""cmd.exe\"" /c net user &amp; dir c:\Users\ &amp; cmdkey.exe /list &amp; net localgroup \""Users\"" &amp; net localgroup",
2026-08-06T09:57:51.310+0000,1,attack,T1087.001,custom,20260806-095612-attack-r3,100200,100200,10,T1087.001 Local Account Discovery via net.exe,T1087.001,C:\\Windows\\System32\\net.exe,C:\\Windows\\System32\\cmd.exe,net  user,net  user,
2026-08-06T09:57:51.338+0000,1,attack,T1087.001,custom,20260806-095612-attack-r3,92032,92032,3,Suspicious Windows cmd shell execution,T1087;T1059.003,C:\\Windows\\System32\\cmdkey.exe,C:\\Windows\\System32\\cmd.exe,cmdkey.exe  /list,cmdkey.exe  /list,
2026-08-06T09:57:51.359+0000,1,attack,T1087.001,custom,20260806-095612-attack-r3,100200,100200,10,T1087.001 Local Account Discovery via net.exe,T1087.001,C:\\Windows\\System32\\net.exe,C:\\Windows\\System32\\cmd.exe,"net  localgroup \""Users\""","net  localgroup \""Users\""",
2026-08-06T09:57:51.389+0000,1,attack,T1087.001,custom,20260806-095612-attack-r3,100200,100200,10,T1087.001 Local Account Discovery via net.exe,T1087.001,C:\\Windows\\System32\\net.exe,C:\\Windows\\System32\\cmd.exe,net  localgroup,net  localgroup,
2026-08-06T09:57:51.450+0000,1,attack,T1087.001,custom,20260806-095612-attack-r3,92027,92027,4,Powershell process spawned powershell instance,T1059.001,C:\\Windows\\System32\\WindowsPowerShell\\v1.0\\powershell.exe,C:\\Windows\\System32\\WindowsPowerShell\\v1.0\\powershell.exe,"\""powershell.exe\"" &amp; {net user get-localuser get-localgroupmember -group Users cmdkey.exe /list ls C:/Users get-childitem C:\\Users\\ dir C:\\Users\\ get-localgroup net localgroup}","\""powershell.exe\"" &amp; {net user get-localuser get-localgroupmember -group Users cmdkey.exe /list ls C:/Users get-childitem C:\Users\ dir C:\Users\ get-localgroup net localgroup}",
2026-08-06T09:57:52.325+0000,1,attack,T1087.001,custom,20260806-095612-attack-r3,100200,100200,10,T1087.001 Local Account Discovery via net.exe,T1087.001,C:\\Windows\\System32\\net.exe,C:\\Windows\\System32\\WindowsPowerShell\\v1.0\\powershell.exe,"\""C:\\Windows\\system32\\net.exe\"" user","\""net.exe\"" user",
2026-08-06T09:57:52.401+0000,1,attack,T1087.001,custom,20260806-095612-attack-r3,100200,100200,10,T1087.001 Local Account Discovery via net.exe,T1087.001,C:\\Windows\\System32\\net.exe,C:\\Windows\\System32\\WindowsPowerShell\\v1.0\\powershell.exe,"\""C:\\Windows\\system32\\net.exe\"" localgroup","\""net.exe\"" localgroup",
2026-08-06T09:57:52.450+0000,1,attack,T1087.001,custom,20260806-095612-attack-r3,92052,cmd-spawned-by-nonshell-parent,4,Windows command prompt started by an abnormal process,T1059.003,C:\\Windows\\System32\\cmd.exe,C:\\Windows\\System32\\WindowsPowerShell\\v1.0\\powershell.exe,"\""cmd.exe\"" /c query user","\""cmd.exe\"" /c query user",
2026-08-06T09:57:52.466+0000,1,attack,T1087.001,custom,20260806-095612-attack-r3,92032,92032,3,Suspicious Windows cmd shell execution,T1087;T1059.003,C:\\Windows\\System32\\query.exe,C:\\Windows\\System32\\cmd.exe,query  user,query  user,
2026-08-06T09:59:45.383+0000,1,attack,T1087.001,custom,20260806-095947-attack-r5,92052,cmd-spawned-by-nonshell-parent,4,Windows command prompt started by an abnormal process,T1059.003,C:\\Windows\\System32\\cmd.exe,C:\\Windows\\System32\\WindowsPowerShell\\v1.0\\powershell.exe,"\""cmd.exe\"" /c net user &amp; dir c:\\Users\\ &amp; cmdkey.exe /list &amp; net localgroup \""Users\"" &amp; net localgroup","\""cmd.exe\"" /c net user &amp; dir c:\Users\ &amp; cmdkey.exe /list &amp; net localgroup \""Users\"" &amp; net localgroup",
2026-08-06T09:59:45.391+0000,1,attack,T1087.001,custom,20260806-095947-attack-r5,100200,100200,10,T1087.001 Local Account Discovery via net.exe,T1087.001,C:\\Windows\\System32\\net.exe,C:\\Windows\\System32\\cmd.exe,net  user,net  user,
2026-08-06T09:59:45.411+0000,1,attack,T1087.001,custom,20260806-095947-attack-r5,92032,92032,3,Suspicious Windows cmd shell execution,T1087;T1059.003,C:\\Windows\\System32\\cmdkey.exe,C:\\Windows\\System32\\cmd.exe,cmdkey.exe  /list,cmdkey.exe  /list,
2026-08-06T09:59:45.423+0000,1,attack,T1087.001,custom,20260806-095947-attack-r5,100200,100200,10,T1087.001 Local Account Discovery via net.exe,T1087.001,C:\\Windows\\System32\\net.exe,C:\\Windows\\System32\\cmd.exe,"net  localgroup \""Users\""","net  localgroup \""Users\""",
2026-08-06T09:59:45.458+0000,1,attack,T1087.001,custom,20260806-095947-attack-r5,100200,100200,10,T1087.001 Local Account Discovery via net.exe,T1087.001,C:\\Windows\\System32\\net.exe,C:\\Windows\\System32\\cmd.exe,net  localgroup,net  localgroup,
2026-08-06T09:59:46.568+0000,1,attack,T1087.001,custom,20260806-095947-attack-r5,92027,92027,4,Powershell process spawned powershell instance,T1059.001,C:\\Windows\\System32\\WindowsPowerShell\\v1.0\\powershell.exe,C:\\Windows\\System32\\WindowsPowerShell\\v1.0\\powershell.exe,"\""powershell.exe\"" &amp; {net user get-localuser get-localgroupmember -group Users cmdkey.exe /list ls C:/Users get-childitem C:\\Users\\ dir C:\\Users\\ get-localgroup net localgroup}","\""powershell.exe\"" &amp; {net user get-localuser get-localgroupmember -group Users cmdkey.exe /list ls C:/Users get-childitem C:\Users\ dir C:\Users\ get-localgroup net localgroup}",
2026-08-06T09:59:46.580+0000,1,attack,T1087.001,custom,20260806-095947-attack-r5,100200,100200,10,T1087.001 Local Account Discovery via net.exe,T1087.001,C:\\Windows\\System32\\net.exe,C:\\Windows\\System32\\WindowsPowerShell\\v1.0\\powershell.exe,"\""C:\\Windows\\system32\\net.exe\"" user","\""net.exe\"" user",
2026-08-06T09:59:46.643+0000,1,attack,T1087.001,custom,20260806-095947-attack-r5,100200,100200,10,T1087.001 Local Account Discovery via net.exe,T1087.001,C:\\Windows\\System32\\net.exe,C:\\Windows\\System32\\WindowsPowerShell\\v1.0\\powershell.exe,"\""C:\\Windows\\system32\\net.exe\"" localgroup","\""net.exe\"" localgroup",
2026-08-06T09:59:47.597+0000,1,attack,T1087.001,custom,20260806-095947-attack-r5,92052,cmd-spawned-by-nonshell-parent,4,Windows command prompt started by an abnormal process,T1059.003,C:\\Windows\\System32\\cmd.exe,C:\\Windows\\System32\\WindowsPowerShell\\v1.0\\powershell.exe,"\""cmd.exe\"" /c query user","\""cmd.exe\"" /c query user",
2026-08-06T09:59:47.598+0000,1,attack,T1087.001,custom,20260806-095947-attack-r5,92032,92032,3,Suspicious Windows cmd shell execution,T1087;T1059.003,C:\\Windows\\System32\\query.exe,C:\\Windows\\System32\\cmd.exe,query  user,query  user,
2026-08-06T10:03:45.614+0000,1,benign,T1087.001,custom,20260806-100344-benign-r1,92004,cmd-spawned-by-nonshell-parent,4,Powershell process spawned Windows command shell instance,T1059.003,C:\\Windows\\System32\\cmd.exe,C:\\Windows\\System32\\WindowsPowerShell\\v1.0\\powershell.exe,"\""C:\\Windows\\system32\\cmd.exe\"" /c net user &amp; net localgroup administrators","\""cmd.exe\"" /c net user &amp; net localgroup administrators",
2026-08-06T10:03:45.645+0000,1,benign,T1087.001,custom,20260806-100344-benign-r1,100200,100200,10,T1087.001 Local Account Discovery via net.exe,T1087.001,C:\\Windows\\System32\\net.exe,C:\\Windows\\System32\\cmd.exe,net  user,net  user,
2026-08-06T10:03:45.678+0000,1,benign,T1087.001,custom,20260806-100344-benign-r1,100200,100200,10,T1087.001 Local Account Discovery via net.exe,T1087.001,C:\\Windows\\System32\\net.exe,C:\\Windows\\System32\\cmd.exe,net  localgroup administrators,net  localgroup administrators,
2026-08-06T10:08:20.104+0000,1,benign,T1087.001,custom,20260806-100656-benign-r3,92004,cmd-spawned-by-nonshell-parent,4,Powershell process spawned Windows command shell instance,T1059.003,C:\\Windows\\System32\\cmd.exe,C:\\Windows\\System32\\WindowsPowerShell\\v1.0\\powershell.exe,"\""C:\\Windows\\system32\\cmd.exe\"" /c net user &amp; net localgroup administrators","\""cmd.exe\"" /c net user &amp; net localgroup administrators",
2026-08-06T10:08:20.123+0000,1,benign,T1087.001,custom,20260806-100656-benign-r3,100200,100200,10,T1087.001 Local Account Discovery via net.exe,T1087.001,C:\\Windows\\System32\\net.exe,C:\\Windows\\System32\\cmd.exe,net  user,net  user,
2026-08-06T10:08:20.164+0000,1,benign,T1087.001,custom,20260806-100656-benign-r3,100200,100200,10,T1087.001 Local Account Discovery via net.exe,T1087.001,C:\\Windows\\System32\\net.exe,C:\\Windows\\System32\\cmd.exe,net  localgroup administrators,net  localgroup administrators,
2026-08-06T10:10:37.202+0000,1,benign,T1087.001,custom,20260806-100957-benign-r4,92004,cmd-spawned-by-nonshell-parent,4,Powershell process spawned Windows command shell instance,T1059.003,C:\\Windows\\System32\\cmd.exe,C:\\Windows\\System32\\WindowsPowerShell\\v1.0\\powershell.exe,"\""C:\\Windows\\system32\\cmd.exe\"" /c net user &amp; net localgroup administrators","\""cmd.exe\"" /c net user &amp; net localgroup administrators",
2026-08-06T10:10:37.240+0000,1,benign,T1087.001,custom,20260806-100957-benign-r4,100200,100200,10,T1087.001 Local Account Discovery via net.exe,T1087.001,C:\\Windows\\System32\\net.exe,C:\\Windows\\System32\\cmd.exe,net  user,net  user,
2026-08-06T10:10:37.298+0000,1,benign,T1087.001,custom,20260806-100957-benign-r4,100200,100200,10,T1087.001 Local Account Discovery via net.exe,T1087.001,C:\\Windows\\System32\\net.exe,C:\\Windows\\System32\\cmd.exe,net  localgroup administrators,net  localgroup administrators,
2026-08-06T10:10:38.327+0000,1,benign,T1087.001,custom,20260806-100957-benign-r4,92004,cmd-spawned-by-nonshell-parent,4,Powershell process spawned Windows command shell instance,T1059.003,C:\\Windows\\System32\\cmd.exe,C:\\Windows\\System32\\WindowsPowerShell\\v1.0\\powershell.exe,"\""C:\\Windows\\system32\\cmd.exe\"" /c net user &amp; net localgroup administrators","\""cmd.exe\"" /c net user &amp; net localgroup administrators",
2026-08-06T10:10:38.329+0000,1,benign,T1087.001,custom,20260806-100957-benign-r4,100200,100200,10,T1087.001 Local Account Discovery via net.exe,T1087.001,C:\\Windows\\System32\\net.exe,C:\\Windows\\System32\\cmd.exe,net  user,net  user,
2026-08-06T10:10:38.443+0000,1,benign,T1087.001,custom,20260806-100957-benign-r4,100200,100200,10,T1087.001 Local Account Discovery via net.exe,T1087.001,C:\\Windows\\System32\\net.exe,C:\\Windows\\System32\\cmd.exe,net  localgroup administrators,net  localgroup administrators,
2026-08-06T10:13:33.406+0000,1,benign,T1087.001,custom,20260806-101141-benign-r5,92004,cmd-spawned-by-nonshell-parent,4,Powershell process spawned Windows command shell instance,T1059.003,C:\\Windows\\System32\\cmd.exe,C:\\Windows\\System32\\WindowsPowerShell\\v1.0\\powershell.exe,"\""C:\\Windows\\system32\\cmd.exe\"" /c net user &amp; net localgroup administrators","\""cmd.exe\"" /c net user &amp; net localgroup administrators",
2026-08-06T10:13:33.424+0000,1,benign,T1087.001,custom,20260806-101141-benign-r5,100200,100200,10,T1087.001 Local Account Discovery via net.exe,T1087.001,C:\\Windows\\System32\\net.exe,C:\\Windows\\System32\\cmd.exe,net  user,net  user,
2026-08-06T10:13:33.456+0000,1,benign,T1087.001,custom,20260806-101141-benign-r5,100200,100200,10,T1087.001 Local Account Discovery via net.exe,T1087.001,C:\\Windows\\System32\\net.exe,C:\\Windows\\System32\\cmd.exe,net  localgroup administrators,net  localgroup administrators,
2026-08-06T10:15:04.766+0000,0,unlabelled,,,,60104,60104,5,Windows audit failure event,,,,,,
